Month,Company,Complaint_count,Untimely_count,Previous_6_month_average,Previous_6_month_std,Complaint_growth_percentage,Complaint_z_score,Untimely_rate
2015-03-01,AMERICAN EXPRESS COMPANY,0,0,,,,,0.0
2015-04-01,AMERICAN EXPRESS COMPANY,1,0,,,,,0.0
2015-05-01,AMERICAN EXPRESS COMPANY,0,0,,,,,0.0
2015-06-01,AMERICAN EXPRESS COMPANY,0,0,0.3333333333333333,0.5773502691896258,-100.0,-0.5773502691896256,0.0
2015-07-01,AMERICAN EXPRESS COMPANY,1,0,0.25,0.5,300.0,1.5,0.0
2015-08-01,AMERICAN EXPRESS COMPANY,1,0,0.4,0.5477225575051662,149.99999999999997,1.0954451150103321,0.0
2015-09-01,AMERICAN EXPRESS COMPANY,0,0,0.5,0.5477225575051662,-100.0,-0.9128709291752768,0.0
2015-10-01,AMERICAN EXPRESS COMPANY,0,0,0.5,0.5477225575051662,-100.0,-0.9128709291752768,0.0
2015-11-01,AMERICAN EXPRESS COMPANY,2,0,0.3333333333333333,0.5163977794943223,500.0000000000001,3.227486121839514,0.0
2015-12-01,AMERICAN EXPRESS COMPANY,2,0,0.6666666666666666,0.816496580927726,200.00000000000006,1.6329931618554523,0.0
2016-01-01,AMERICAN EXPRESS COMPANY,1,0,1.0,0.8944271909999159,0.0,0.0,0.0
2016-02-01,AMERICAN EXPRESS COMPANY,0,0,1.0,0.8944271909999159,-100.0,-1.118033988749895,0.0
2016-03-01,AMERICAN EXPRESS COMPANY,2,0,0.8333333333333334,0.983192080250175,139.99999999999997,1.186611131336418,0.0
2016-04-01,AMERICAN EXPRESS COMPANY,0,0,1.1666666666666667,0.983192080250175,-100.0,-1.1866111313364183,0.0
2016-05-01,AMERICAN EXPRESS COMPANY,0,0,1.1666666666666667,0.983192080250175,-100.0,-1.1866111313364183,0.0
2016-06-01,AMERICAN EXPRESS COMPANY,1,0,0.8333333333333334,0.983192080250175,19.999999999999996,0.16951587590520256,0.0
2016-07-01,AMERICAN EXPRESS COMPANY,2,0,0.6666666666666666,0.816496580927726,200.00000000000006,1.6329931618554523,0.0
2016-08-01,AMERICAN EXPRESS COMPANY,1,0,0.8333333333333334,0.983192080250175,19.999999999999996,0.16951587590520256,0.0
2016-09-01,AMERICAN EXPRESS COMPANY,3,0,1.0,0.8944271909999159,200.0,2.23606797749979,0.0
2016-10-01,AMERICAN EXPRESS COMPANY,0,0,1.1666666666666667,1.1690451944500122,-100.0,-0.9979654098963519,0.0
2016-11-01,AMERICAN EXPRESS COMPANY,1,0,1.1666666666666667,1.1690451944500122,-14.28571428571429,-0.1425664871280503,0.0
2016-12-01,AMERICAN EXPRESS COMPANY,2,0,1.3333333333333333,1.0327955589886444,50.000000000000014,0.6454972243679029,0.0
2017-01-01,AMERICAN EXPRESS COMPANY,1,0,1.5,1.0488088481701514,-33.33333333333333,-0.47673129462279623,0.0
2017-02-01,AMERICAN EXPRESS COMPANY,1,0,1.3333333333333333,1.0327955589886444,-24.999999999999993,-0.32274861218395134,0.0
2017-03-01,AMERICAN EXPRESS COMPANY,2,0,1.3333333333333333,1.0327955589886444,50.000000000000014,0.6454972243679029,0.0
2017-04-01,AMERICAN EXPRESS COMPANY,4,0,1.1666666666666667,0.7527726527090809,242.85714285714283,3.7638632635454052,0.0
2017-05-01,AMERICAN EXPRESS COMPANY,1,0,1.8333333333333333,1.1690451944500122,-45.45454545454545,-0.7128324356402512,0.0
2017-06-01,AMERICAN EXPRESS COMPANY,2,0,1.8333333333333333,1.1690451944500122,9.090909090909095,0.1425664871280503,0.0
2017-07-01,AMERICAN EXPRESS COMPANY,1,0,1.8333333333333333,1.1690451944500122,-45.45454545454545,-0.7128324356402512,0.0
2017-08-01,AMERICAN EXPRESS COMPANY,1,0,1.8333333333333333,1.1690451944500122,-45.45454545454545,-0.7128324356402512,0.0
2017-09-01,AMERICAN EXPRESS COMPANY,0,0,1.8333333333333333,1.1690451944500122,-100.0,-1.5682313584085528,0.0
2017-10-01,AMERICAN EXPRESS COMPANY,2,0,1.5,1.378404875209022,33.33333333333333,0.36273812505500586,0.0
2017-11-01,AMERICAN EXPRESS COMPANY,2,0,1.1666666666666667,0.7527726527090811,71.42857142857142,1.1070186069251189,0.0
2017-12-01,AMERICAN EXPRESS COMPANY,0,0,1.3333333333333333,0.8164965809277261,-100.0,-1.6329931618554518,0.0
2018-01-01,AMERICAN EXPRESS COMPANY,2,0,1.0,0.8944271909999159,100.0,1.118033988749895,0.0
2018-02-01,AMERICAN EXPRESS COMPANY,2,0,1.1666666666666667,0.9831920802501751,71.42857142857142,0.8475793795260128,0.0
2018-03-01,AMERICAN EXPRESS COMPANY,4,0,1.3333333333333333,1.0327955589886446,200.00000000000006,2.581988897471611,0.0
2018-04-01,AMERICAN EXPRESS COMPANY,3,0,2.0,1.264911064067352,50.0,0.7905694150420947,0.0
2018-05-01,AMERICAN EXPRESS COMPANY,2,0,2.1666666666666665,1.329160135825126,-7.692307692307685,-0.12539246564387965,0.0
2018-06-01,AMERICAN EXPRESS COMPANY,1,0,2.1666666666666665,1.329160135825126,-53.84615384615385,-0.8777472595071583,0.0
2018-07-01,AMERICAN EXPRESS COMPANY,3,0,2.3333333333333335,1.0327955589886448,28.571428571428566,0.6454972243679025,0.0
2018-08-01,AMERICAN EXPRESS COMPANY,0,0,2.5,1.048808848170152,-100.0,-2.3836564731139798,0.0
2018-09-01,AMERICAN EXPRESS COMPANY,2,0,2.1666666666666665,1.4719601443879746,-7.692307692307685,-0.11322770341445947,0.0
2018-10-01,AMERICAN EXPRESS COMPANY,1,0,1.8333333333333333,1.1690451944500124,-45.45454545454545,-0.712832435640251,0.0
2018-11-01,AMERICAN EXPRESS COMPANY,2,0,1.5,1.0488088481701519,33.33333333333333,0.476731294622796,0.0
2018-12-01,AMERICAN EXPRESS COMPANY,1,0,1.5,1.0488088481701519,-33.33333333333333,-0.476731294622796,0.0
2019-01-01,AMERICAN EXPRESS COMPANY,2,0,1.5,1.0488088481701519,33.33333333333333,0.476731294622796,0.0
2019-02-01,AMERICAN EXPRESS COMPANY,2,0,1.3333333333333333,0.8164965809277264,50.000000000000014,0.8164965809277258,0.0
2019-03-01,AMERICAN EXPRESS COMPANY,2,0,1.6666666666666667,0.5163977794943229,19.999999999999996,0.6454972243679019,0.0
2019-04-01,AMERICAN EXPRESS COMPANY,1,0,1.6666666666666667,0.5163977794943229,-40.0,-1.2909944487358043,0.0
2019-05-01,AMERICAN EXPRESS COMPANY,2,0,1.6666666666666667,0.5163977794943229,19.999999999999996,0.6454972243679019,0.0
2019-06-01,AMERICAN EXPRESS COMPANY,2,0,1.6666666666666667,0.5163977794943229,19.999999999999996,0.6454972243679019,0.0
2019-07-01,AMERICAN EXPRESS COMPANY,2,0,1.8333333333333333,0.4082482904638638,9.090909090909095,0.4082482904638624,0.0
2019-08-01,AMERICAN EXPRESS COMPANY,1,0,1.8333333333333333,0.4082482904638638,-45.45454545454545,-2.041241452319311,0.0
2019-09-01,AMERICAN EXPRESS COMPANY,2,0,1.6666666666666667,0.5163977794943229,19.999999999999996,0.6454972243679019,0.0
2019-10-01,AMERICAN EXPRESS COMPANY,2,0,1.6666666666666667,0.5163977794943229,19.999999999999996,0.6454972243679019,0.0
2019-11-01,AMERICAN EXPRESS COMPANY,0,0,1.8333333333333333,0.4082482904638638,-100.0,-4.490731195102485,0.0
2019-12-01,AMERICAN EXPRESS COMPANY,1,0,1.5,0.8366600265340759,-33.33333333333333,-0.5976143046671966,0.0
2020-01-01,AMERICAN EXPRESS COMPANY,5,0,1.3333333333333333,0.8164965809277264,275.00000000000006,4.490731195102492,0.0
2020-02-01,AMERICAN EXPRESS COMPANY,2,0,1.8333333333333333,1.7224014243685086,9.090909090909095,0.09676412496452298,0.0
2020-03-01,AMERICAN EXPRESS COMPANY,1,0,2.0,1.6733200530681513,-50.0,-0.5976143046671968,0.0
2020-04-01,AMERICAN EXPRESS COMPANY,1,0,1.8333333333333333,1.7224014243685086,-45.45454545454545,-0.4838206248226146,0.0
2020-05-01,AMERICAN EXPRESS COMPANY,2,0,1.6666666666666667,1.7511900715418265,19.999999999999996,0.19034674690672018,0.0
2020-06-01,AMERICAN EXPRESS COMPANY,2,0,2.0,1.5491933384829673,0.0,0.0,0.0
2020-07-01,AMERICAN EXPRESS COMPANY,2,0,2.1666666666666665,1.4719601443879748,-7.692307692307685,-0.11322770341445945,0.0
2020-08-01,AMERICAN EXPRESS COMPANY,3,0,1.6666666666666667,0.5163977794943225,80.0,2.58198889747161,0.0
2020-09-01,AMERICAN EXPRESS COMPANY,2,0,1.8333333333333333,0.7527726527090814,9.090909090909095,0.2214037213850238,0.0
2020-10-01,AMERICAN EXPRESS COMPANY,0,0,2.0,0.6324555320336767,-100.0,-3.1622776601683755,0.0
2020-11-01,AMERICAN EXPRESS COMPANY,1,0,1.8333333333333333,0.9831920802501755,-45.45454545454545,-0.8475793795260126,0.0
2020-12-01,AMERICAN EXPRESS COMPANY,2,0,1.6666666666666667,1.0327955589886448,19.999999999999996,0.32274861218395123,0.0
2021-01-01,AMERICAN EXPRESS COMPANY,2,0,1.6666666666666667,1.0327955589886448,19.999999999999996,0.32274861218395123,0.0
2021-02-01,AMERICAN EXPRESS COMPANY,2,0,1.6666666666666667,1.0327955589886448,19.999999999999996,0.32274861218395123,0.0
2021-03-01,AMERICAN EXPRESS COMPANY,3,0,1.5,0.8366600265340758,100.0,1.79284291400159,0.0
2021-04-01,AMERICAN EXPRESS COMPANY,2,0,1.6666666666666667,1.0327955589886448,19.999999999999996,0.32274861218395123,0.0
2021-05-01,AMERICAN EXPRESS COMPANY,1,0,2.0,0.6324555320336768,-50.0,-1.5811388300841873,0.0
2021-06-01,AMERICAN EXPRESS COMPANY,4,0,2.0,0.6324555320336767,100.0,3.1622776601683755,0.0
2021-07-01,AMERICAN EXPRESS COMPANY,6,0,2.3333333333333335,1.0327955589886453,157.1428571428571,3.5502347340234626,0.0
2021-08-01,AMERICAN EXPRESS COMPANY,1,0,3.0,1.7888543819998326,-66.66666666666666,-1.1180339887498942,0.0
2021-09-01,AMERICAN EXPRESS COMPANY,1,0,2.8333333333333335,1.9407902170679523,-64.70588235294117,-0.9446324065374982,0.0
2021-10-01,AMERICAN EXPRESS COMPANY,2,0,2.5,2.0736441353327724,-20.0,-0.24112141108520602,0.0
2021-11-01,AMERICAN EXPRESS COMPANY,1,0,2.5,2.0736441353327724,-60.0,-0.723364233255618,0.0
2021-12-01,AMERICAN EXPRESS COMPANY,2,0,2.5,2.0736441353327724,-20.0,-0.24112141108520602,0.0
2022-01-01,AMERICAN EXPRESS COMPANY,2,0,2.1666666666666665,1.9407902170679516,-7.692307692307685,-0.0858756733215907,0.0
2022-02-01,AMERICAN EXPRESS COMPANY,2,0,1.5,0.5477225575051644,33.33333333333333,0.9128709291752797,0.0
2022-03-01,AMERICAN EXPRESS COMPANY,0,0,1.6666666666666667,0.516397779494321,-100.0,-3.2274861218395223,0.0
2022-04-01,AMERICAN EXPRESS COMPANY,3,0,1.5,0.8366600265340745,100.0,1.792842914001593,0.0
2022-05-01,AMERICAN EXPRESS COMPANY,5,0,1.6666666666666667,1.032795558988644,199.99999999999997,3.2274861218395157,0.0
2022-06-01,AMERICAN EXPRESS COMPANY,4,0,2.3333333333333335,1.6329931618554523,71.42857142857142,1.0206207261596574,0.0
2022-07-01,AMERICAN EXPRESS COMPANY,3,0,2.6666666666666665,1.7511900715418267,12.500000000000005,0.1903467469067203,0.0
2022-08-01,AMERICAN EXPRESS COMPANY,0,0,2.8333333333333335,1.722401424368509,-100.0,-1.6449901243968896,0.0
2022-09-01,AMERICAN EXPRESS COMPANY,2,0,2.5,2.0736441353327724,-20.0,-0.24112141108520602,0.0
2022-10-01,AMERICAN EXPRESS COMPANY,1,0,2.8333333333333335,1.722401424368509,-64.70588235294117,-1.0644053746097522,0.0
2022-11-01,AMERICAN EXPRESS COMPANY,2,0,2.5,1.870828693386971,-20.0,-0.26726124191242434,0.0
2022-12-01,AMERICAN EXPRESS COMPANY,1,0,2.0,1.4142135623730951,-50.0,-0.7071067811865475,0.0
2023-01-01,AMERICAN EXPRESS COMPANY,2,0,1.5,1.0488088481701512,33.33333333333333,0.47673129462279634,0.0
2023-02-01,AMERICAN EXPRESS COMPANY,2,0,1.3333333333333333,0.8164965809277254,50.000000000000014,0.8164965809277268,0.0
2023-03-01,AMERICAN EXPRESS COMPANY,7,0,1.6666666666666667,0.5163977794943221,320.0,10.327955589886448,0.0
2023-04-01,AMERICAN EXPRESS COMPANY,2,0,2.5,2.2583179581272437,-20.0,-0.22140372138502376,0.0
2023-05-01,AMERICAN EXPRESS COMPANY,4,0,2.6666666666666665,2.1602468994692874,50.000000000000014,0.6172133998483675,0.0
2023-06-01,AMERICAN EXPRESS COMPANY,1,0,3.0,2.190890230020665,-66.66666666666666,-0.9128709291752766,0.0
2023-07-01,AMERICAN EXPRESS COMPANY,1,0,3.0,2.190890230020665,-66.66666666666666,-0.9128709291752766,0.0
2023-08-01,AMERICAN EXPRESS COMPANY,3,0,2.8333333333333335,2.3166067138525412,5.882352941176465,0.07194430788361919,0.0
2023-09-01,AMERICAN EXPRESS COMPANY,4,0,3.0,2.2803508501982765,33.33333333333333,0.4385290096535145,0.0
2023-10-01,AMERICAN EXPRESS COMPANY,4,0,2.5,1.378404875209023,60.0,1.0882143751650168,0.0
2023-11-01,AMERICAN EXPRESS COMPANY,3,0,2.8333333333333335,1.4719601443879755,5.882352941176465,0.1132277034144594,0.0
2023-12-01,AMERICAN EXPRESS COMPANY,4,0,2.6666666666666665,1.3662601021279475,50.000000000000014,0.9759000729485325,0.0
2024-01-01,AMERICAN EXPRESS COMPANY,8,0,3.1666666666666665,1.1690451944500138,152.63157894736844,4.134428126713452,0.0
2024-02-01,AMERICAN EXPRESS COMPANY,5,0,4.333333333333333,1.8618986725025275,15.384615384615394,0.3580574370197162,0.0
2024-03-01,AMERICAN EXPRESS COMPANY,5,0,4.666666666666667,1.7511900715418287,7.142857142857135,0.19034674690671982,0.0
2024-04-01,AMERICAN EXPRESS COMPANY,5,0,4.833333333333333,1.722401424368511,3.4482758620689715,0.09676412496452297,0.0
2024-05-01,AMERICAN EXPRESS COMPANY,3,0,5.0,1.673320053068154,-40.0,-1.1952286093343916,0.0
2024-06-01,AMERICAN EXPRESS COMPANY,2,0,5.0,1.6733200530681538,-60.0,-1.7928429140015876,0.0
2024-07-01,AMERICAN EXPRESS COMPANY,3,0,4.666666666666667,2.065591117977291,-35.71428571428572,-0.8068715304598779,0.0
2024-08-01,AMERICAN EXPRESS COMPANY,4,0,3.8333333333333335,1.3291601358251268,4.347826086956517,0.12539246564387957,0.0
2024-09-01,AMERICAN EXPRESS COMPANY,3,0,3.6666666666666665,1.2110601416389977,-18.18181818181818,-0.5504818825631798,0.0
2024-10-01,AMERICAN EXPRESS COMPANY,9,0,3.3333333333333335,1.0327955589886446,169.99999999999997,5.486726407127173,0.0
2024-11-01,AMERICAN EXPRESS COMPANY,2,0,4.0,2.5298221281347044,-50.0,-0.7905694150420945,0.0
2024-12-01,AMERICAN EXPRESS COMPANY,8,0,3.8333333333333335,2.6394443859772214,108.69565217391302,1.5786150633835043,0.0
2025-01-01,AMERICAN EXPRESS COMPANY,11,0,4.833333333333333,2.9268868558020267,127.58620689655173,2.106902989585115,0.0
2025-02-01,AMERICAN EXPRESS COMPANY,5,0,6.166666666666667,3.656045222185672,-18.918918918918923,-0.3191061914625896,0.0
2025-03-01,AMERICAN EXPRESS COMPANY,7,0,6.333333333333333,3.5590260840104393,10.526315789473689,0.18731716231633877,0.0
2025-04-01,AMERICAN EXPRESS COMPANY,3,0,7.0,3.1622776601683826,-57.14285714285714,-1.2649110640673504,0.0
2025-05-01,AMERICAN EXPRESS COMPANY,5,0,6.0,3.346640106136304,-16.666666666666664,-0.2988071523335982,0.0
2025-06-01,AMERICAN EXPRESS COMPANY,6,0,6.5,2.8106938645110424,-7.6923076923076925,-0.1778920167412048,0.0
2025-07-01,AMERICAN EXPRESS COMPANY,3,0,6.166666666666667,2.7141603981096405,-51.35135135135135,-1.1667205331240513,0.0
2025-08-01,AMERICAN EXPRESS COMPANY,4,0,4.833333333333333,1.6020819787597245,-17.241379310344822,-0.5201564866102985,0.0
2025-09-01,AMERICAN EXPRESS COMPANY,4,0,4.666666666666667,1.632993161855454,-14.28571428571429,-0.4082482904638627,0.0
2025-10-01,AMERICAN EXPRESS COMPANY,5,0,4.166666666666667,1.1690451944500138,19.999999999999993,0.71283243564025,0.0
2025-11-01,AMERICAN EXPRESS COMPANY,2,0,4.5,1.0488088481701543,-55.55555555555556,-2.3836564731139744,0.0
2025-12-01,AMERICAN EXPRESS COMPANY,2,0,4.0,1.414213562373096,-50.0,-1.414213562373094,0.0
2026-01-01,AMERICAN EXPRESS COMPANY,2,0,3.3333333333333335,1.2110601416389961,-40.0,-1.1009637651263613,0.0
2026-02-01,AMERICAN EXPRESS COMPANY,0,0,3.1666666666666665,1.3291601358251248,-100.0,-2.3824568472337173,0.0
2026-03-01,AMERICAN EXPRESS COMPANY,2,0,2.5,1.760681686165899,-20.0,-0.28398091712353274,0.0
2026-04-01,AMERICAN EXPRESS COMPANY,1,0,2.1666666666666665,1.602081978759719,-53.84615384615385,-0.7282190812544205,0.0
2026-05-01,AMERICAN EXPRESS COMPANY,0,0,1.5,0.8366600265340665,-100.0,-1.79284291400161,0.0
2026-06-01,AMERICAN EXPRESS COMPANY,0,0,1.1666666666666667,0.983192080250166,-100.0,-1.1866111313364291,0.0
2015-03-01,"BANK OF AMERICA, NATIONAL ASSOCIATION",1,0,,,,,0.0
2015-04-01,"BANK OF AMERICA, NATIONAL ASSOCIATION",5,0,,,,,0.0
2015-05-01,"BANK OF AMERICA, NATIONAL ASSOCIATION",5,0,,,,,0.0
2015-06-01,"BANK OF AMERICA, NATIONAL ASSOCIATION",5,0,3.6666666666666665,2.3094010767585034,36.36363636363637,0.5773502691896257,0.0
2015-07-01,"BANK OF AMERICA, NATIONAL ASSOCIATION",5,0,4.0,2.0,25.0,0.5,0.0
2015-08-01,"BANK OF AMERICA, NATIONAL ASSOCIATION",2,0,4.2,1.7888543819998317,-52.38095238095239,-1.2298373876248845,0.0
2015-09-01,"BANK OF AMERICA, NATIONAL ASSOCIATION",2,0,3.8333333333333335,1.8348478592697182,-47.82608695652174,-0.9991745768300444,0.0
2015-10-01,"BANK OF AMERICA, NATIONAL ASSOCIATION",4,0,4.0,1.5491933384829668,0.0,0.0,0.0
2015-11-01,"BANK OF AMERICA, NATIONAL ASSOCIATION",0,0,3.8333333333333335,1.4719601443879746,-100.0,-2.60423717853257,0.0
2015-12-01,"BANK OF AMERICA, NATIONAL ASSOCIATION",3,0,3.0,1.9999999999999998,0.0,0.0,0.0
2016-01-01,"BANK OF AMERICA, NATIONAL ASSOCIATION",1,0,2.6666666666666665,1.751190071541826,-62.5,-0.9517337345336013,0.0
2016-02-01,"BANK OF AMERICA, NATIONAL ASSOCIATION",3,0,2.0,1.4142135623730945,50.0,0.7071067811865478,0.0
2016-03-01,"BANK OF AMERICA, NATIONAL ASSOCIATION",2,0,2.1666666666666665,1.471960144387974,-7.692307692307685,-0.11322770341445952,0.0
2016-04-01,"BANK OF AMERICA, NATIONAL ASSOCIATION",3,0,2.1666666666666665,1.471960144387974,38.46153846153847,0.5661385170722982,0.0
2016-05-01,"BANK OF AMERICA, NATIONAL ASSOCIATION",2,0,2.0,1.264911064067351,0.0,0.0,0.0
2016-06-01,"BANK OF AMERICA, NATIONAL ASSOCIATION",2,0,2.3333333333333335,0.8164965809277253,-14.28571428571429,-0.4082482904638636,0.0
2016-07-01,"BANK OF AMERICA, NATIONAL ASSOCIATION",1,0,2.1666666666666665,0.7527726527090801,-53.84615384615385,-1.5498260496951684,0.0
2016-08-01,"BANK OF AMERICA, NATIONAL ASSOCIATION",5,0,2.1666666666666665,0.7527726527090801,130.7692307692308,3.7638632635454097,0.0
2016-09-01,"BANK OF AMERICA, NATIONAL ASSOCIATION",4,0,2.5,1.3784048752090217,60.0,1.088214375165018,0.0
2016-10-01,"BANK OF AMERICA, NATIONAL ASSOCIATION",2,0,2.8333333333333335,1.471960144387974,-29.411764705882355,-0.5661385170722982,0.0
2016-11-01,"BANK OF AMERICA, NATIONAL ASSOCIATION",3,0,2.6666666666666665,1.5055453054181613,12.500000000000005,0.221403721385024,0.0
2016-12-01,"BANK OF AMERICA, NATIONAL ASSOCIATION",4,0,2.8333333333333335,1.471960144387974,41.17647058823529,0.7925939239012172,0.0
2017-01-01,"BANK OF AMERICA, NATIONAL ASSOCIATION",7,0,3.1666666666666665,1.471960144387974,121.05263157894738,2.6042371785325713,0.0
2017-02-01,"BANK OF AMERICA, NATIONAL ASSOCIATION",3,0,4.166666666666667,1.7224014243685082,-28.000000000000004,-0.6773488747516608,0.0
2017-03-01,"BANK OF AMERICA, NATIONAL ASSOCIATION",1,0,3.8333333333333335,1.7224014243685082,-73.91304347826087,-1.6449901243968903,0.0
2017-04-01,"BANK OF AMERICA, NATIONAL ASSOCIATION",4,0,3.3333333333333335,2.0655911179772883,19.999999999999996,0.32274861218395146,0.0
2017-05-01,"BANK OF AMERICA, NATIONAL ASSOCIATION",2,0,3.6666666666666665,1.9663841605003496,-45.45454545454545,-0.8475793795260131,0.0
2017-06-01,"BANK OF AMERICA, NATIONAL ASSOCIATION",2,0,3.5,2.0736441353327715,-42.857142857142854,-0.7233642332556184,0.0
2017-07-01,"BANK OF AMERICA, NATIONAL ASSOCIATION",3,0,3.1666666666666665,2.1369760566432805,-5.263157894736838,-0.07799182688479121,0.0
2017-08-01,"BANK OF AMERICA, NATIONAL ASSOCIATION",5,0,2.5,1.0488088481701503,100.0,2.3836564731139838,0.0
2017-09-01,"BANK OF AMERICA, NATIONAL ASSOCIATION",4,0,2.8333333333333335,1.4719601443879737,41.17647058823529,0.7925939239012173,0.0
2017-10-01,"BANK OF AMERICA, NATIONAL ASSOCIATION",5,0,3.3333333333333335,1.211060141638996,49.99999999999999,1.3762047064079515,0.0
2017-11-01,"BANK OF AMERICA, NATIONAL ASSOCIATION",5,0,3.5,1.3784048752090214,42.857142857142854,1.0882143751650182,0.0
2017-12-01,"BANK OF AMERICA, NATIONAL ASSOCIATION",2,0,4.0,1.2649110640673509,-50.0,-1.5811388300841906,0.0
2018-01-01,"BANK OF AMERICA, NATIONAL ASSOCIATION",1,0,4.0,1.2649110640673509,-75.0,-2.3717082451262863,0.0
2018-02-01,"BANK OF AMERICA, NATIONAL ASSOCIATION",2,0,3.6666666666666665,1.7511900715418258,-45.45454545454545,-0.9517337345336014,0.0
2018-03-01,"BANK OF AMERICA, NATIONAL ASSOCIATION",4,0,3.1666666666666665,1.7224014243685082,26.315789473684216,0.4838206248226149,0.0
2018-04-01,"BANK OF AMERICA, NATIONAL ASSOCIATION",5,0,3.1666666666666665,1.7224014243685082,57.89473684210527,1.0644053746097526,0.0
2018-05-01,"BANK OF AMERICA, NATIONAL ASSOCIATION",3,0,3.1666666666666665,1.722401424368508,-5.263157894736838,-0.09676412496452289,0.0
2018-06-01,"BANK OF AMERICA, NATIONAL ASSOCIATION",3,0,2.8333333333333335,1.471960144387974,5.882352941176465,0.11322770341445952,0.0
2018-07-01,"BANK OF AMERICA, NATIONAL ASSOCIATION",1,0,3.0,1.4142135623730945,-66.66666666666666,-1.4142135623730956,0.0
2018-08-01,"BANK OF AMERICA, NATIONAL ASSOCIATION",3,0,3.0,1.4142135623730945,0.0,0.0,0.0
2018-09-01,"BANK OF AMERICA, NATIONAL ASSOCIATION",3,0,3.1666666666666665,1.3291601358251253,-5.263157894736838,-0.1253924656438797,0.0
2018-10-01,"BANK OF AMERICA, NATIONAL ASSOCIATION",8,0,3.0,1.2649110640673513,166.66666666666669,3.9528470752104754,0.0
2018-11-01,"BANK OF AMERICA, NATIONAL ASSOCIATION",1,0,3.5,2.3452078799117144,-71.42857142857143,-1.0660035817780524,0.0
2018-12-01,"BANK OF AMERICA, NATIONAL ASSOCIATION",3,0,3.1666666666666665,2.5625508125043424,-5.263157894736838,-0.06503936072346042,0.0
2019-01-01,"BANK OF AMERICA, NATIONAL ASSOCIATION",1,0,3.1666666666666665,2.5625508125043424,-68.42105263157895,-0.8455116894049862,0.0
2019-02-01,"BANK OF AMERICA, NATIONAL ASSOCIATION",5,0,3.1666666666666665,2.5625508125043424,57.89473684210527,0.7154329679580653,0.0
2019-03-01,"BANK OF AMERICA, NATIONAL ASSOCIATION",0,0,3.5,2.6645825188948455,-100.0,-1.3135265938214027,0.0
2019-04-01,"BANK OF AMERICA, NATIONAL ASSOCIATION",5,0,3.0,3.03315017762062,66.66666666666666,0.6593804733957871,0.0
2019-05-01,"BANK OF AMERICA, NATIONAL ASSOCIATION",1,0,2.5,2.16794833886788,-60.0,-0.6918984060216639,0.0
2019-06-01,"BANK OF AMERICA, NATIONAL ASSOCIATION",2,0,2.5,2.16794833886788,-20.0,-0.23063280200722128,0.0
2019-07-01,"BANK OF AMERICA, NATIONAL ASSOCIATION",1,0,2.3333333333333335,2.1602468994692865,-57.14285714285715,-0.6172133998483678,0.0
2019-08-01,"BANK OF AMERICA, NATIONAL ASSOCIATION",3,0,2.3333333333333335,2.1602468994692865,28.571428571428566,0.30860669992418377,0.0
2019-09-01,"BANK OF AMERICA, NATIONAL ASSOCIATION",6,0,2.0,1.7888543819998317,200.0,2.23606797749979,0.0
2019-10-01,"BANK OF AMERICA, NATIONAL ASSOCIATION",4,0,3.0,2.0976176963403033,33.33333333333333,0.4767312946227961,0.0
2019-11-01,"BANK OF AMERICA, NATIONAL ASSOCIATION",1,0,2.8333333333333335,1.9407902170679516,-64.70588235294117,-0.9446324065374986,0.0
2019-12-01,"BANK OF AMERICA, NATIONAL ASSOCIATION",3,0,2.8333333333333335,1.9407902170679516,5.882352941176465,0.0858756733215907,0.0
2020-01-01,"BANK OF AMERICA, NATIONAL ASSOCIATION",4,0,3.0,1.8973665961010275,33.33333333333333,0.5270462766947299,0.0
2020-02-01,"BANK OF AMERICA, NATIONAL ASSOCIATION",3,0,3.5,1.6431676725154984,-14.285714285714285,-0.30429030972509225,0.0
2020-03-01,"BANK OF AMERICA, NATIONAL ASSOCIATION",3,0,3.5,1.6431676725154984,-14.285714285714285,-0.30429030972509225,0.0
2020-04-01,"BANK OF AMERICA, NATIONAL ASSOCIATION",5,0,3.0,1.0954451150103324,66.66666666666666,1.8257418583505536,0.0
2020-05-01,"BANK OF AMERICA, NATIONAL ASSOCIATION",4,0,3.1666666666666665,1.329160135825126,26.315789473684216,0.6269623282193989,0.0
2020-06-01,"BANK OF AMERICA, NATIONAL ASSOCIATION",5,0,3.6666666666666665,0.8164965809277268,36.36363636363637,1.6329931618554507,0.0
2020-07-01,"BANK OF AMERICA, NATIONAL ASSOCIATION",4,0,4.0,0.8944271909999167,0.0,0.0,0.0
2020-08-01,"BANK OF AMERICA, NATIONAL ASSOCIATION",5,0,4.0,0.8944271909999167,25.0,1.1180339887498938,0.0
2020-09-01,"BANK OF AMERICA, NATIONAL ASSOCIATION",5,0,4.333333333333333,0.8164965809277273,15.384615384615394,0.8164965809277251,0.0
2020-10-01,"BANK OF AMERICA, NATIONAL ASSOCIATION",4,0,4.666666666666667,0.5163977794943244,-14.28571428571429,-1.2909944487358007,0.0
2020-11-01,"BANK OF AMERICA, NATIONAL ASSOCIATION",3,0,4.5,0.5477225575051681,-33.33333333333333,-2.738612787525821,0.0
2020-12-01,"BANK OF AMERICA, NATIONAL ASSOCIATION",4,0,4.333333333333333,0.8164965809277273,-7.692307692307685,-0.408248290463862,0.0
2021-01-01,"BANK OF AMERICA, NATIONAL ASSOCIATION",3,0,4.166666666666667,0.7527726527090821,-28.000000000000004,-1.5498260496951648,0.0
2021-02-01,"BANK OF AMERICA, NATIONAL ASSOCIATION",5,0,4.0,0.8944271909999167,25.0,1.1180339887498938,0.0
2021-03-01,"BANK OF AMERICA, NATIONAL ASSOCIATION",2,0,4.0,0.8944271909999167,-50.0,-2.2360679774997876,0.0
2021-04-01,"BANK OF AMERICA, NATIONAL ASSOCIATION",4,0,3.5,1.048808848170152,14.285714285714285,0.4767312946227959,0.0
2021-05-01,"BANK OF AMERICA, NATIONAL ASSOCIATION",5,0,3.5,1.048808848170152,42.857142857142854,1.4301938838683879,0.0
2021-06-01,"BANK OF AMERICA, NATIONAL ASSOCIATION",2,0,3.8333333333333335,1.1690451944500126,-47.82608695652174,-1.5682313584085523,0.0
2021-07-01,"BANK OF AMERICA, NATIONAL ASSOCIATION",5,2,3.5,1.3784048752090226,42.857142857142854,1.0882143751650173,40.0
2021-08-01,"BANK OF AMERICA, NATIONAL ASSOCIATION",4,0,3.8333333333333335,1.4719601443879746,4.347826086956517,0.11322770341445947,0.0
2021-09-01,"BANK OF AMERICA, NATIONAL ASSOCIATION",2,0,3.6666666666666665,1.3662601021279468,-45.45454545454545,-1.219875091185666,0.0
2021-10-01,"BANK OF AMERICA, NATIONAL ASSOCIATION",9,2,3.6666666666666665,1.3662601021279466,145.45454545454547,3.903600291794133,22.22222222222222
2021-11-01,"BANK OF AMERICA, NATIONAL ASSOCIATION",3,0,4.5,2.588435821108957,-33.33333333333333,-0.5795005569646918,0.0
2021-12-01,"BANK OF AMERICA, NATIONAL ASSOCIATION",7,0,4.166666666666667,2.6394443859772205,67.99999999999999,1.0734582431007833,0.0
2022-01-01,"BANK OF AMERICA, NATIONAL ASSOCIATION",8,0,5.0,2.6076809620810595,60.0,1.1504474832710556,0.0
2022-02-01,"BANK OF AMERICA, NATIONAL ASSOCIATION",5,1,5.5,2.8809720581775866,-9.090909090909092,-0.17355253362515582,20.0
2022-03-01,"BANK OF AMERICA, NATIONAL ASSOCIATION",4,0,5.666666666666667,2.804757862395017,-29.411764705882355,-0.5942283606769105,0.0
2022-04-01,"BANK OF AMERICA, NATIONAL ASSOCIATION",13,1,6.0,2.3664319132398464,116.66666666666667,2.958039891549808,7.6923076923076925
2022-05-01,"BANK OF AMERICA, NATIONAL ASSOCIATION",5,0,6.666666666666667,3.6147844564602556,-25.000000000000007,-0.46106944597707356,0.0
2022-06-01,"BANK OF AMERICA, NATIONAL ASSOCIATION",1,0,7.0,3.2863353450309964,-85.71428571428571,-1.8257418583505538,0.0
2022-07-01,"BANK OF AMERICA, NATIONAL ASSOCIATION",4,0,6.0,4.098780306383839,-33.33333333333333,-0.48795003647426666,0.0
2022-08-01,"BANK OF AMERICA, NATIONAL ASSOCIATION",9,0,5.333333333333333,4.033195589934445,68.75000000000001,0.9091219567475189,0.0
2022-09-01,"BANK OF AMERICA, NATIONAL ASSOCIATION",11,0,6.0,4.289522117905443,83.33333333333334,1.1656310103003924,0.0
2022-10-01,"BANK OF AMERICA, NATIONAL ASSOCIATION",8,2,7.166666666666667,4.578937285731992,11.627906976744182,0.18199273790667694,25.0
2022-11-01,"BANK OF AMERICA, NATIONAL ASSOCIATION",9,1,6.333333333333333,3.669695718539435,42.10526315789475,0.7266724195127598,11.11111111111111
2022-12-01,"BANK OF AMERICA, NATIONAL ASSOCIATION",5,1,7.0,3.741657386773941,-28.57142857142857,-0.5345224838248488,20.0
2023-01-01,"BANK OF AMERICA, NATIONAL ASSOCIATION",7,0,7.666666666666667,2.6583202716502505,-8.695652173913047,-0.25078493128775975,0.0
2023-02-01,"BANK OF AMERICA, NATIONAL ASSOCIATION",4,0,8.166666666666666,2.041241452319314,-51.02040816326531,-2.041241452319316,0.0
2023-03-01,"BANK OF AMERICA, NATIONAL ASSOCIATION",15,0,7.333333333333333,2.58198889747161,104.54545454545456,2.9692872320923547,0.0
2023-04-01,"BANK OF AMERICA, NATIONAL ASSOCIATION",6,0,8.0,3.8987177379235853,-25.0,-0.5129891760425771,0.0
2023-05-01,"BANK OF AMERICA, NATIONAL ASSOCIATION",4,0,7.666666666666667,3.983298465677241,-47.82608695652174,-0.9205101496312955,0.0
2023-06-01,"BANK OF AMERICA, NATIONAL ASSOCIATION",6,0,6.833333333333333,4.167333280008531,-12.195121951219507,-0.19996800767795253,0.0
2023-07-01,"BANK OF AMERICA, NATIONAL ASSOCIATION",16,0,7.0,4.098780306383839,128.57142857142858,2.1957751641342,0.0
2023-08-01,"BANK OF AMERICA, NATIONAL ASSOCIATION",9,0,8.5,5.504543577809153,5.88235294117647,0.09083405243909495,0.0
2023-09-01,"BANK OF AMERICA, NATIONAL ASSOCIATION",9,0,9.333333333333334,5.046450898073483,-3.5714285714285774,-0.06605302222609283,0.0
2023-10-01,"BANK OF AMERICA, NATIONAL ASSOCIATION",7,0,8.333333333333334,4.226897995772629,-16.000000000000007,-0.315440148938256,0.0
2023-11-01,"BANK OF AMERICA, NATIONAL ASSOCIATION",6,0,8.5,4.135214625627066,-29.411764705882355,-0.6045635417583431,0.0
2023-12-01,"BANK OF AMERICA, NATIONAL ASSOCIATION",4,0,8.833333333333334,3.763863263545405,-54.71698113207547,-1.2841415840331385,0.0
2024-01-01,"BANK OF AMERICA, NATIONAL ASSOCIATION",9,0,8.5,4.135214625627066,5.88235294117647,0.12091270835166862,0.0
2024-02-01,"BANK OF AMERICA, NATIONAL ASSOCIATION",11,0,7.333333333333333,2.0655911179772883,50.000000000000014,1.7751173670117335,0.0
2024-03-01,"BANK OF AMERICA, NATIONAL ASSOCIATION",8,0,7.666666666666667,2.5033311140691445,4.347826086956517,0.13315591032282678,0.0
2024-04-01,"BANK OF AMERICA, NATIONAL ASSOCIATION",2,0,7.5,2.4289915602982233,-73.33333333333333,-2.264314166379701,0.0
2024-05-01,"BANK OF AMERICA, NATIONAL ASSOCIATION",13,0,6.666666666666667,3.3266599866332394,95.0,1.9038114381334807,0.0
2024-06-01,"BANK OF AMERICA, NATIONAL ASSOCIATION",6,0,7.833333333333333,4.167333280008532,-23.404255319148934,-0.43992961689149557,0.0
2024-07-01,"BANK OF AMERICA, NATIONAL ASSOCIATION",11,0,8.166666666666666,3.868677637987775,34.69387755102042,0.7323777265678416,0.0
2024-08-01,"BANK OF AMERICA, NATIONAL ASSOCIATION",7,1,8.5,4.037325847637271,-17.647058823529413,-0.37153305346355237,14.285714285714285
2024-09-01,"BANK OF AMERICA, NATIONAL ASSOCIATION",5,0,7.833333333333333,3.8686776379877745,-36.170212765957444,-0.7323777265678415,0.0
2024-10-01,"BANK OF AMERICA, NATIONAL ASSOCIATION",7,0,7.333333333333333,4.033195589934446,-4.545454545454541,-0.08264745061341071,0.0
2024-11-01,"BANK OF AMERICA, NATIONAL ASSOCIATION",7,0,8.166666666666666,3.1251666622224596,-14.28571428571428,-0.3733134238149693,0.0
2024-12-01,"BANK OF AMERICA, NATIONAL ASSOCIATION",3,0,7.166666666666667,2.041241452319315,-58.139534883720934,-2.041241452319315,0.0
2025-01-01,"BANK OF AMERICA, NATIONAL ASSOCIATION",10,0,6.666666666666667,2.6583202716502514,49.99999999999999,1.2539246564387978,0.0
2025-02-01,"BANK OF AMERICA, NATIONAL ASSOCIATION",9,0,6.5,2.3452078799117144,38.46153846153847,1.0660035817780524,0.0
2025-03-01,"BANK OF AMERICA, NATIONAL ASSOCIATION",7,0,6.833333333333333,2.5625508125043424,2.439024390243907,0.0650393607234606,0.0
2025-04-01,"BANK OF AMERICA, NATIONAL ASSOCIATION",10,0,7.166666666666667,2.401388487243717,39.534883720930225,1.1798729561602075,0.0
2025-05-01,"BANK OF AMERICA, NATIONAL ASSOCIATION",5,0,7.666666666666667,2.658320271650252,-34.78260869565218,-1.0031397251510383,0.0
2025-06-01,"BANK OF AMERICA, NATIONAL ASSOCIATION",8,0,7.333333333333333,2.8751811537130436,9.090909090909095,0.2318694478800842,0.0
2025-07-01,"BANK OF AMERICA, NATIONAL ASSOCIATION",14,0,8.166666666666666,1.940790217067952,71.42857142857144,3.005648566255677,0.0
2025-08-01,"BANK OF AMERICA, NATIONAL ASSOCIATION",3,0,8.833333333333334,3.0605010483034754,-66.03773584905662,-1.9060059909363272,0.0
2025-09-01,"BANK OF AMERICA, NATIONAL ASSOCIATION",9,0,7.833333333333333,3.868677637987775,14.8936170212766,0.3015672991749936,0.0
2025-10-01,"BANK OF AMERICA, NATIONAL ASSOCIATION",8,0,8.166666666666666,3.8686776379877754,-2.040816326530605,-0.04308104273928463,0.0
2025-11-01,"BANK OF AMERICA, NATIONAL ASSOCIATION",8,0,7.833333333333333,3.7638632635454052,2.127659574468089,0.04428074427700484,0.0
2025-12-01,"BANK OF AMERICA, NATIONAL ASSOCIATION",8,0,8.333333333333334,3.5023801430836534,-4.000000000000007,-0.09517337345336027,0.0
2026-01-01,"BANK OF AMERICA, NATIONAL ASSOCIATION",9,0,8.333333333333334,3.5023801430836534,7.999999999999992,0.19034674690672004,0.0
2026-02-01,"BANK OF AMERICA, NATIONAL ASSOCIATION",0,0,7.5,2.258317958127243,-100.0,-3.3210558207753578,0.0
2026-03-01,"BANK OF AMERICA, NATIONAL ASSOCIATION",5,0,7.0,3.464101615137754,-28.57142857142857,-0.5773502691896258,0.0
2026-04-01,"BANK OF AMERICA, NATIONAL ASSOCIATION",1,0,6.333333333333333,3.386246693120077,-84.21052631578947,-1.574998461916316,0.0
2026-05-01,"BANK OF AMERICA, NATIONAL ASSOCIATION",0,0,5.166666666666667,3.8686776379877723,-100.0,-1.3355123249178296,0.0
2026-06-01,"BANK OF AMERICA, NATIONAL ASSOCIATION",0,0,3.8333333333333335,4.070217029430573,-100.0,-0.9418007210956071,0.0
2015-03-01,"Block, Inc.",0,0,,,,,0.0
2015-04-01,"Block, Inc.",0,0,,,,,0.0
2015-05-01,"Block, Inc.",0,0,,,,,0.0
2015-06-01,"Block, Inc.",0,0,0.0,0.0,,,0.0
2015-07-01,"Block, Inc.",0,0,0.0,0.0,,,0.0
2015-08-01,"Block, Inc.",0,0,0.0,0.0,,,0.0
2015-09-01,"Block, Inc.",0,0,0.0,0.0,,,0.0
2015-10-01,"Block, Inc.",0,0,0.0,0.0,,,0.0
2015-11-01,"Block, Inc.",0,0,0.0,0.0,,,0.0
2015-12-01,"Block, Inc.",0,0,0.0,0.0,,,0.0
2016-01-01,"Block, Inc.",0,0,0.0,0.0,,,0.0
2016-02-01,"Block, Inc.",0,0,0.0,0.0,,,0.0
2016-03-01,"Block, Inc.",0,0,0.0,0.0,,,0.0
2016-04-01,"Block, Inc.",0,0,0.0,0.0,,,0.0
2016-05-01,"Block, Inc.",0,0,0.0,0.0,,,0.0
2016-06-01,"Block, Inc.",0,0,0.0,0.0,,,0.0
2016-07-01,"Block, Inc.",0,0,0.0,0.0,,,0.0
2016-08-01,"Block, Inc.",0,0,0.0,0.0,,,0.0
2016-09-01,"Block, Inc.",0,0,0.0,0.0,,,0.0
2016-10-01,"Block, Inc.",0,0,0.0,0.0,,,0.0
2016-11-01,"Block, Inc.",0,0,0.0,0.0,,,0.0
2016-12-01,"Block, Inc.",0,0,0.0,0.0,,,0.0
2017-01-01,"Block, Inc.",0,0,0.0,0.0,,,0.0
2017-02-01,"Block, Inc.",0,0,0.0,0.0,,,0.0
2017-03-01,"Block, Inc.",0,0,0.0,0.0,,,0.0
2017-04-01,"Block, Inc.",0,0,0.0,0.0,,,0.0
2017-05-01,"Block, Inc.",0,0,0.0,0.0,,,0.0
2017-06-01,"Block, Inc.",0,0,0.0,0.0,,,0.0
2017-07-01,"Block, Inc.",0,0,0.0,0.0,,,0.0
2017-08-01,"Block, Inc.",0,0,0.0,0.0,,,0.0
2017-09-01,"Block, Inc.",0,0,0.0,0.0,,,0.0
2017-10-01,"Block, Inc.",0,0,0.0,0.0,,,0.0
2017-11-01,"Block, Inc.",0,0,0.0,0.0,,,0.0
2017-12-01,"Block, Inc.",0,0,0.0,0.0,,,0.0
2018-01-01,"Block, Inc.",0,0,0.0,0.0,,,0.0
2018-02-01,"Block, Inc.",0,0,0.0,0.0,,,0.0
2018-03-01,"Block, Inc.",0,0,0.0,0.0,,,0.0
2018-04-01,"Block, Inc.",0,0,0.0,0.0,,,0.0
2018-05-01,"Block, Inc.",0,0,0.0,0.0,,,0.0
2018-06-01,"Block, Inc.",0,0,0.0,0.0,,,0.0
2018-07-01,"Block, Inc.",0,0,0.0,0.0,,,0.0
2018-08-01,"Block, Inc.",0,0,0.0,0.0,,,0.0
2018-09-01,"Block, Inc.",0,0,0.0,0.0,,,0.0
2018-10-01,"Block, Inc.",0,0,0.0,0.0,,,0.0
2018-11-01,"Block, Inc.",0,0,0.0,0.0,,,0.0
2018-12-01,"Block, Inc.",0,0,0.0,0.0,,,0.0
2019-01-01,"Block, Inc.",0,0,0.0,0.0,,,0.0
2019-02-01,"Block, Inc.",1,1,0.0,0.0,,,100.0
2019-03-01,"Block, Inc.",0,0,0.16666666666666666,0.408248290463863,-100.0,-0.408248290463863,0.0
2019-04-01,"Block, Inc.",1,0,0.16666666666666666,0.408248290463863,500.0000000000001,2.041241452319315,0.0
2019-05-01,"Block, Inc.",0,0,0.3333333333333333,0.5163977794943223,-100.0,-0.6454972243679027,0.0
2019-06-01,"Block, Inc.",0,0,0.3333333333333333,0.5163977794943223,-100.0,-0.6454972243679027,0.0
2019-07-01,"Block, Inc.",0,0,0.3333333333333333,0.5163977794943223,-100.0,-0.6454972243679027,0.0
2019-08-01,"Block, Inc.",0,0,0.3333333333333333,0.5163977794943223,-100.0,-0.6454972243679027,0.0
2019-09-01,"Block, Inc.",0,0,0.16666666666666666,0.408248290463863,-100.0,-0.408248290463863,0.0
2019-10-01,"Block, Inc.",0,0,0.16666666666666666,0.408248290463863,-100.0,-0.408248290463863,0.0
2019-11-01,"Block, Inc.",0,0,0.0,0.0,,,0.0
2019-12-01,"Block, Inc.",0,0,0.0,0.0,,,0.0
2020-01-01,"Block, Inc.",0,0,0.0,0.0,,,0.0
2020-02-01,"Block, Inc.",0,0,0.0,0.0,,,0.0
2020-03-01,"Block, Inc.",0,0,0.0,0.0,,,0.0
2020-04-01,"Block, Inc.",0,0,0.0,0.0,,,0.0
2020-05-01,"Block, Inc.",2,0,0.0,0.0,,,0.0
2020-06-01,"Block, Inc.",2,0,0.3333333333333333,0.816496580927726,500.0000000000001,2.041241452319315,0.0
2020-07-01,"Block, Inc.",1,0,0.6666666666666666,1.0327955589886446,50.000000000000014,0.3227486121839514,0.0
2020-08-01,"Block, Inc.",1,0,0.8333333333333334,0.9831920802501751,19.999999999999996,0.16951587590520253,0.0
2020-09-01,"Block, Inc.",1,0,1.0,0.894427190999916,0.0,0.0,0.0
2020-10-01,"Block, Inc.",0,0,1.1666666666666667,0.7527726527090811,-100.0,-1.5498260496951666,0.0
2020-11-01,"Block, Inc.",1,0,1.1666666666666667,0.7527726527090811,-14.28571428571429,-0.22140372138502387,0.0
2020-12-01,"Block, Inc.",1,0,1.0,0.632455532033676,0.0,0.0,0.0
2021-01-01,"Block, Inc.",0,0,0.8333333333333334,0.4082482904638632,-100.0,-2.0412414523193143,0.0
2021-02-01,"Block, Inc.",1,0,0.6666666666666666,0.5163977794943222,50.000000000000014,0.6454972243679029,0.0
2021-03-01,"Block, Inc.",0,0,0.6666666666666666,0.5163977794943223,-100.0,-1.2909944487358054,0.0
2021-04-01,"Block, Inc.",2,0,0.5,0.547722557505166,300.0,2.7386127875258315,0.0
2021-05-01,"Block, Inc.",1,0,0.8333333333333334,0.7527726527090811,19.999999999999996,0.22140372138502373,0.0
2021-06-01,"Block, Inc.",0,0,0.8333333333333334,0.7527726527090811,-100.0,-1.1070186069251189,0.0
2021-07-01,"Block, Inc.",0,0,0.6666666666666666,0.816496580927726,-100.0,-0.816496580927726,0.0
2021-08-01,"Block, Inc.",0,0,0.6666666666666666,0.816496580927726,-100.0,-0.816496580927726,0.0
2021-09-01,"Block, Inc.",0,0,0.5,0.8366600265340753,-100.0,-0.597614304667197,0.0
2021-10-01,"Block, Inc.",0,0,0.5,0.8366600265340753,-100.0,-0.597614304667197,0.0
2021-11-01,"Block, Inc.",2,0,0.16666666666666666,0.4082482904638623,1100.0,4.490731195102501,0.0
2021-12-01,"Block, Inc.",1,0,0.3333333333333333,0.816496580927726,200.00000000000006,0.8164965809277261,0.0
2022-01-01,"Block, Inc.",0,0,0.5,0.8366600265340756,-100.0,-0.5976143046671968,0.0
2022-02-01,"Block, Inc.",0,0,0.5,0.8366600265340756,-100.0,-0.5976143046671968,0.0
2022-03-01,"Block, Inc.",1,0,0.5,0.8366600265340756,100.0,0.5976143046671968,0.0
2022-04-01,"Block, Inc.",2,0,0.6666666666666666,0.816496580927726,200.00000000000006,1.6329931618554523,0.0
2022-05-01,"Block, Inc.",0,0,1.0,0.8944271909999159,-100.0,-1.118033988749895,0.0
2022-06-01,"Block, Inc.",1,0,0.6666666666666666,0.816496580927726,50.000000000000014,0.4082482904638631,0.0
2022-07-01,"Block, Inc.",1,0,0.6666666666666666,0.816496580927726,50.000000000000014,0.4082482904638631,0.0
2022-08-01,"Block, Inc.",1,0,0.8333333333333334,0.752772652709081,19.999999999999996,0.22140372138502376,0.0
2022-09-01,"Block, Inc.",2,0,1.0,0.6324555320336758,100.0,1.58113883008419,0.0
2022-10-01,"Block, Inc.",0,0,1.1666666666666667,0.752772652709081,-100.0,-1.5498260496951668,0.0
2022-11-01,"Block, Inc.",1,0,0.8333333333333334,0.752772652709081,19.999999999999996,0.22140372138502376,0.0
2022-12-01,"Block, Inc.",3,0,1.0,0.6324555320336758,200.0,3.16227766016838,0.0
2023-01-01,"Block, Inc.",1,0,1.3333333333333333,1.0327955589886444,-24.999999999999993,-0.32274861218395134,0.0
2023-02-01,"Block, Inc.",0,0,1.3333333333333333,1.0327955589886444,-100.0,-1.2909944487358056,0.0
2023-03-01,"Block, Inc.",3,0,1.1666666666666667,1.1690451944500122,157.1428571428571,1.5682313584085528,0.0
2023-04-01,"Block, Inc.",1,0,1.3333333333333333,1.3662601021279464,-24.999999999999993,-0.24397501823713325,0.0
2023-05-01,"Block, Inc.",4,0,1.5,1.224744871391589,166.66666666666669,2.041241452319315,0.0
2023-06-01,"Block, Inc.",4,0,2.0,1.5491933384829668,100.0,1.2909944487358056,0.0
2023-07-01,"Block, Inc.",2,0,2.1666666666666665,1.7224014243685084,-7.692307692307685,-0.09676412496452286,0.0
2023-08-01,"Block, Inc.",2,0,2.3333333333333335,1.632993161855452,-14.28571428571429,-0.2041241452319316,0.0
2023-09-01,"Block, Inc.",3,0,2.6666666666666665,1.2110601416389966,12.500000000000005,0.2752409412815903,0.0
2023-10-01,"Block, Inc.",1,0,2.6666666666666665,1.2110601416389966,-62.5,-1.3762047064079508,0.0
2023-11-01,"Block, Inc.",1,0,2.6666666666666665,1.2110601416389966,-62.5,-1.3762047064079508,0.0
2023-12-01,"Block, Inc.",2,0,2.1666666666666665,1.169045194450012,-7.692307692307685,-0.14256648712805015,0.0
2024-01-01,"Block, Inc.",1,0,1.8333333333333333,0.7527726527090807,-45.45454545454545,-1.1070186069251196,0.0
2024-02-01,"Block, Inc.",0,0,1.6666666666666667,0.8164965809277258,-100.0,-2.0412414523193156,0.0
2024-03-01,"Block, Inc.",2,0,1.3333333333333333,1.0327955589886442,50.000000000000014,0.6454972243679031,0.0
2024-04-01,"Block, Inc.",3,0,1.1666666666666667,0.7527726527090807,157.1428571428571,2.435440935235263,0.0
2024-05-01,"Block, Inc.",2,0,1.5,1.0488088481701514,33.33333333333333,0.47673129462279623,0.0
2024-06-01,"Block, Inc.",4,0,1.6666666666666667,1.0327955589886444,139.99999999999997,2.25924028528766,0.0
2024-07-01,"Block, Inc.",1,0,2.0,1.4142135623730951,-50.0,-0.7071067811865475,0.0
2024-08-01,"Block, Inc.",2,0,2.0,1.4142135623730951,0.0,0.0,0.0
2024-09-01,"Block, Inc.",0,0,2.3333333333333335,1.0327955589886446,-100.0,-2.25924028528766,0.0
2024-10-01,"Block, Inc.",2,0,2.0,1.4142135623730951,0.0,0.0,0.0
2024-11-01,"Block, Inc.",1,0,1.8333333333333333,1.3291601358251257,-45.45454545454545,-0.6269623282193989,0.0
2024-12-01,"Block, Inc.",3,1,1.6666666666666667,1.3662601021279464,80.0,0.9759000729485332,33.33333333333333
2025-01-01,"Block, Inc.",314,0,1.5,1.0488088481701514,20833.333333333336,297.95705913924763,0.0
2025-02-01,"Block, Inc.",34,1,53.666666666666664,127.54084313139326,-36.64596273291925,-0.15419897017934842,2.941176470588235
2025-03-01,"Block, Inc.",11,0,59.0,125.60254774486064,-81.35593220338984,-0.38215785317908924,0.0
2025-04-01,"Block, Inc.",11,0,60.833333333333336,124.64576473617811,-81.91780821917808,-0.39979965174756826,0.0
2025-05-01,"Block, Inc.",6,0,62.333333333333336,123.84775600174055,-90.37433155080214,-0.4548595400674166,0.0
2025-06-01,"Block, Inc.",8,1,63.166666666666664,123.36841843302791,-87.33509234828496,-0.4471700891311546,12.5
2025-07-01,"Block, Inc.",7,1,64.0,122.89670459373593,-89.0625,-0.4638041368841171,14.285714285714285
2025-08-01,"Block, Inc.",11,0,12.833333333333334,10.571975532825492,-14.28571428571429,-0.1734144510305495,0.0
2025-09-01,"Block, Inc.",8,2,9.0,2.2803508501970065,-11.11111111111111,-0.43852900965375874,25.0
2025-10-01,"Block, Inc.",7,0,8.5,2.0736441353313766,-17.647058823529413,-0.723364233256105,0.0
2025-11-01,"Block, Inc.",6,0,7.833333333333333,1.7224014243668286,-23.404255319148934,-1.0644053746107902,0.0
2025-12-01,"Block, Inc.",9,1,7.833333333333333,1.7224014243668286,14.8936170212766,0.6773488747523214,11.11111111111111
2026-01-01,"Block, Inc.",9,0,8.0,1.7888543819982143,12.5,0.5590169943754528,0.0
2026-02-01,"Block, Inc.",3,0,8.333333333333334,1.7511900715401743,-64.0,-3.0455479505103975,0.0
2026-03-01,"Block, Inc.",5,0,7.0,2.2803508501970065,-28.57142857142857,-0.8770580193075175,0.0
2026-04-01,"Block, Inc.",2,0,6.5,2.3452078799104803,-69.23076923076923,-1.9188064472015038,0.0
2026-05-01,"Block, Inc.",0,0,5.666666666666667,2.943920288774965,-100.0,-1.924870958046456,0.0
2026-06-01,"Block, Inc.",0,0,4.666666666666667,3.723797345004273,-100.0,-1.2532010295692695,0.0
2015-03-01,"Bread Financial Holdings, Inc.",0,0,,,,,0.0
2015-04-01,"Bread Financial Holdings, Inc.",0,0,,,,,0.0
2015-05-01,"Bread Financial Holdings, Inc.",0,0,,,,,0.0
2015-06-01,"Bread Financial Holdings, Inc.",0,0,0.0,0.0,,,0.0
2015-07-01,"Bread Financial Holdings, Inc.",0,0,0.0,0.0,,,0.0
2015-08-01,"Bread Financial Holdings, Inc.",0,0,0.0,0.0,,,0.0
2015-09-01,"Bread Financial Holdings, Inc.",0,0,0.0,0.0,,,0.0
2015-10-01,"Bread Financial Holdings, Inc.",0,0,0.0,0.0,,,0.0
2015-11-01,"Bread Financial Holdings, Inc.",0,0,0.0,0.0,,,0.0
2015-12-01,"Bread Financial Holdings, Inc.",0,0,0.0,0.0,,,0.0
2016-01-01,"Bread Financial Holdings, Inc.",0,0,0.0,0.0,,,0.0
2016-02-01,"Bread Financial Holdings, Inc.",0,0,0.0,0.0,,,0.0
2016-03-01,"Bread Financial Holdings, Inc.",0,0,0.0,0.0,,,0.0
2016-04-01,"Bread Financial Holdings, Inc.",0,0,0.0,0.0,,,0.0
2016-05-01,"Bread Financial Holdings, Inc.",0,0,0.0,0.0,,,0.0
2016-06-01,"Bread Financial Holdings, Inc.",0,0,0.0,0.0,,,0.0
2016-07-01,"Bread Financial Holdings, Inc.",0,0,0.0,0.0,,,0.0
2016-08-01,"Bread Financial Holdings, Inc.",0,0,0.0,0.0,,,0.0
2016-09-01,"Bread Financial Holdings, Inc.",0,0,0.0,0.0,,,0.0
2016-10-01,"Bread Financial Holdings, Inc.",0,0,0.0,0.0,,,0.0
2016-11-01,"Bread Financial Holdings, Inc.",1,0,0.0,0.0,,,0.0
2016-12-01,"Bread Financial Holdings, Inc.",0,0,0.16666666666666666,0.408248290463863,-100.0,-0.408248290463863,0.0
2017-01-01,"Bread Financial Holdings, Inc.",0,0,0.16666666666666666,0.408248290463863,-100.0,-0.408248290463863,0.0
2017-02-01,"Bread Financial Holdings, Inc.",1,0,0.16666666666666666,0.408248290463863,500.0000000000001,2.041241452319315,0.0
2017-03-01,"Bread Financial Holdings, Inc.",0,0,0.3333333333333333,0.5163977794943223,-100.0,-0.6454972243679027,0.0
2017-04-01,"Bread Financial Holdings, Inc.",1,0,0.3333333333333333,0.5163977794943223,200.00000000000006,1.2909944487358056,0.0
2017-05-01,"Bread Financial Holdings, Inc.",1,0,0.5,0.5477225575051662,100.0,0.9128709291752768,0.0
2017-06-01,"Bread Financial Holdings, Inc.",0,0,0.5,0.5477225575051662,-100.0,-0.9128709291752768,0.0
2017-07-01,"Bread Financial Holdings, Inc.",0,0,0.5,0.5477225575051662,-100.0,-0.9128709291752768,0.0
2017-08-01,"Bread Financial Holdings, Inc.",1,0,0.5,0.5477225575051662,100.0,0.9128709291752768,0.0
2017-09-01,"Bread Financial Holdings, Inc.",0,0,0.5,0.5477225575051662,-100.0,-0.9128709291752768,0.0
2017-10-01,"Bread Financial Holdings, Inc.",0,0,0.5,0.5477225575051662,-100.0,-0.9128709291752768,0.0
2017-11-01,"Bread Financial Holdings, Inc.",1,0,0.3333333333333333,0.5163977794943223,200.00000000000006,1.2909944487358056,0.0
2017-12-01,"Bread Financial Holdings, Inc.",4,0,0.3333333333333333,0.5163977794943223,1100.0,7.10046946804693,0.0
2018-01-01,"Bread Financial Holdings, Inc.",1,0,1.0,1.5491933384829668,0.0,0.0,0.0
2018-02-01,"Bread Financial Holdings, Inc.",2,0,1.1666666666666667,1.4719601443879746,71.42857142857142,0.5661385170722978,0.0
2018-03-01,"Bread Financial Holdings, Inc.",0,0,1.3333333333333333,1.505545305418162,-100.0,-0.8856148855400953,0.0
2018-04-01,"Bread Financial Holdings, Inc.",3,0,1.3333333333333333,1.505545305418162,125.00000000000003,1.107018606925119,0.0
2018-05-01,"Bread Financial Holdings, Inc.",1,0,1.8333333333333333,1.4719601443879746,-45.45454545454545,-0.5661385170722978,0.0
2018-06-01,"Bread Financial Holdings, Inc.",1,0,1.8333333333333333,1.4719601443879746,-45.45454545454545,-0.5661385170722978,0.0
2018-07-01,"Bread Financial Holdings, Inc.",3,0,1.3333333333333333,1.0327955589886444,125.00000000000003,1.6137430609197574,0.0
2018-08-01,"Bread Financial Holdings, Inc.",2,0,1.6666666666666667,1.2110601416389968,19.999999999999996,0.27524094128159005,0.0
2018-09-01,"Bread Financial Holdings, Inc.",0,0,1.6666666666666667,1.2110601416389968,-100.0,-1.3762047064079508,0.0
2018-10-01,"Bread Financial Holdings, Inc.",0,0,1.6666666666666667,1.2110601416389968,-100.0,-1.3762047064079508,0.0
2018-11-01,"Bread Financial Holdings, Inc.",1,0,1.1666666666666667,1.1690451944500122,-14.28571428571429,-0.1425664871280503,0.0
2018-12-01,"Bread Financial Holdings, Inc.",1,0,1.1666666666666667,1.1690451944500122,-14.28571428571429,-0.1425664871280503,0.0
2019-01-01,"Bread Financial Holdings, Inc.",4,0,1.1666666666666667,1.1690451944500122,242.85714285714283,2.423630281176854,0.0
2019-02-01,"Bread Financial Holdings, Inc.",2,0,1.3333333333333333,1.505545305418162,50.000000000000014,0.4428074427700477,0.0
2019-03-01,"Bread Financial Holdings, Inc.",2,0,1.3333333333333333,1.505545305418162,50.000000000000014,0.4428074427700477,0.0
2019-04-01,"Bread Financial Holdings, Inc.",1,0,1.6666666666666667,1.3662601021279464,-40.0,-0.48795003647426666,0.0
2019-05-01,"Bread Financial Holdings, Inc.",2,0,1.8333333333333333,1.1690451944500122,9.090909090909095,0.1425664871280503,0.0
2019-06-01,"Bread Financial Holdings, Inc.",0,0,2.0,1.0954451150103324,-100.0,-1.8257418583505536,0.0
2019-07-01,"Bread Financial Holdings, Inc.",1,0,1.8333333333333333,1.3291601358251257,-45.45454545454545,-0.6269623282193989,0.0
2019-08-01,"Bread Financial Holdings, Inc.",2,0,1.3333333333333333,0.8164965809277255,50.000000000000014,0.8164965809277267,0.0
2019-09-01,"Bread Financial Holdings, Inc.",1,0,1.3333333333333333,0.8164965809277255,-24.999999999999993,-0.4082482904638632,0.0
2019-10-01,"Bread Financial Holdings, Inc.",1,0,1.1666666666666667,0.7527726527090804,-14.28571428571429,-0.2214037213850241,0.0
2019-11-01,"Bread Financial Holdings, Inc.",0,0,1.1666666666666667,0.7527726527090804,-100.0,-1.549826049695168,0.0
2019-12-01,"Bread Financial Holdings, Inc.",1,0,0.8333333333333334,0.7527726527090801,19.999999999999996,0.22140372138502404,0.0
2020-01-01,"Bread Financial Holdings, Inc.",0,0,1.0,0.632455532033675,-100.0,-1.5811388300841918,0.0
2020-02-01,"Bread Financial Holdings, Inc.",2,0,0.8333333333333334,0.7527726527090801,139.99999999999997,1.5498260496951684,0.0
2020-03-01,"Bread Financial Holdings, Inc.",2,0,0.8333333333333334,0.7527726527090801,139.99999999999997,1.5498260496951684,0.0
2020-04-01,"Bread Financial Holdings, Inc.",2,0,1.0,0.8944271909999152,100.0,1.1180339887498958,0.0
2020-05-01,"Bread Financial Holdings, Inc.",1,0,1.1666666666666667,0.9831920802501746,-14.28571428571429,-0.16951587590520276,0.0
2020-06-01,"Bread Financial Holdings, Inc.",3,0,1.3333333333333333,0.8164965809277256,125.00000000000003,2.041241452319316,0.0
2020-07-01,"Bread Financial Holdings, Inc.",3,0,1.6666666666666667,1.0327955589886444,80.0,1.2909944487358056,0.0
2020-08-01,"Bread Financial Holdings, Inc.",1,0,2.1666666666666665,0.7527726527090816,-53.84615384615385,-1.5498260496951655,0.0
2020-09-01,"Bread Financial Holdings, Inc.",3,0,2.0,0.8944271909999162,50.0,1.1180339887498945,0.0
2020-10-01,"Bread Financial Holdings, Inc.",2,0,2.1666666666666665,0.9831920802501755,-7.692307692307685,-0.16951587590520237,0.0
2020-11-01,"Bread Financial Holdings, Inc.",4,0,2.1666666666666665,0.9831920802501755,84.61538461538463,1.8646746349572279,0.0
2020-12-01,"Bread Financial Holdings, Inc.",3,0,2.6666666666666665,1.0327955589886453,12.500000000000005,0.3227486121839513,0.0
2021-01-01,"Bread Financial Holdings, Inc.",3,0,2.6666666666666665,1.0327955589886453,12.500000000000005,0.3227486121839513,0.0
2021-02-01,"Bread Financial Holdings, Inc.",3,0,2.6666666666666665,1.0327955589886453,12.500000000000005,0.3227486121839513,0.0
2021-03-01,"Bread Financial Holdings, Inc.",2,0,3.0,0.6324555320336774,-33.33333333333333,-1.5811388300841858,0.0
2021-04-01,"Bread Financial Holdings, Inc.",0,0,2.8333333333333335,0.7527726527090821,-100.0,-3.7638632635453995,0.0
2021-05-01,"Bread Financial Holdings, Inc.",0,0,2.5,1.3784048752090226,-100.0,-1.8136906252750287,0.0
2021-06-01,"Bread Financial Holdings, Inc.",1,0,1.8333333333333333,1.4719601443879744,-45.45454545454545,-0.5661385170722979,0.0
2021-07-01,"Bread Financial Holdings, Inc.",4,0,1.5,1.3784048752090219,166.66666666666669,1.8136906252750296,0.0
2021-08-01,"Bread Financial Holdings, Inc.",1,0,1.6666666666666667,1.6329931618554518,-40.0,-0.40824829046386313,0.0
2021-09-01,"Bread Financial Holdings, Inc.",1,0,1.3333333333333333,1.5055453054181616,-24.999999999999993,-0.22140372138502384,0.0
2021-10-01,"Bread Financial Holdings, Inc.",0,0,1.1666666666666667,1.471960144387974,-100.0,-0.7925939239012173,0.0
2021-11-01,"Bread Financial Holdings, Inc.",1,0,1.1666666666666667,1.471960144387974,-14.28571428571429,-0.11322770341445966,0.0
2021-12-01,"Bread Financial Holdings, Inc.",4,0,1.3333333333333333,1.366260102127946,200.00000000000006,1.9518001458970673,0.0
2022-01-01,"Bread Financial Holdings, Inc.",3,0,1.8333333333333333,1.7224014243685084,63.63636363636365,0.6773488747516607,0.0
2022-02-01,"Bread Financial Holdings, Inc.",1,0,1.6666666666666667,1.5055453054181618,-40.0,-0.44280744277004774,0.0
2022-03-01,"Bread Financial Holdings, Inc.",1,0,1.6666666666666667,1.5055453054181618,-40.0,-0.44280744277004774,0.0
2022-04-01,"Bread Financial Holdings, Inc.",4,0,1.6666666666666667,1.5055453054181618,139.99999999999997,1.5498260496951668,0.0
2022-05-01,"Bread Financial Holdings, Inc.",3,0,2.3333333333333335,1.5055453054181622,28.571428571428566,0.44280744277004747,0.0
2022-06-01,"Bread Financial Holdings, Inc.",1,0,2.6666666666666665,1.366260102127947,-62.5,-1.219875091185666,0.0
2022-07-01,"Bread Financial Holdings, Inc.",9,0,2.1666666666666665,1.329160135825126,315.3846153846154,5.141091091399071,0.0
2022-08-01,"Bread Financial Holdings, Inc.",2,0,3.1666666666666665,3.1251666622224596,-36.84210526315789,-0.37331342381496946,0.0
2022-09-01,"Bread Financial Holdings, Inc.",3,0,3.3333333333333335,3.011090610836325,-10.000000000000004,-0.11070186069251192,0.0
2022-10-01,"Bread Financial Holdings, Inc.",2,0,3.6666666666666665,2.8047578623950185,-45.45454545454545,-0.5942283606769101,0.0
2022-11-01,"Bread Financial Holdings, Inc.",2,0,3.3333333333333335,2.875181153713044,-40.0,-0.4637388957601682,0.0
2022-12-01,"Bread Financial Holdings, Inc.",3,0,3.1666666666666665,2.9268868558020262,-5.263157894736838,-0.056943324042840894,0.0
2023-01-01,"Bread Financial Holdings, Inc.",2,0,3.5,2.7386127875258315,-42.857142857142854,-0.547722557505166,0.0
2023-02-01,"Bread Financial Holdings, Inc.",2,0,2.3333333333333335,0.5163977794943254,-14.28571428571429,-0.6454972243678991,0.0
2023-03-01,"Bread Financial Holdings, Inc.",4,0,2.3333333333333335,0.5163977794943254,71.42857142857142,3.227486121839494,0.0
2023-04-01,"Bread Financial Holdings, Inc.",2,0,2.5,0.8366600265340777,-20.0,-0.5976143046671953,0.0
2023-05-01,"Bread Financial Holdings, Inc.",2,0,2.5,0.8366600265340777,-20.0,-0.5976143046671953,0.0
2023-06-01,"Bread Financial Holdings, Inc.",1,0,2.5,0.8366600265340777,-60.0,-1.792842914001586,0.0
2023-07-01,"Bread Financial Holdings, Inc.",2,0,2.1666666666666665,0.9831920802501766,-7.692307692307685,-0.16951587590520217,0.0
2023-08-01,"Bread Financial Holdings, Inc.",2,0,2.1666666666666665,0.9831920802501766,-7.692307692307685,-0.16951587590520217,0.0
2023-09-01,"Bread Financial Holdings, Inc.",4,0,2.1666666666666665,0.9831920802501766,84.61538461538463,1.8646746349572259,0.0
2023-10-01,"Bread Financial Holdings, Inc.",5,0,2.1666666666666665,0.9831920802501766,130.7692307692308,2.8817698903884397,0.0
2023-11-01,"Bread Financial Holdings, Inc.",4,0,2.6666666666666665,1.5055453054181631,50.000000000000014,0.8856148855400947,0.0
2023-12-01,"Bread Financial Holdings, Inc.",1,0,3.0,1.549193338482968,-66.66666666666666,-1.2909944487358047,0.0
2024-01-01,"Bread Financial Holdings, Inc.",1,0,3.0,1.549193338482968,-66.66666666666666,-1.2909944487358047,0.0
2024-02-01,"Bread Financial Holdings, Inc.",3,0,2.8333333333333335,1.7224014243685093,5.882352941176465,0.09676412496452282,0.0
2024-03-01,"Bread Financial Holdings, Inc.",4,0,3.0,1.673320053068152,33.33333333333333,0.5976143046671964,0.0
2024-04-01,"Bread Financial Holdings, Inc.",2,0,3.0,1.673320053068152,-33.33333333333333,-0.5976143046671964,0.0
2024-05-01,"Bread Financial Holdings, Inc.",1,0,2.5,1.3784048752090232,-60.0,-1.0882143751650166,0.0
2024-06-01,"Bread Financial Holdings, Inc.",3,0,2.0,1.2649110640673522,50.0,0.7905694150420945,0.0
2024-07-01,"Bread Financial Holdings, Inc.",3,0,2.3333333333333335,1.2110601416389977,28.571428571428566,0.5504818825631798,0.0
2024-08-01,"Bread Financial Holdings, Inc.",3,0,2.6666666666666665,1.032795558988646,12.500000000000005,0.3227486121839511,0.0
2024-09-01,"Bread Financial Holdings, Inc.",0,0,2.6666666666666665,1.032795558988646,-100.0,-2.5819888974716076,0.0
2024-10-01,"Bread Financial Holdings, Inc.",1,0,2.0,1.2649110640673522,-50.0,-0.7905694150420945,0.0
2024-11-01,"Bread Financial Holdings, Inc.",5,0,1.8333333333333333,1.329160135825126,172.72727272727275,2.382456847233716,0.0
2024-12-01,"Bread Financial Holdings, Inc.",2,0,2.5,1.7606816861659016,-20.0,-0.2839809171235323,0.0
2025-01-01,"Bread Financial Holdings, Inc.",3,0,2.3333333333333335,1.751190071541827,28.571428571428566,0.38069349381344025,0.0
2025-02-01,"Bread Financial Holdings, Inc.",3,0,2.3333333333333335,1.751190071541827,28.571428571428566,0.38069349381344025,0.0
2025-03-01,"Bread Financial Holdings, Inc.",2,0,2.3333333333333335,1.751190071541827,-14.28571428571429,-0.19034674690672027,0.0
2025-04-01,"Bread Financial Holdings, Inc.",2,0,2.6666666666666665,1.3662601021279477,-24.999999999999993,-0.48795003647426605,0.0
2025-05-01,"Bread Financial Holdings, Inc.",4,0,2.8333333333333335,1.1690451944500138,41.17647058823529,0.9979654098963503,0.0
2025-06-01,"Bread Financial Holdings, Inc.",6,0,2.6666666666666665,0.8164965809277281,125.00000000000003,4.08248290463862,0.0
2025-07-01,"Bread Financial Holdings, Inc.",2,0,3.3333333333333335,1.5055453054181636,-40.0,-0.8856148855400945,0.0
2025-08-01,"Bread Financial Holdings, Inc.",4,0,3.1666666666666665,1.6020819787597234,26.315789473684216,0.5201564866102991,0.0
2025-09-01,"Bread Financial Holdings, Inc.",2,0,3.3333333333333335,1.6329931618554536,-40.0,-0.8164965809277254,0.0
2025-10-01,"Bread Financial Holdings, Inc.",4,0,3.3333333333333335,1.6329931618554536,19.999999999999996,0.4082482904638625,0.0
2025-11-01,"Bread Financial Holdings, Inc.",4,0,3.6666666666666665,1.5055453054181638,9.090909090909095,0.22140372138502365,0.0
2025-12-01,"Bread Financial Holdings, Inc.",4,0,3.6666666666666665,1.5055453054181638,9.090909090909095,0.22140372138502365,0.0
2026-01-01,"Bread Financial Holdings, Inc.",2,0,3.3333333333333335,1.0327955589886468,-40.0,-1.290994448735803,0.0
2026-02-01,"Bread Financial Holdings, Inc.",0,0,3.3333333333333335,1.0327955589886468,-100.0,-3.227486121839507,0.0
2026-03-01,"Bread Financial Holdings, Inc.",3,0,2.6666666666666665,1.6329931618554532,12.500000000000005,0.20412414523193145,0.0
2026-04-01,"Bread Financial Holdings, Inc.",1,0,2.8333333333333335,1.6020819787597234,-64.70588235294117,-1.1443442705426579,0.0
2026-05-01,"Bread Financial Holdings, Inc.",0,0,2.3333333333333335,1.6329931618554532,-100.0,-1.4288690166235196,0.0
2026-06-01,"Bread Financial Holdings, Inc.",0,0,1.6666666666666667,1.6329931618554532,-100.0,-1.020620726159657,0.0
2015-03-01,CAPITAL ONE FINANCIAL CORPORATION,1,0,,,,,0.0
2015-04-01,CAPITAL ONE FINANCIAL CORPORATION,2,0,,,,,0.0
2015-05-01,CAPITAL ONE FINANCIAL CORPORATION,1,0,,,,,0.0
2015-06-01,CAPITAL ONE FINANCIAL CORPORATION,0,0,1.3333333333333333,0.5773502691896257,-100.0,-2.309401076758503,0.0
2015-07-01,CAPITAL ONE FINANCIAL CORPORATION,2,0,1.0,0.816496580927726,100.0,1.224744871391589,0.0
2015-08-01,CAPITAL ONE FINANCIAL CORPORATION,1,0,1.2,0.8366600265340756,-16.666666666666664,-0.23904572186687867,0.0
2015-09-01,CAPITAL ONE FINANCIAL CORPORATION,1,0,1.1666666666666667,0.752772652709081,-14.28571428571429,-0.22140372138502393,0.0
2015-10-01,CAPITAL ONE FINANCIAL CORPORATION,1,0,1.1666666666666667,0.752772652709081,-14.28571428571429,-0.22140372138502393,0.0
2015-11-01,CAPITAL ONE FINANCIAL CORPORATION,2,0,1.0,0.6324555320336758,100.0,1.58113883008419,0.0
2015-12-01,CAPITAL ONE FINANCIAL CORPORATION,1,0,1.1666666666666667,0.752772652709081,-14.28571428571429,-0.22140372138502393,0.0
2016-01-01,CAPITAL ONE FINANCIAL CORPORATION,2,0,1.3333333333333333,0.5163977794943222,50.000000000000014,1.2909944487358058,0.0
2016-02-01,CAPITAL ONE FINANCIAL CORPORATION,2,0,1.3333333333333333,0.5163977794943222,50.000000000000014,1.2909944487358058,0.0
2016-03-01,CAPITAL ONE FINANCIAL CORPORATION,4,0,1.5,0.5477225575051661,166.66666666666669,4.564354645876384,0.0
2016-04-01,CAPITAL ONE FINANCIAL CORPORATION,4,0,2.0,1.0954451150103321,100.0,1.8257418583505538,0.0
2016-05-01,CAPITAL ONE FINANCIAL CORPORATION,3,0,2.5,1.224744871391589,20.0,0.4082482904638631,0.0
2016-06-01,CAPITAL ONE FINANCIAL CORPORATION,2,0,2.6666666666666665,1.2110601416389966,-24.999999999999993,-0.5504818825631802,0.0
2016-07-01,CAPITAL ONE FINANCIAL CORPORATION,3,0,2.8333333333333335,0.9831920802501749,5.882352941176465,0.16951587590520248,0.0
2016-08-01,CAPITAL ONE FINANCIAL CORPORATION,1,0,3.0,0.8944271909999156,-66.66666666666666,-2.2360679774997902,0.0
2016-09-01,CAPITAL ONE FINANCIAL CORPORATION,2,0,2.8333333333333335,1.1690451944500122,-29.411764705882355,-0.7128324356402513,0.0
2016-10-01,CAPITAL ONE FINANCIAL CORPORATION,0,0,2.5,1.048808848170152,-100.0,-2.3836564731139798,0.0
2016-11-01,CAPITAL ONE FINANCIAL CORPORATION,4,0,1.8333333333333333,1.1690451944500133,118.18181818181822,1.8533643326646518,0.0
2016-12-01,CAPITAL ONE FINANCIAL CORPORATION,1,0,2.0,1.4142135623730958,-50.0,-0.7071067811865471,0.0
2017-01-01,CAPITAL ONE FINANCIAL CORPORATION,1,0,1.8333333333333333,1.4719601443879753,-45.45454545454545,-0.5661385170722976,0.0
2017-02-01,CAPITAL ONE FINANCIAL CORPORATION,1,0,1.5,1.3784048752090237,-33.33333333333333,-0.36273812505500547,0.0
2017-03-01,CAPITAL ONE FINANCIAL CORPORATION,0,0,1.5,1.3784048752090237,-100.0,-1.0882143751650164,0.0
2017-04-01,CAPITAL ONE FINANCIAL CORPORATION,1,0,1.1666666666666667,1.4719601443879762,-14.28571428571429,-0.1132277034144595,0.0
2017-05-01,CAPITAL ONE FINANCIAL CORPORATION,1,0,1.3333333333333333,1.3662601021279481,-24.999999999999993,-0.24397501823713294,0.0
2017-06-01,CAPITAL ONE FINANCIAL CORPORATION,1,0,0.8333333333333334,0.40824829046387046,19.999999999999996,0.40824829046385547,0.0
2017-07-01,CAPITAL ONE FINANCIAL CORPORATION,7,0,0.8333333333333334,0.40824829046387046,740.0,15.105186747162657,0.0
2017-08-01,CAPITAL ONE FINANCIAL CORPORATION,2,0,1.8333333333333333,2.5625508125043432,9.090909090909095,0.06503936072346049,0.0
2017-09-01,CAPITAL ONE FINANCIAL CORPORATION,4,0,2.0,2.529822128134704,100.0,0.7905694150420947,0.0
2017-10-01,CAPITAL ONE FINANCIAL CORPORATION,1,0,2.6666666666666665,2.4221202832779936,-62.5,-0.6881023532039753,0.0
2017-11-01,CAPITAL ONE FINANCIAL CORPORATION,2,0,2.6666666666666665,2.4221202832779936,-24.999999999999993,-0.27524094128159005,0.0
2017-12-01,CAPITAL ONE FINANCIAL CORPORATION,2,0,2.8333333333333335,2.3166067138525404,-29.411764705882355,-0.3597215394180964,0.0
2018-01-01,CAPITAL ONE FINANCIAL CORPORATION,4,0,3.0,2.1908902300206643,33.33333333333333,0.45643546458763845,0.0
2018-02-01,CAPITAL ONE FINANCIAL CORPORATION,2,0,2.5,1.2247448713915892,-20.0,-0.40824829046386296,0.0
2018-03-01,CAPITAL ONE FINANCIAL CORPORATION,6,0,2.5,1.2247448713915892,140.0,2.857738033247041,0.0
2018-04-01,CAPITAL ONE FINANCIAL CORPORATION,2,0,2.8333333333333335,1.8348478592697177,-29.411764705882355,-0.45417026219547485,0.0
2018-05-01,CAPITAL ONE FINANCIAL CORPORATION,0,0,3.0,1.6733200530681507,-100.0,-1.792842914001591,0.0
2018-06-01,CAPITAL ONE FINANCIAL CORPORATION,7,0,2.6666666666666665,2.065591117977289,162.50000000000003,2.0978659791956846,0.0
2018-07-01,CAPITAL ONE FINANCIAL CORPORATION,7,0,3.5,2.664582518894845,100.0,1.313526593821403,0.0
2018-08-01,CAPITAL ONE FINANCIAL CORPORATION,4,0,4.0,3.03315017762062,0.0,0.0,0.0
2018-09-01,CAPITAL ONE FINANCIAL CORPORATION,1,0,4.333333333333333,2.8751811537130427,-76.92307692307692,-1.1593472394004207,0.0
2018-10-01,CAPITAL ONE FINANCIAL CORPORATION,1,0,3.5,3.0166206257996713,-71.42857142857143,-0.8287419301647448,0.0
2018-11-01,CAPITAL ONE FINANCIAL CORPORATION,2,0,3.3333333333333335,3.141125063837266,-40.0,-0.4244763599780089,0.0
2018-12-01,CAPITAL ONE FINANCIAL CORPORATION,1,0,3.6666666666666665,2.804757862395017,-72.72727272727273,-0.9507653770830568,0.0
2019-01-01,CAPITAL ONE FINANCIAL CORPORATION,1,0,2.6666666666666665,2.4221202832779936,-62.5,-0.6881023532039753,0.0
2019-02-01,CAPITAL ONE FINANCIAL CORPORATION,7,0,1.6666666666666667,1.2110601416389977,320.0,4.403855060505439,0.0
2019-03-01,CAPITAL ONE FINANCIAL CORPORATION,1,0,2.1666666666666665,2.401388487243717,-53.84615384615385,-0.48583004077185016,0.0
2019-04-01,CAPITAL ONE FINANCIAL CORPORATION,4,0,2.1666666666666665,2.401388487243717,84.61538461538463,0.7634472069271933,0.0
2019-05-01,CAPITAL ONE FINANCIAL CORPORATION,0,0,2.6666666666666665,2.4221202832779936,-100.0,-1.1009637651263604,0.0
2019-06-01,CAPITAL ONE FINANCIAL CORPORATION,3,0,2.3333333333333335,2.6583202716502514,28.571428571428566,0.2507849312877595,0.0
2019-07-01,CAPITAL ONE FINANCIAL CORPORATION,3,0,2.6666666666666665,2.581988897471611,12.500000000000005,0.12909944487358063,0.0
2019-08-01,CAPITAL ONE FINANCIAL CORPORATION,5,0,3.0,2.449489742783178,66.66666666666666,0.8164965809277261,0.0
2019-09-01,CAPITAL ONE FINANCIAL CORPORATION,2,0,2.6666666666666665,1.8618986725025257,-24.999999999999993,-0.3580574370197163,0.0
2019-10-01,CAPITAL ONE FINANCIAL CORPORATION,6,0,2.8333333333333335,1.7224014243685086,111.76470588235293,1.8385183743259357,0.0
2019-11-01,CAPITAL ONE FINANCIAL CORPORATION,2,0,3.1666666666666665,2.136976056643281,-36.84210526315789,-0.5459427881935388,0.0
2019-12-01,CAPITAL ONE FINANCIAL CORPORATION,4,0,3.5,1.6431676725154984,14.285714285714285,0.30429030972509225,0.0
2020-01-01,CAPITAL ONE FINANCIAL CORPORATION,7,0,3.6666666666666665,1.632993161855452,90.90909090909092,2.041241452319315,0.0
2020-02-01,CAPITAL ONE FINANCIAL CORPORATION,3,0,4.333333333333333,2.065591117977289,-30.769230769230766,-0.6454972243679027,0.0
2020-03-01,CAPITAL ONE FINANCIAL CORPORATION,7,0,4.0,2.0976176963403033,75.0,1.4301938838683883,0.0
2020-04-01,CAPITAL ONE FINANCIAL CORPORATION,3,0,4.833333333333333,2.1369760566432805,-37.93103448275862,-0.8579100957327039,0.0
2020-05-01,CAPITAL ONE FINANCIAL CORPORATION,5,0,4.333333333333333,2.1602468994692865,15.384615384615394,0.308606699924184,0.0
2020-06-01,CAPITAL ONE FINANCIAL CORPORATION,5,0,4.833333333333333,1.8348478592697173,3.4482758620689715,0.09083405243909515,0.0
2020-07-01,CAPITAL ONE FINANCIAL CORPORATION,2,0,5.0,1.788854381999831,-60.0,-1.677050983124843,0.0
2020-08-01,CAPITAL ONE FINANCIAL CORPORATION,8,0,4.166666666666667,1.834847859269718,91.99999999999999,2.0891832060991837,0.0
2020-09-01,CAPITAL ONE FINANCIAL CORPORATION,3,0,5.0,2.280350850198275,-40.0,-0.8770580193070295,0.0
2020-10-01,CAPITAL ONE FINANCIAL CORPORATION,5,0,4.333333333333333,2.1602468994692865,15.384615384615394,0.308606699924184,0.0
2020-11-01,CAPITAL ONE FINANCIAL CORPORATION,2,0,4.666666666666667,2.065591117977289,-57.14285714285715,-1.2909944487358058,0.0
2020-12-01,CAPITAL ONE FINANCIAL CORPORATION,5,0,4.166666666666667,2.316606713852541,19.999999999999993,0.3597215394180962,0.0
2021-01-01,CAPITAL ONE FINANCIAL CORPORATION,7,0,4.166666666666667,2.316606713852541,67.99999999999999,1.2230532340215274,0.0
2021-02-01,CAPITAL ONE FINANCIAL CORPORATION,12,0,5.0,2.2803508501982757,140.0,3.069703067574603,0.0
2021-03-01,CAPITAL ONE FINANCIAL CORPORATION,3,0,5.666666666666667,3.5590260840104366,-47.05882352941177,-0.7492686492653553,0.0
2021-04-01,CAPITAL ONE FINANCIAL CORPORATION,5,0,5.666666666666667,3.5590260840104366,-11.764705882352946,-0.1873171623163389,0.0
2021-05-01,CAPITAL ONE FINANCIAL CORPORATION,4,0,5.666666666666667,3.5590260840104366,-29.411764705882355,-0.46829290579084715,0.0
2021-06-01,CAPITAL ONE FINANCIAL CORPORATION,10,0,6.0,3.224903099319419,66.66666666666666,1.2403473458920848,0.0
2021-07-01,CAPITAL ONE FINANCIAL CORPORATION,10,0,6.833333333333333,3.5449494589721104,46.341463414634156,0.8932896514651213,0.0
2021-08-01,CAPITAL ONE FINANCIAL CORPORATION,5,0,7.333333333333333,3.777124126457411,-31.818181818181817,-0.6177539459159319,0.0
2021-09-01,CAPITAL ONE FINANCIAL CORPORATION,9,0,6.166666666666667,3.0605010483034736,45.94594594594594,0.9257743384547878,0.0
2021-10-01,CAPITAL ONE FINANCIAL CORPORATION,3,0,7.166666666666667,2.7868739954771296,-58.139534883720934,-1.4951040748267876,0.0
2021-11-01,CAPITAL ONE FINANCIAL CORPORATION,3,0,6.833333333333333,3.188521078284831,-56.09756097560975,-1.2022292590254287,0.0
2021-12-01,CAPITAL ONE FINANCIAL CORPORATION,3,0,6.666666666666667,3.386246693120077,-55.00000000000001,-1.0828114425674675,0.0
2022-01-01,CAPITAL ONE FINANCIAL CORPORATION,8,0,5.5,3.2093613071762417,45.45454545454545,0.778971191062195,0.0
2022-02-01,CAPITAL ONE FINANCIAL CORPORATION,5,0,5.166666666666667,2.714160398109637,-3.225806451612909,-0.06140634384863446,0.0
2022-03-01,CAPITAL ONE FINANCIAL CORPORATION,6,0,5.166666666666667,2.714160398109637,16.12903225806451,0.30703171924317163,0.0
2022-04-01,CAPITAL ONE FINANCIAL CORPORATION,6,0,4.666666666666667,2.065591117977288,28.571428571428566,0.645497224367903,0.0
2022-05-01,CAPITAL ONE FINANCIAL CORPORATION,8,0,5.166666666666667,1.9407902170679505,54.83870967741935,1.4598864464670438,0.0
2022-06-01,CAPITAL ONE FINANCIAL CORPORATION,2,0,6.0,1.8973665961010264,-66.66666666666666,-2.108185106778921,0.0
2022-07-01,CAPITAL ONE FINANCIAL CORPORATION,7,0,5.833333333333333,2.2286019533929027,20.000000000000007,0.5234971031459845,0.0
2022-08-01,CAPITAL ONE FINANCIAL CORPORATION,6,0,5.666666666666667,2.065591117977288,5.882352941176465,0.16137430609197564,0.0
2022-09-01,CAPITAL ONE FINANCIAL CORPORATION,7,0,5.833333333333333,2.041241452319314,20.000000000000007,0.5715476066494087,0.0
2022-10-01,CAPITAL ONE FINANCIAL CORPORATION,7,0,6.0,2.097617696340302,16.666666666666664,0.4767312946227964,0.0
2022-11-01,CAPITAL ONE FINANCIAL CORPORATION,5,0,6.166666666666667,2.13697605664328,-18.918918918918923,-0.5459427881935393,0.0
2022-12-01,CAPITAL ONE FINANCIAL CORPORATION,8,0,5.666666666666667,1.9663841605003487,41.17647058823529,1.186611131336419,0.0
2023-01-01,CAPITAL ONE FINANCIAL CORPORATION,9,0,6.666666666666667,1.0327955589886424,34.99999999999999,2.2592402852876643,0.0
2023-02-01,CAPITAL ONE FINANCIAL CORPORATION,5,0,7.0,1.4142135623730936,-28.57142857142857,-1.4142135623730965,0.0
2023-03-01,CAPITAL ONE FINANCIAL CORPORATION,8,0,6.833333333333333,1.602081978759721,17.07317073170732,0.7282190812544198,0.0
2023-04-01,CAPITAL ONE FINANCIAL CORPORATION,14,0,7.0,1.6733200530681498,100.0,4.183300132670381,0.0
2023-05-01,CAPITAL ONE FINANCIAL CORPORATION,7,0,8.166666666666666,3.31159578853861,-14.28571428571428,-0.3522974243126182,0.0
2023-06-01,CAPITAL ONE FINANCIAL CORPORATION,6,0,8.5,3.01662062579967,-29.411764705882355,-0.8287419301647452,0.0
2023-07-01,CAPITAL ONE FINANCIAL CORPORATION,6,0,8.166666666666666,3.188521078284831,-26.530612244897956,-0.6795208855361118,0.0
2023-08-01,CAPITAL ONE FINANCIAL CORPORATION,16,0,7.666666666666667,3.265986323710903,108.69565217391302,2.5515518153991446,0.0
2023-09-01,CAPITAL ONE FINANCIAL CORPORATION,6,0,9.5,4.370354676682431,-36.84210526315789,-0.8008503334234823,0.0
2023-10-01,CAPITAL ONE FINANCIAL CORPORATION,8,0,9.166666666666666,4.578937285731992,-12.72727272727272,-0.25478983306934766,0.0
2023-11-01,CAPITAL ONE FINANCIAL CORPORATION,9,0,8.166666666666666,3.9200340134578764,10.20408163265307,0.21258318944999346,0.0
2023-12-01,CAPITAL ONE FINANCIAL CORPORATION,8,0,8.5,3.8858718455450894,-5.88235294117647,-0.1286712531637447,0.0
2024-01-01,CAPITAL ONE FINANCIAL CORPORATION,5,0,8.833333333333334,3.710345895825167,-43.39622641509434,-1.0331471622757735,0.0
2024-02-01,CAPITAL ONE FINANCIAL CORPORATION,10,0,8.666666666666666,3.881580434135903,15.384615384615394,0.3435026932863633,0.0
2024-03-01,CAPITAL ONE FINANCIAL CORPORATION,7,0,7.666666666666667,1.861898672502525,-8.695652173913047,-0.3580574370197167,0.0
2024-04-01,CAPITAL ONE FINANCIAL CORPORATION,12,0,7.833333333333333,1.7224014243685077,53.19148936170214,2.4191031241130747,0.0
2024-05-01,CAPITAL ONE FINANCIAL CORPORATION,8,0,8.5,2.428991560298223,-5.88235294117647,-0.20584674239815465,0.0
2024-06-01,CAPITAL ONE FINANCIAL CORPORATION,4,0,8.333333333333334,2.4221202832779927,-52.0,-1.7890661183303367,0.0
2024-07-01,CAPITAL ONE FINANCIAL CORPORATION,11,0,7.666666666666667,3.011090610836324,43.47826086956521,1.107018606925119,0.0
2024-08-01,CAPITAL ONE FINANCIAL CORPORATION,5,0,8.666666666666666,2.943920288775948,-42.3076923076923,-1.2455047375590556,0.0
2024-09-01,CAPITAL ONE FINANCIAL CORPORATION,4,0,7.833333333333333,3.1885210782848317,-48.93617021276596,-1.2022292590254284,0.0
2024-10-01,CAPITAL ONE FINANCIAL CORPORATION,9,0,7.333333333333333,3.559026084010437,22.727272727272734,0.4682929057908471,0.0
2024-11-01,CAPITAL ONE FINANCIAL CORPORATION,4,0,6.833333333333333,2.9268868558020267,-41.46341463414634,-0.9680365087282958,0.0
2024-12-01,CAPITAL ONE FINANCIAL CORPORATION,13,0,6.166666666666667,3.0605010483034762,110.8108108108108,2.2327498750968395,0.0
2025-01-01,CAPITAL ONE FINANCIAL CORPORATION,61,0,7.666666666666667,3.8815804341359033,695.6521739130435,13.740107731454525,0.0
2025-02-01,CAPITAL ONE FINANCIAL CORPORATION,13,0,16.0,22.32487401980132,-18.75,-0.13437925774358742,0.0
2025-03-01,CAPITAL ONE FINANCIAL CORPORATION,11,0,17.333333333333332,21.7684787402948,-36.53846153846153,-0.2909405571648854,0.0
2025-04-01,CAPITAL ONE FINANCIAL CORPORATION,5,0,18.5,21.087911228948208,-72.97297297297297,-0.6401772016883311,0.0
2025-05-01,CAPITAL ONE FINANCIAL CORPORATION,13,0,17.833333333333332,21.507363080272455,-27.102803738317753,-0.22472923878644557,0.0
2025-06-01,CAPITAL ONE FINANCIAL CORPORATION,12,0,19.333333333333332,20.64622645101682,-37.93103448275862,-0.3551900077591258,0.0
2025-07-01,CAPITAL ONE FINANCIAL CORPORATION,13,0,19.166666666666668,20.71151048732725,-32.173913043478265,-0.29774103971991156,0.0
2025-08-01,CAPITAL ONE FINANCIAL CORPORATION,15,0,11.166666666666666,3.1251666622224783,34.32835820895523,1.2266012496777499,0.0
2025-09-01,CAPITAL ONE FINANCIAL CORPORATION,17,0,11.5,3.449637662132085,47.82608695652174,1.5943703480442253,0.0
2025-10-01,CAPITAL ONE FINANCIAL CORPORATION,13,0,12.5,4.086563348340522,4.0,0.12235219605809874,0.0
2025-11-01,CAPITAL ONE FINANCIAL CORPORATION,9,0,13.833333333333334,1.8348478592697381,-34.93975903614458,-2.634187520733725,0.0
2025-12-01,CAPITAL ONE FINANCIAL CORPORATION,9,0,13.166666666666666,2.714160398109654,-31.645569620253163,-1.535158596215849,0.0
2026-01-01,CAPITAL ONE FINANCIAL CORPORATION,14,0,12.666666666666666,3.204163957519459,10.526315789473689,0.4161251892882378,0.0
2026-02-01,CAPITAL ONE FINANCIAL CORPORATION,2,0,12.833333333333334,3.2506409624359867,-84.41558441558442,-3.3326760655889167,0.0
2026-03-01,CAPITAL ONE FINANCIAL CORPORATION,10,0,10.666666666666666,5.240865068542292,-6.249999999999995,-0.12720546282869566,0.0
2026-04-01,CAPITAL ONE FINANCIAL CORPORATION,6,0,9.5,4.230839160261255,-36.84210526315789,-0.8272590536823607,0.0
2026-05-01,CAPITAL ONE FINANCIAL CORPORATION,0,0,8.333333333333334,4.0331955899344685,-100.0,-2.0661862653352583,0.0
2026-06-01,CAPITAL ONE FINANCIAL CORPORATION,0,0,6.833333333333333,5.231315959361169,-100.0,-1.3062360190853006,0.0
2015-03-01,"CITIBANK, N.A.",3,0,,,,,0.0
2015-04-01,"CITIBANK, N.A.",3,0,,,,,0.0
2015-05-01,"CITIBANK, N.A.",4,0,,,,,0.0
2015-06-01,"CITIBANK, N.A.",3,0,3.3333333333333335,0.5773502691896257,-10.000000000000004,-0.5773502691896261,0.0
2015-07-01,"CITIBANK, N.A.",1,0,3.25,0.49999999999999994,-69.23076923076923,-4.500000000000001,0.0
2015-08-01,"CITIBANK, N.A.",1,0,2.8,1.0954451150103321,-64.28571428571428,-1.6431676725154982,0.0
2015-09-01,"CITIBANK, N.A.",0,0,2.5,1.224744871391589,-100.0,-2.041241452319315,0.0
2015-10-01,"CITIBANK, N.A.",4,0,2.0,1.5491933384829668,100.0,1.2909944487358056,0.0
2015-11-01,"CITIBANK, N.A.",4,0,2.1666666666666665,1.7224014243685084,84.61538461538463,1.0644053746097526,0.0
2015-12-01,"CITIBANK, N.A.",2,0,2.1666666666666665,1.7224014243685084,-7.692307692307685,-0.09676412496452286,0.0
2016-01-01,"CITIBANK, N.A.",1,0,2.0,1.6733200530681511,-50.0,-0.5976143046671968,0.0
2016-02-01,"CITIBANK, N.A.",3,0,2.0,1.6733200530681511,50.0,0.5976143046671968,0.0
2016-03-01,"CITIBANK, N.A.",3,0,2.3333333333333335,1.632993161855452,28.571428571428566,0.4082482904638629,0.0
2016-04-01,"CITIBANK, N.A.",2,0,2.8333333333333335,1.1690451944500118,-29.411764705882355,-0.7128324356402517,0.0
2016-05-01,"CITIBANK, N.A.",4,0,2.5,1.0488088481701512,60.0,1.430193883868389,0.0
2016-06-01,"CITIBANK, N.A.",5,0,2.5,1.0488088481701512,100.0,2.3836564731139815,0.0
2016-07-01,"CITIBANK, N.A.",6,0,3.0,1.4142135623730947,100.0,2.1213203435596433,0.0
2016-08-01,"CITIBANK, N.A.",4,0,3.8333333333333335,1.471960144387974,4.347826086956517,0.11322770341445952,0.0
2016-09-01,"CITIBANK, N.A.",2,0,4.0,1.4142135623730945,-50.0,-1.4142135623730956,0.0
2016-10-01,"CITIBANK, N.A.",4,0,3.8333333333333335,1.6020819787597216,4.347826086956517,0.10403129732205982,0.0
2016-11-01,"CITIBANK, N.A.",3,0,4.166666666666667,1.329160135825125,-28.000000000000004,-0.8777472595071591,0.0
2016-12-01,"CITIBANK, N.A.",1,0,4.0,1.4142135623730943,-75.0,-2.1213203435596437,0.0
2017-01-01,"CITIBANK, N.A.",1,0,3.3333333333333335,1.7511900715418256,-70.0,-1.3324272283470424,0.0
2017-02-01,"CITIBANK, N.A.",5,0,2.5,1.3784048752090212,100.0,1.8136906252750304,0.0
2017-03-01,"CITIBANK, N.A.",4,0,2.6666666666666665,1.632993161855451,50.000000000000014,0.8164965809277267,0.0
2017-04-01,"CITIBANK, N.A.",2,0,3.0,1.67332005306815,-33.33333333333333,-0.5976143046671972,0.0
2017-05-01,"CITIBANK, N.A.",5,0,2.6666666666666665,1.632993161855451,87.50000000000001,1.4288690166235216,0.0
2017-06-01,"CITIBANK, N.A.",3,0,3.0,1.8973665961010269,0.0,0.0,0.0
2017-07-01,"CITIBANK, N.A.",4,0,3.3333333333333335,1.6329931618554514,19.999999999999996,0.4082482904638631,0.0
2017-08-01,"CITIBANK, N.A.",4,0,3.8333333333333335,1.169045194450011,4.347826086956517,0.14256648712805026,0.0
2017-09-01,"CITIBANK, N.A.",3,0,3.6666666666666665,1.0327955589886435,-18.18181818181818,-0.6454972243679032,0.0
2017-10-01,"CITIBANK, N.A.",2,0,3.5,1.0488088481701505,-42.857142857142854,-1.4301938838683899,0.0
2017-11-01,"CITIBANK, N.A.",2,0,3.5,1.0488088481701505,-42.857142857142854,-1.4301938838683899,0.0
2017-12-01,"CITIBANK, N.A.",3,0,3.0,0.8944271909999142,0.0,0.0,0.0
2018-01-01,"CITIBANK, N.A.",3,0,3.0,0.8944271909999142,0.0,0.0,0.0
2018-02-01,"CITIBANK, N.A.",3,0,2.8333333333333335,0.7527726527090789,5.882352941176465,0.22140372138502423,0.0
2018-03-01,"CITIBANK, N.A.",5,0,2.6666666666666665,0.5163977794943191,87.50000000000001,4.518480570575347,0.0
2018-04-01,"CITIBANK, N.A.",4,0,3.0,1.0954451150103308,33.33333333333333,0.912870929175278,0.0
2018-05-01,"CITIBANK, N.A.",5,0,3.3333333333333335,1.0327955589886433,49.99999999999999,1.6137430609197587,0.0
2018-06-01,"CITIBANK, N.A.",3,0,3.8333333333333335,0.9831920802501742,-21.73913043478261,-0.8475793795260138,0.0
2018-07-01,"CITIBANK, N.A.",4,0,3.8333333333333335,0.9831920802501742,4.347826086956517,0.1695158759052026,0.0
2018-08-01,"CITIBANK, N.A.",3,0,4.0,0.8944271909999152,-25.0,-1.1180339887498958,0.0
2018-09-01,"CITIBANK, N.A.",3,0,4.0,0.8944271909999152,-25.0,-1.1180339887498958,0.0
2018-10-01,"CITIBANK, N.A.",5,0,3.6666666666666665,0.816496580927725,36.36363636363637,1.6329931618554543,0.0
2018-11-01,"CITIBANK, N.A.",4,0,3.8333333333333335,0.9831920802501743,4.347826086956517,0.16951587590520256,0.0
2018-12-01,"CITIBANK, N.A.",4,0,3.6666666666666665,0.816496580927725,9.090909090909095,0.4082482904638637,0.0
2019-01-01,"CITIBANK, N.A.",2,0,3.8333333333333335,0.7527726527090801,-47.82608695652174,-2.435440935235265,0.0
2019-02-01,"CITIBANK, N.A.",4,0,3.5,1.0488088481701507,14.285714285714285,0.4767312946227965,0.0
2019-03-01,"CITIBANK, N.A.",6,0,3.6666666666666665,1.0327955589886437,63.63636363636365,2.2592402852876616,0.0
2019-04-01,"CITIBANK, N.A.",8,0,4.166666666666667,1.329160135825125,91.99999999999999,2.8840267098092363,0.0
2019-05-01,"CITIBANK, N.A.",2,0,4.666666666666667,2.065591117977289,-57.14285714285715,-1.2909944487358058,0.0
2019-06-01,"CITIBANK, N.A.",2,0,4.333333333333333,2.338090388900024,-53.84615384615385,-0.9979654098963519,0.0
2019-07-01,"CITIBANK, N.A.",3,0,4.0,2.5298221281347035,-25.0,-0.3952847075210474,0.0
2019-08-01,"CITIBANK, N.A.",5,0,4.166666666666667,2.401388487243717,19.999999999999993,0.34702145769417864,0.0
2019-09-01,"CITIBANK, N.A.",3,0,4.333333333333333,2.422120283277993,-30.769230769230766,-0.5504818825631802,0.0
2019-10-01,"CITIBANK, N.A.",1,0,3.8333333333333335,2.3166067138525404,-73.91304347826087,-1.2230532340215279,0.0
2019-11-01,"CITIBANK, N.A.",4,0,2.6666666666666665,1.3662601021279468,50.000000000000014,0.9759000729485331,0.0
2019-12-01,"CITIBANK, N.A.",3,0,3.0,1.4142135623730954,0.0,0.0,0.0
2020-01-01,"CITIBANK, N.A.",2,0,3.1666666666666665,1.329160135825126,-36.84210526315789,-0.8777472595071583,0.0
2020-02-01,"CITIBANK, N.A.",5,0,3.0,1.4142135623730954,66.66666666666666,1.4142135623730947,0.0
2020-03-01,"CITIBANK, N.A.",6,0,3.0,1.4142135623730954,100.0,2.121320343559642,0.0
2020-04-01,"CITIBANK, N.A.",6,0,3.5,1.8708286933869709,71.42857142857143,1.3363062095621219,0.0
2020-05-01,"CITIBANK, N.A.",8,0,4.333333333333333,1.6329931618554523,84.61538461538463,2.2453655975512463,0.0
2020-06-01,"CITIBANK, N.A.",5,0,5.0,2.1908902300206647,0.0,0.0,0.0
2020-07-01,"CITIBANK, N.A.",5,0,5.333333333333333,1.9663841605003505,-6.249999999999995,-0.16951587590520242,0.0
2020-08-01,"CITIBANK, N.A.",7,0,5.833333333333333,1.1690451944500122,20.000000000000007,0.997965409896352,0.0
2020-09-01,"CITIBANK, N.A.",3,0,6.166666666666667,1.169045194450012,-51.35135135135135,-2.7087632554329555,0.0
2020-10-01,"CITIBANK, N.A.",9,0,5.666666666666667,1.7511900715418265,58.823529411764696,1.903467469067202,0.0
2020-11-01,"CITIBANK, N.A.",3,0,6.166666666666667,2.2286019533929036,-51.35135135135135,-1.4209207085391,0.0
2020-12-01,"CITIBANK, N.A.",10,0,5.333333333333333,2.338090388900025,87.50000000000001,1.9959308197927033,0.0
2021-01-01,"CITIBANK, N.A.",4,0,6.166666666666667,2.9944392908634274,-35.13513513513514,-0.7235633974205309,0.0
2021-02-01,"CITIBANK, N.A.",9,0,6.0,3.0983866769659336,50.0,0.9682458365518541,0.0
2021-03-01,"CITIBANK, N.A.",2,0,6.333333333333333,3.3266599866332394,-68.42105263157895,-1.3026078260913287,0.0
2021-04-01,"CITIBANK, N.A.",3,0,6.166666666666667,3.5449494589721118,-51.35135135135135,-0.893289651465121,0.0
2021-05-01,"CITIBANK, N.A.",2,0,5.166666666666667,3.4302575219167832,-61.29032258064516,-0.9231571234620236,0.0
2021-06-01,"CITIBANK, N.A.",3,0,5.0,3.5777087639996643,-40.0,-0.5590169943749473,0.0
2021-07-01,"CITIBANK, N.A.",4,0,3.8333333333333335,2.6394443859772223,4.347826086956517,0.0631446025353401,0.0
2021-08-01,"CITIBANK, N.A.",3,0,3.8333333333333335,2.6394443859772223,-21.73913043478261,-0.3157230126767009,0.0
2021-09-01,"CITIBANK, N.A.",3,0,2.8333333333333335,0.752772652709089,5.882352941176465,0.22140372138502126,0.0
2021-10-01,"CITIBANK, N.A.",6,0,3.0,0.632455532033685,100.0,4.743416490252501,0.0
2021-11-01,"CITIBANK, N.A.",8,0,3.5,1.3784048752090257,128.57142857142858,3.264643125495044,0.0
2021-12-01,"CITIBANK, N.A.",3,0,4.5,2.0736441353327737,-33.33333333333333,-0.7233642332556176,0.0
2022-01-01,"CITIBANK, N.A.",10,0,4.5,2.0736441353327737,122.22222222222223,2.6523355219372644,0.0
2022-02-01,"CITIBANK, N.A.",3,0,5.5,3.0166206257996717,-45.45454545454545,-0.8287419301647447,0.0
2022-03-01,"CITIBANK, N.A.",5,0,5.5,3.0166206257996717,-9.090909090909092,-0.16574838603294895,0.0
2022-04-01,"CITIBANK, N.A.",1,0,5.833333333333333,2.786873995477131,-82.85714285714285,-1.7343207267990726,0.0
2022-05-01,"CITIBANK, N.A.",2,0,5.0,3.405877273185281,-60.0,-0.8808303292720551,0.0
2022-06-01,"CITIBANK, N.A.",2,0,4.0,3.2249030993194214,-50.0,-0.620173672946042,0.0
2022-07-01,"CITIBANK, N.A.",1,0,3.8333333333333335,3.311595788538613,-73.91304347826087,-0.8555794590449295,0.0
2022-08-01,"CITIBANK, N.A.",5,0,2.3333333333333335,1.5055453054181678,114.28571428571428,1.7712297710801836,0.0
2022-09-01,"CITIBANK, N.A.",1,0,2.6666666666666665,1.8618986725025297,-62.5,-0.895143592549289,0.0
2022-10-01,"CITIBANK, N.A.",6,0,2.0,1.5491933384829728,200.0,2.581988897471601,0.0
2022-11-01,"CITIBANK, N.A.",3,0,2.8333333333333335,2.1369760566432845,5.882352941176465,0.07799182688479107,0.0
2022-12-01,"CITIBANK, N.A.",5,0,3.0,2.0976176963403064,66.66666666666666,0.9534625892455908,0.0
2023-01-01,"CITIBANK, N.A.",3,0,3.5,2.167948338867883,-14.285714285714285,-0.23063280200722094,0.0
2023-02-01,"CITIBANK, N.A.",4,0,3.8333333333333335,1.8348478592697213,4.347826086956517,0.0908340524390947,0.0
2023-03-01,"CITIBANK, N.A.",5,0,3.6666666666666665,1.7511900715418298,36.36363636363637,0.7613869876268795,0.0
2023-04-01,"CITIBANK, N.A.",3,0,4.333333333333333,1.2110601416390008,-30.769230769230766,-1.1009637651263566,0.0
2023-05-01,"CITIBANK, N.A.",7,0,3.8333333333333335,0.983192080250181,82.6086956521739,3.2208016421988295,0.0
2023-06-01,"CITIBANK, N.A.",6,0,4.5,1.516575088810313,33.33333333333333,0.9890707100936785,0.0
2023-07-01,"CITIBANK, N.A.",6,0,4.666666666666667,1.6329931618554547,28.571428571428566,0.8164965809277245,0.0
2023-08-01,"CITIBANK, N.A.",5,0,5.166666666666667,1.4719601443879766,-3.225806451612909,-0.1132277034144596,0.0
2023-09-01,"CITIBANK, N.A.",5,0,5.333333333333333,1.3662601021279484,-6.249999999999995,-0.24397501823713275,0.0
2023-10-01,"CITIBANK, N.A.",7,0,5.333333333333333,1.3662601021279484,31.250000000000007,1.219875091185665,0.0
2023-11-01,"CITIBANK, N.A.",6,0,6.0,0.8944271909999176,0.0,0.0,0.0
2023-12-01,"CITIBANK, N.A.",3,0,5.833333333333333,0.7527726527090837,-48.57142857142857,-3.763863263545391,0.0
2024-01-01,"CITIBANK, N.A.",5,0,5.333333333333333,1.3662601021279488,-6.249999999999995,-0.24397501823713266,0.0
2024-02-01,"CITIBANK, N.A.",5,0,5.166666666666667,1.3291601358251286,-3.225806451612909,-0.12539246564387974,0.0
2024-03-01,"CITIBANK, N.A.",4,0,5.166666666666667,1.3291601358251286,-22.580645161290327,-0.8777472595071568,0.0
2024-04-01,"CITIBANK, N.A.",5,0,5.0,1.414213562373098,0.0,0.0,0.0
2024-05-01,"CITIBANK, N.A.",7,0,4.666666666666667,1.0327955589886497,49.999999999999986,2.2592402852876483,0.0
2024-06-01,"CITIBANK, N.A.",4,0,4.833333333333333,1.329160135825129,-17.241379310344822,-0.6269623282193971,0.0
2024-07-01,"CITIBANK, N.A.",8,0,5.0,1.0954451150103357,60.0,2.7386127875258217,0.0
2024-08-01,"CITIBANK, N.A.",9,0,5.5,1.6431676725154996,63.63636363636363,2.1300321680756444,0.0
2024-09-01,"CITIBANK, N.A.",5,0,6.166666666666667,2.1369760566432805,-18.918918918918923,-0.5459427881935391,0.0
2024-10-01,"CITIBANK, N.A.",7,0,6.333333333333333,1.9663841605003494,10.526315789473689,0.33903175181040546,0.0
2024-11-01,"CITIBANK, N.A.",4,0,6.666666666666667,1.8618986725025242,-40.0,-1.432229748078867,0.0
2024-12-01,"CITIBANK, N.A.",5,0,6.166666666666667,2.1369760566432805,-18.918918918918923,-0.5459427881935391,0.0
2025-01-01,"CITIBANK, N.A.",8,0,6.333333333333333,1.9663841605003491,26.315789473684216,0.8475793795260136,0.0
2025-02-01,"CITIBANK, N.A.",10,0,6.333333333333333,1.9663841605003491,57.89473684210527,1.8646746349572296,0.0
2025-03-01,"CITIBANK, N.A.",5,0,6.5,2.258317958127242,-23.076923076923077,-0.6642111641550718,0.0
2025-04-01,"CITIBANK, N.A.",8,0,6.5,2.258317958127242,23.076923076923077,0.6642111641550718,0.0
2025-05-01,"CITIBANK, N.A.",7,0,6.666666666666667,2.338090388900023,4.999999999999996,0.1425664871280502,0.0
2025-06-01,"CITIBANK, N.A.",4,0,7.166666666666667,1.9407902170679499,-44.18604651162791,-1.6316377931102264,0.0
2025-07-01,"CITIBANK, N.A.",15,0,7.0,2.190890230020663,114.28571428571428,3.65148371670111,0.0
2025-08-01,"CITIBANK, N.A.",5,0,8.166666666666666,3.970726214015096,-38.77551020408163,-0.797503150806415,0.0
2025-09-01,"CITIBANK, N.A.",6,0,7.333333333333333,4.033195589934445,-18.18181818181818,-0.33058980245364317,0.0
2025-10-01,"CITIBANK, N.A.",10,0,7.5,3.9370039370059042,33.33333333333333,0.6350006350009527,0.0
2025-11-01,"CITIBANK, N.A.",6,0,7.833333333333333,4.070217029430575,-23.404255319148934,-0.45042643182833353,0.0
2025-12-01,"CITIBANK, N.A.",3,0,7.666666666666667,4.131182235954577,-60.86956521739131,-1.1296201426438304,0.0
2026-01-01,"CITIBANK, N.A.",6,0,7.5,4.324349662087929,-20.0,-0.34687296754716035,0.0
2026-02-01,"CITIBANK, N.A.",4,0,6.0,2.2803508501982748,-33.33333333333333,-0.8770580193070296,0.0
2026-03-01,"CITIBANK, N.A.",5,0,5.833333333333333,2.401388487243716,-14.285714285714283,-0.34702145769417875,0.0
2026-04-01,"CITIBANK, N.A.",4,0,5.666666666666667,2.4221202832779922,-29.411764705882355,-0.6881023532039758,0.0
2026-05-01,"CITIBANK, N.A.",0,0,4.666666666666667,1.211060141638996,-100.0,-3.853373177942265,0.0
2026-06-01,"CITIBANK, N.A.",1,0,3.6666666666666665,2.0655911179772892,-72.72727272727273,-1.2909944487358054,0.0
2015-03-01,DISCOVER BANK,1,0,,,,,0.0
2015-04-01,DISCOVER BANK,2,0,,,,,0.0
2015-05-01,DISCOVER BANK,0,0,,,,,0.0
2015-06-01,DISCOVER BANK,0,0,1.0,1.0,-100.0,-1.0,0.0
2015-07-01,DISCOVER BANK,1,0,0.75,0.9574271077563381,33.33333333333333,0.26111648393354675,0.0
2015-08-01,DISCOVER BANK,1,0,0.8,0.8366600265340756,24.999999999999993,0.23904572186687867,0.0
2015-09-01,DISCOVER BANK,0,0,0.8333333333333334,0.752772652709081,-100.0,-1.107018606925119,0.0
2015-10-01,DISCOVER BANK,1,0,0.6666666666666666,0.816496580927726,50.000000000000014,0.4082482904638631,0.0
2015-11-01,DISCOVER BANK,1,0,0.5,0.5477225575051661,100.0,0.9128709291752769,0.0
2015-12-01,DISCOVER BANK,1,0,0.6666666666666666,0.5163977794943222,50.000000000000014,0.6454972243679029,0.0
2016-01-01,DISCOVER BANK,0,0,0.8333333333333334,0.408248290463863,-100.0,-2.041241452319315,0.0
2016-02-01,DISCOVER BANK,1,0,0.6666666666666666,0.5163977794943222,50.000000000000014,0.6454972243679029,0.0
2016-03-01,DISCOVER BANK,0,0,0.6666666666666666,0.5163977794943222,-100.0,-1.2909944487358056,0.0
2016-04-01,DISCOVER BANK,0,0,0.6666666666666666,0.5163977794943222,-100.0,-1.2909944487358056,0.0
2016-05-01,DISCOVER BANK,0,0,0.5,0.5477225575051661,-100.0,-0.9128709291752769,0.0
2016-06-01,DISCOVER BANK,1,0,0.3333333333333333,0.5163977794943222,200.00000000000006,1.2909944487358058,0.0
2016-07-01,DISCOVER BANK,0,0,0.3333333333333333,0.5163977794943222,-100.0,-0.6454972243679028,0.0
2016-08-01,DISCOVER BANK,1,0,0.3333333333333333,0.5163977794943222,200.00000000000006,1.2909944487358058,0.0
2016-09-01,DISCOVER BANK,1,0,0.3333333333333333,0.5163977794943222,200.00000000000006,1.2909944487358058,0.0
2016-10-01,DISCOVER BANK,0,0,0.5,0.5477225575051661,-100.0,-0.9128709291752769,0.0
2016-11-01,DISCOVER BANK,0,0,0.5,0.5477225575051661,-100.0,-0.9128709291752769,0.0
2016-12-01,DISCOVER BANK,0,0,0.5,0.5477225575051661,-100.0,-0.9128709291752769,0.0
2017-01-01,DISCOVER BANK,0,0,0.3333333333333333,0.5163977794943222,-100.0,-0.6454972243679028,0.0
2017-02-01,DISCOVER BANK,1,0,0.3333333333333333,0.5163977794943222,200.00000000000006,1.2909944487358058,0.0
2017-03-01,DISCOVER BANK,0,0,0.3333333333333333,0.5163977794943222,-100.0,-0.6454972243679028,0.0
2017-04-01,DISCOVER BANK,0,0,0.16666666666666666,0.408248290463863,-100.0,-0.408248290463863,0.0
2017-05-01,DISCOVER BANK,2,0,0.16666666666666666,0.408248290463863,1100.0,4.490731195102493,0.0
2017-06-01,DISCOVER BANK,0,0,0.5,0.8366600265340756,-100.0,-0.5976143046671968,0.0
2017-07-01,DISCOVER BANK,2,0,0.5,0.8366600265340756,300.0,1.7928429140015905,0.0
2017-08-01,DISCOVER BANK,0,0,0.8333333333333334,0.9831920802501751,-100.0,-0.8475793795260129,0.0
2017-09-01,DISCOVER BANK,1,0,0.6666666666666666,1.0327955589886446,50.000000000000014,0.3227486121839514,0.0
2017-10-01,DISCOVER BANK,0,0,0.8333333333333334,0.9831920802501751,-100.0,-0.8475793795260129,0.0
2017-11-01,DISCOVER BANK,0,0,0.8333333333333334,0.9831920802501751,-100.0,-0.8475793795260129,0.0
2017-12-01,DISCOVER BANK,2,0,0.5,0.8366600265340756,300.0,1.7928429140015905,0.0
2018-01-01,DISCOVER BANK,3,0,0.8333333333333334,0.9831920802501751,259.99999999999994,2.2037063867676334,0.0
2018-02-01,DISCOVER BANK,0,0,1.0,1.2649110640673518,-100.0,-0.7905694150420948,0.0
2018-03-01,DISCOVER BANK,1,0,1.0,1.2649110640673518,0.0,0.0,0.0
2018-04-01,DISCOVER BANK,3,0,1.0,1.2649110640673518,200.0,1.5811388300841895,0.0
2018-05-01,DISCOVER BANK,0,0,1.5,1.378404875209022,-100.0,-1.0882143751650175,0.0
2018-06-01,DISCOVER BANK,2,0,1.5,1.378404875209022,33.33333333333333,0.36273812505500586,0.0
2018-07-01,DISCOVER BANK,1,0,1.5,1.378404875209022,-33.33333333333333,-0.36273812505500586,0.0
2018-08-01,DISCOVER BANK,1,0,1.1666666666666667,1.1690451944500122,-14.28571428571429,-0.1425664871280503,0.0
2018-09-01,DISCOVER BANK,1,0,1.3333333333333333,1.0327955589886444,-24.999999999999993,-0.32274861218395134,0.0
2018-10-01,DISCOVER BANK,0,0,1.3333333333333333,1.0327955589886444,-100.0,-1.2909944487358056,0.0
2018-11-01,DISCOVER BANK,1,0,0.8333333333333334,0.7527726527090809,19.999999999999996,0.22140372138502382,0.0
2018-12-01,DISCOVER BANK,0,0,1.0,0.6324555320336758,-100.0,-1.58113883008419,0.0
2019-01-01,DISCOVER BANK,0,0,0.6666666666666666,0.5163977794943221,-100.0,-1.290994448735806,0.0
2019-02-01,DISCOVER BANK,0,0,0.5,0.5477225575051659,-100.0,-0.9128709291752773,0.0
2019-03-01,DISCOVER BANK,0,0,0.3333333333333333,0.5163977794943221,-100.0,-0.645497224367903,0.0
2019-04-01,DISCOVER BANK,2,0,0.16666666666666666,0.4082482904638627,1100.0,4.490731195102497,0.0
2019-05-01,DISCOVER BANK,1,0,0.5,0.8366600265340753,100.0,0.597614304667197,0.0
2019-06-01,DISCOVER BANK,0,0,0.5,0.8366600265340753,-100.0,-0.597614304667197,0.0
2019-07-01,DISCOVER BANK,0,0,0.5,0.8366600265340753,-100.0,-0.597614304667197,0.0
2019-08-01,DISCOVER BANK,1,0,0.5,0.8366600265340753,100.0,0.597614304667197,0.0
2019-09-01,DISCOVER BANK,0,0,0.6666666666666666,0.8164965809277259,-100.0,-0.8164965809277261,0.0
2019-10-01,DISCOVER BANK,0,0,0.6666666666666666,0.8164965809277259,-100.0,-0.8164965809277261,0.0
2019-11-01,DISCOVER BANK,2,0,0.3333333333333333,0.516397779494322,500.0000000000001,3.227486121839516,0.0
2019-12-01,DISCOVER BANK,3,0,0.5,0.8366600265340753,500.0,2.988071523335985,0.0
2020-01-01,DISCOVER BANK,0,0,1.0,1.2649110640673518,-100.0,-0.7905694150420948,0.0
2020-02-01,DISCOVER BANK,1,0,1.0,1.2649110640673518,0.0,0.0,0.0
2020-03-01,DISCOVER BANK,0,0,1.0,1.2649110640673518,-100.0,-0.7905694150420948,0.0
2020-04-01,DISCOVER BANK,0,0,1.0,1.2649110640673518,-100.0,-0.7905694150420948,0.0
2020-05-01,DISCOVER BANK,2,0,1.0,1.2649110640673518,100.0,0.7905694150420948,0.0
2020-06-01,DISCOVER BANK,2,0,1.0,1.2649110640673518,100.0,0.7905694150420948,0.0
2020-07-01,DISCOVER BANK,3,0,0.8333333333333334,0.9831920802501751,259.99999999999994,2.2037063867676334,0.0
2020-08-01,DISCOVER BANK,2,0,1.3333333333333333,1.2110601416389968,50.000000000000014,0.5504818825631803,0.0
2020-09-01,DISCOVER BANK,2,0,1.5,1.2247448713915892,33.33333333333333,0.40824829046386296,0.0
2020-10-01,DISCOVER BANK,2,0,1.8333333333333333,0.9831920802501752,9.090909090909095,0.16951587590520265,0.0
2020-11-01,DISCOVER BANK,2,0,2.1666666666666665,0.4082482904638638,-7.692307692307685,-0.40824829046386185,0.0
2020-12-01,DISCOVER BANK,2,0,2.1666666666666665,0.4082482904638638,-7.692307692307685,-0.40824829046386185,0.0
2021-01-01,DISCOVER BANK,1,0,2.1666666666666665,0.4082482904638638,-53.84615384615385,-2.8577380332470352,0.0
2021-02-01,DISCOVER BANK,2,0,1.8333333333333333,0.408248290463863,9.090909090909095,0.4082482904638632,0.0
2021-03-01,DISCOVER BANK,1,0,1.8333333333333333,0.408248290463863,-45.45454545454545,-2.0412414523193148,0.0
2021-04-01,DISCOVER BANK,0,0,1.6666666666666667,0.5163977794943222,-100.0,-3.2274861218395148,0.0
2021-05-01,DISCOVER BANK,2,0,1.3333333333333333,0.8164965809277259,50.000000000000014,0.8164965809277263,0.0
2021-06-01,DISCOVER BANK,3,0,1.3333333333333333,0.8164965809277259,125.00000000000003,2.0412414523193156,0.0
2021-07-01,DISCOVER BANK,4,0,1.5,1.0488088481701514,166.66666666666669,2.383656473113981,0.0
2021-08-01,DISCOVER BANK,2,0,2.0,1.4142135623730951,0.0,0.0,0.0
2021-09-01,DISCOVER BANK,1,0,2.0,1.4142135623730951,-50.0,-0.7071067811865475,0.0
2021-10-01,DISCOVER BANK,1,0,2.0,1.4142135623730951,-50.0,-0.7071067811865475,0.0
2021-11-01,DISCOVER BANK,1,0,2.1666666666666665,1.1690451944500122,-53.84615384615385,-0.9979654098963516,0.0
2021-12-01,DISCOVER BANK,2,0,2.0,1.2649110640673518,0.0,0.0,0.0
2022-01-01,DISCOVER BANK,1,0,1.8333333333333333,1.169045194450012,-45.45454545454545,-0.7128324356402513,0.0
2022-02-01,DISCOVER BANK,3,0,1.3333333333333333,0.5163977794943218,125.00000000000003,3.2274861218395174,0.0
2022-03-01,DISCOVER BANK,4,0,1.5,0.8366600265340752,166.66666666666669,2.9880715233359854,0.0
2022-04-01,DISCOVER BANK,2,0,2.0,1.2649110640673515,0.0,0.0,0.0
2022-05-01,DISCOVER BANK,0,0,2.1666666666666665,1.1690451944500118,-100.0,-1.8533643326646538,0.0
2022-06-01,DISCOVER BANK,2,0,2.0,1.414213562373095,0.0,0.0,0.0
2022-07-01,DISCOVER BANK,4,0,2.0,1.414213562373095,100.0,1.4142135623730951,0.0
2022-08-01,DISCOVER BANK,2,0,2.5,1.5165750888103096,-20.0,-0.3296902366978936,0.0
2022-09-01,DISCOVER BANK,2,0,2.3333333333333335,1.5055453054181616,-14.28571428571429,-0.22140372138502398,0.0
2022-10-01,DISCOVER BANK,1,0,2.0,1.2649110640673513,-50.0,-0.7905694150420951,0.0
2022-11-01,DISCOVER BANK,2,0,1.8333333333333333,1.3291601358251253,9.090909090909095,0.12539246564387987,0.0
2022-12-01,DISCOVER BANK,3,0,2.1666666666666665,0.9831920802501745,38.46153846153847,0.8475793795260136,0.0
2023-01-01,DISCOVER BANK,3,0,2.3333333333333335,1.0327955589886442,28.571428571428566,0.6454972243679029,0.0
2023-02-01,DISCOVER BANK,2,0,2.1666666666666665,0.7527726527090803,-7.692307692307685,-0.22140372138502382,0.0
2023-03-01,DISCOVER BANK,6,0,2.1666666666666665,0.7527726527090803,176.92307692307693,5.0922855918555525,0.0
2023-04-01,DISCOVER BANK,1,0,2.8333333333333335,1.7224014243685084,-64.70588235294117,-1.0644053746097526,0.0
2023-05-01,DISCOVER BANK,3,0,2.8333333333333335,1.7224014243685086,5.882352941176465,0.09676412496452284,0.0
2023-06-01,DISCOVER BANK,1,0,3.0,1.6733200530681513,-66.66666666666666,-1.1952286093343936,0.0
2023-07-01,DISCOVER BANK,5,0,2.6666666666666665,1.8618986725025257,87.50000000000001,1.2532010295690075,0.0
2023-08-01,DISCOVER BANK,1,0,3.0,2.0976176963403033,-66.66666666666666,-0.9534625892455922,0.0
2023-09-01,DISCOVER BANK,5,0,2.8333333333333335,2.228601953392904,76.47058823529412,0.9722089058425418,0.0
2023-10-01,DISCOVER BANK,3,0,2.6666666666666665,1.9663841605003503,12.500000000000005,0.16951587590520265,0.0
2023-11-01,DISCOVER BANK,2,0,3.0,1.7888543819998322,-33.33333333333333,-0.5590169943749473,0.0
2023-12-01,DISCOVER BANK,2,0,2.8333333333333335,1.8348478592697182,-29.411764705882355,-0.45417026219547474,0.0
2024-01-01,DISCOVER BANK,3,0,3.0,1.6733200530681513,0.0,0.0,0.0
2024-02-01,DISCOVER BANK,3,0,2.6666666666666665,1.3662601021279461,12.500000000000005,0.24397501823713347,0.0
2024-03-01,DISCOVER BANK,2,0,3.0,1.0954451150103326,-33.33333333333333,-0.9128709291752766,0.0
2024-04-01,DISCOVER BANK,11,0,2.5,0.547722557505165,340.0,15.51880579597974,0.0
2024-05-01,DISCOVER BANK,1,0,3.8333333333333335,3.544949458972112,-73.91304347826087,-0.7992591618372133,0.0
2024-06-01,DISCOVER BANK,2,0,3.6666666666666665,3.6696957185394363,-45.45454545454545,-0.4541702621954746,0.0
2024-07-01,DISCOVER BANK,1,0,3.6666666666666665,3.6696957185394363,-72.72727272727273,-0.7266724195127594,0.0
2024-08-01,DISCOVER BANK,0,0,3.3333333333333335,3.8297084310253524,-100.0,-0.8703882797784892,0.0
2024-09-01,DISCOVER BANK,4,0,2.8333333333333335,4.070217029430577,41.17647058823529,0.28663500207257575,0.0
2024-10-01,DISCOVER BANK,3,0,3.1666666666666665,4.070217029430577,-5.263157894736838,-0.04094785743893936,0.0
2024-11-01,DISCOVER BANK,0,0,1.8333333333333333,1.4719601443879733,-100.0,-1.2455047375590562,0.0
2024-12-01,DISCOVER BANK,3,0,1.6666666666666667,1.6329931618554507,80.0,0.8164965809277267,0.0
2025-01-01,DISCOVER BANK,2,0,1.8333333333333333,1.7224014243685075,9.090909090909095,0.09676412496452304,0.0
2025-02-01,DISCOVER BANK,4,0,2.0,1.6733200530681505,100.0,1.195228609334394,0.0
2025-03-01,DISCOVER BANK,4,0,2.6666666666666665,1.5055453054181622,50.000000000000014,0.8856148855400953,0.0
2025-04-01,DISCOVER BANK,8,0,2.6666666666666665,1.5055453054181622,200.00000000000006,3.542459542160381,0.0
2025-05-01,DISCOVER BANK,4,0,3.5,2.6645825188948464,14.285714285714285,0.18764665626020033,0.0
2025-06-01,DISCOVER BANK,3,0,4.166666666666667,2.041241452319317,-28.000000000000004,-0.5715476066494078,0.0
2025-07-01,DISCOVER BANK,7,0,4.166666666666667,2.041241452319317,67.99999999999999,1.3880441875771328,0.0
2025-08-01,DISCOVER BANK,1,0,5.0,2.000000000000003,-80.0,-1.999999999999997,0.0
2025-09-01,DISCOVER BANK,1,0,4.5,2.5884358211089586,-77.77777777777779,-1.3521679662509467,0.0
2025-10-01,DISCOVER BANK,2,0,4.0,2.9664793948382666,-50.0,-0.6741998624632417,0.0
2025-11-01,DISCOVER BANK,5,0,3.0,2.280350850198276,66.66666666666666,0.8770580193070292,0.0
2025-12-01,DISCOVER BANK,2,0,3.1666666666666665,2.401388487243717,-36.84210526315789,-0.48583004077185016,0.0
2026-01-01,DISCOVER BANK,2,0,3.0,2.449489742783178,-33.33333333333333,-0.4082482904638631,0.0
2026-02-01,DISCOVER BANK,2,0,2.1666666666666665,1.4719601443879724,-7.692307692307685,-0.11322770341445963,0.0
2026-03-01,DISCOVER BANK,2,0,2.3333333333333335,1.3662601021279446,-14.28571428571429,-0.24397501823713375,0.0
2026-04-01,DISCOVER BANK,0,0,2.5,1.2247448713915874,-100.0,-2.041241452319318,0.0
2026-05-01,DISCOVER BANK,0,0,2.1666666666666665,1.6020819787597202,-100.0,-1.3524068651867798,0.0
2026-06-01,DISCOVER BANK,0,0,1.3333333333333333,1.0327955589886393,-100.0,-1.290994448735812,0.0
2015-03-01,ENCORE CAPITAL GROUP INC.,0,0,,,,,0.0
2015-04-01,ENCORE CAPITAL GROUP INC.,0,0,,,,,0.0
2015-05-01,ENCORE CAPITAL GROUP INC.,1,0,,,,,0.0
2015-06-01,ENCORE CAPITAL GROUP INC.,1,0,0.3333333333333333,0.5773502691896258,200.00000000000006,1.1547005383792515,0.0
2015-07-01,ENCORE CAPITAL GROUP INC.,2,0,0.5,0.5773502691896257,300.0,2.598076211353316,0.0
2015-08-01,ENCORE CAPITAL GROUP INC.,1,0,0.8,0.8366600265340756,24.999999999999993,0.23904572186687867,0.0
2015-09-01,ENCORE CAPITAL GROUP INC.,2,0,0.8333333333333334,0.752772652709081,139.99999999999997,1.5498260496951666,0.0
2015-10-01,ENCORE CAPITAL GROUP INC.,2,0,1.1666666666666667,0.752772652709081,71.42857142857142,1.107018606925119,0.0
2015-11-01,ENCORE CAPITAL GROUP INC.,1,0,1.5,0.5477225575051661,-33.33333333333333,-0.9128709291752769,0.0
2015-12-01,ENCORE CAPITAL GROUP INC.,3,0,1.5,0.5477225575051661,100.0,2.7386127875258306,0.0
2016-01-01,ENCORE CAPITAL GROUP INC.,1,0,1.8333333333333333,0.7527726527090809,-45.45454545454545,-1.107018606925119,0.0
2016-02-01,ENCORE CAPITAL GROUP INC.,0,0,1.6666666666666667,0.816496580927726,-100.0,-2.041241452319315,0.0
2016-03-01,ENCORE CAPITAL GROUP INC.,3,0,1.5,1.0488088481701516,100.0,1.4301938838683883,0.0
2016-04-01,ENCORE CAPITAL GROUP INC.,0,0,1.6666666666666667,1.2110601416389966,-100.0,-1.376204706407951,0.0
2016-05-01,ENCORE CAPITAL GROUP INC.,1,0,1.3333333333333333,1.3662601021279464,-24.999999999999993,-0.24397501823713325,0.0
2016-06-01,ENCORE CAPITAL GROUP INC.,0,0,1.3333333333333333,1.3662601021279464,-100.0,-0.9759000729485332,0.0
2016-07-01,ENCORE CAPITAL GROUP INC.,0,0,0.8333333333333334,1.1690451944500124,-100.0,-0.7128324356402511,0.0
2016-08-01,ENCORE CAPITAL GROUP INC.,0,0,0.6666666666666666,1.211060141638997,-100.0,-0.5504818825631801,0.0
2016-09-01,ENCORE CAPITAL GROUP INC.,0,0,0.6666666666666666,1.211060141638997,-100.0,-0.5504818825631801,0.0
2016-10-01,ENCORE CAPITAL GROUP INC.,0,0,0.16666666666666666,0.40824829046386385,-100.0,-0.4082482904638622,0.0
2016-11-01,ENCORE CAPITAL GROUP INC.,0,0,0.16666666666666666,0.40824829046386385,-100.0,-0.4082482904638622,0.0
2016-12-01,ENCORE CAPITAL GROUP INC.,0,0,0.0,0.0,,,0.0
2017-01-01,ENCORE CAPITAL GROUP INC.,1,0,0.0,0.0,,,0.0
2017-02-01,ENCORE CAPITAL GROUP INC.,0,0,0.16666666666666666,0.408248290463863,-100.0,-0.408248290463863,0.0
2017-03-01,ENCORE CAPITAL GROUP INC.,0,0,0.16666666666666666,0.408248290463863,-100.0,-0.408248290463863,0.0
2017-04-01,ENCORE CAPITAL GROUP INC.,0,0,0.16666666666666666,0.408248290463863,-100.0,-0.408248290463863,0.0
2017-05-01,ENCORE CAPITAL GROUP INC.,1,0,0.16666666666666666,0.408248290463863,500.0000000000001,2.041241452319315,0.0
2017-06-01,ENCORE CAPITAL GROUP INC.,1,0,0.3333333333333333,0.5163977794943223,200.00000000000006,1.2909944487358056,0.0
2017-07-01,ENCORE CAPITAL GROUP INC.,0,0,0.5,0.5477225575051662,-100.0,-0.9128709291752768,0.0
2017-08-01,ENCORE CAPITAL GROUP INC.,0,0,0.3333333333333333,0.5163977794943223,-100.0,-0.6454972243679027,0.0
2017-09-01,ENCORE CAPITAL GROUP INC.,0,0,0.3333333333333333,0.5163977794943223,-100.0,-0.6454972243679027,0.0
2017-10-01,ENCORE CAPITAL GROUP INC.,0,0,0.3333333333333333,0.5163977794943223,-100.0,-0.6454972243679027,0.0
2017-11-01,ENCORE CAPITAL GROUP INC.,1,0,0.3333333333333333,0.5163977794943223,200.00000000000006,1.2909944487358056,0.0
2017-12-01,ENCORE CAPITAL GROUP INC.,0,0,0.3333333333333333,0.5163977794943223,-100.0,-0.6454972243679027,0.0
2018-01-01,ENCORE CAPITAL GROUP INC.,3,0,0.16666666666666666,0.4082482904638631,1700.0000000000005,6.9402209378856705,0.0
2018-02-01,ENCORE CAPITAL GROUP INC.,1,0,0.6666666666666666,1.2110601416389968,50.000000000000014,0.27524094128159016,0.0
2018-03-01,ENCORE CAPITAL GROUP INC.,1,0,0.8333333333333334,1.1690451944500122,19.999999999999996,0.14256648712805023,0.0
2018-04-01,ENCORE CAPITAL GROUP INC.,1,0,1.0,1.0954451150103324,0.0,0.0,0.0
2018-05-01,ENCORE CAPITAL GROUP INC.,0,0,1.1666666666666667,0.9831920802501751,-100.0,-1.1866111313364183,0.0
2018-06-01,ENCORE CAPITAL GROUP INC.,0,0,1.0,1.0954451150103321,-100.0,-0.9128709291752769,0.0
2018-07-01,ENCORE CAPITAL GROUP INC.,1,0,1.0,1.0954451150103321,0.0,0.0,0.0
2018-08-01,ENCORE CAPITAL GROUP INC.,1,0,0.6666666666666666,0.5163977794943222,50.000000000000014,0.6454972243679029,0.0
2018-09-01,ENCORE CAPITAL GROUP INC.,0,0,0.6666666666666666,0.5163977794943222,-100.0,-1.2909944487358056,0.0
2018-10-01,ENCORE CAPITAL GROUP INC.,0,0,0.5,0.547722557505166,-100.0,-0.9128709291752771,0.0
2018-11-01,ENCORE CAPITAL GROUP INC.,1,0,0.3333333333333333,0.5163977794943221,200.00000000000006,1.2909944487358063,0.0
2018-12-01,ENCORE CAPITAL GROUP INC.,1,0,0.5,0.547722557505166,100.0,0.9128709291752771,0.0
2019-01-01,ENCORE CAPITAL GROUP INC.,0,0,0.6666666666666666,0.5163977794943222,-100.0,-1.2909944487358056,0.0
2019-02-01,ENCORE CAPITAL GROUP INC.,1,0,0.5,0.547722557505166,100.0,0.9128709291752771,0.0
2019-03-01,ENCORE CAPITAL GROUP INC.,3,0,0.5,0.547722557505166,500.0,4.564354645876386,0.0
2019-04-01,ENCORE CAPITAL GROUP INC.,1,0,1.0,1.0954451150103321,0.0,0.0,0.0
2019-05-01,ENCORE CAPITAL GROUP INC.,0,0,1.1666666666666667,0.983192080250175,-100.0,-1.1866111313364183,0.0
2019-06-01,ENCORE CAPITAL GROUP INC.,1,0,1.0,1.0954451150103321,0.0,0.0,0.0
2019-07-01,ENCORE CAPITAL GROUP INC.,1,0,1.0,1.0954451150103321,0.0,0.0,0.0
2019-08-01,ENCORE CAPITAL GROUP INC.,0,0,1.1666666666666667,0.983192080250175,-100.0,-1.1866111313364183,0.0
2019-09-01,ENCORE CAPITAL GROUP INC.,2,0,1.0,1.0954451150103321,100.0,0.9128709291752769,0.0
2019-10-01,ENCORE CAPITAL GROUP INC.,1,0,0.8333333333333334,0.7527726527090809,19.999999999999996,0.22140372138502382,0.0
2019-11-01,ENCORE CAPITAL GROUP INC.,0,0,0.8333333333333334,0.7527726527090809,-100.0,-1.1070186069251193,0.0
2019-12-01,ENCORE CAPITAL GROUP INC.,0,0,0.8333333333333334,0.7527726527090809,-100.0,-1.1070186069251193,0.0
2020-01-01,ENCORE CAPITAL GROUP INC.,2,0,0.6666666666666666,0.8164965809277259,200.00000000000006,1.6329931618554525,0.0
2020-02-01,ENCORE CAPITAL GROUP INC.,1,0,0.8333333333333334,0.983192080250175,19.999999999999996,0.16951587590520256,0.0
2020-03-01,ENCORE CAPITAL GROUP INC.,0,0,1.0,0.8944271909999159,-100.0,-1.118033988749895,0.0
2020-04-01,ENCORE CAPITAL GROUP INC.,1,0,0.6666666666666666,0.816496580927726,50.000000000000014,0.4082482904638631,0.0
2020-05-01,ENCORE CAPITAL GROUP INC.,1,0,0.6666666666666666,0.816496580927726,50.000000000000014,0.4082482904638631,0.0
2020-06-01,ENCORE CAPITAL GROUP INC.,0,0,0.8333333333333334,0.752772652709081,-100.0,-1.107018606925119,0.0
2020-07-01,ENCORE CAPITAL GROUP INC.,0,0,0.8333333333333334,0.752772652709081,-100.0,-1.107018606925119,0.0
2020-08-01,ENCORE CAPITAL GROUP INC.,1,0,0.5,0.5477225575051659,100.0,0.9128709291752773,0.0
2020-09-01,ENCORE CAPITAL GROUP INC.,1,0,0.5,0.5477225575051659,100.0,0.9128709291752773,0.0
2020-10-01,ENCORE CAPITAL GROUP INC.,0,0,0.6666666666666666,0.5163977794943221,-100.0,-1.290994448735806,0.0
2020-11-01,ENCORE CAPITAL GROUP INC.,3,0,0.5,0.5477225575051659,500.0,4.564354645876387,0.0
2020-12-01,ENCORE CAPITAL GROUP INC.,1,0,0.8333333333333334,1.1690451944500122,19.999999999999996,0.14256648712805023,0.0
2021-01-01,ENCORE CAPITAL GROUP INC.,2,0,1.0,1.0954451150103321,100.0,0.9128709291752769,0.0
2021-02-01,ENCORE CAPITAL GROUP INC.,3,0,1.3333333333333333,1.0327955589886446,125.00000000000003,1.613743060919757,0.0
2021-03-01,ENCORE CAPITAL GROUP INC.,5,0,1.6666666666666667,1.2110601416389968,199.99999999999997,2.752409412815901,0.0
2021-04-01,ENCORE CAPITAL GROUP INC.,0,0,2.3333333333333335,1.7511900715418265,-100.0,-1.3324272283470417,0.0
2021-05-01,ENCORE CAPITAL GROUP INC.,1,0,2.3333333333333335,1.7511900715418265,-57.14285714285715,-0.761386987626881,0.0
2021-06-01,ENCORE CAPITAL GROUP INC.,1,0,2.0,1.788854381999832,-50.0,-0.5590169943749473,0.0
2021-07-01,ENCORE CAPITAL GROUP INC.,1,0,2.0,1.788854381999832,-50.0,-0.5590169943749473,0.0
2021-08-01,ENCORE CAPITAL GROUP INC.,2,0,1.8333333333333333,1.8348478592697182,9.090909090909095,0.09083405243909498,0.0
2021-09-01,ENCORE CAPITAL GROUP INC.,0,0,1.6666666666666667,1.7511900715418263,-100.0,-0.9517337345336013,0.0
2021-10-01,ENCORE CAPITAL GROUP INC.,3,0,0.8333333333333334,0.7527726527090807,259.99999999999994,2.8782483780053107,0.0
2021-11-01,ENCORE CAPITAL GROUP INC.,2,0,1.3333333333333333,1.0327955589886444,50.000000000000014,0.6454972243679029,0.0
2021-12-01,ENCORE CAPITAL GROUP INC.,1,0,1.5,1.0488088481701516,-33.33333333333333,-0.4767312946227961,0.0
2022-01-01,ENCORE CAPITAL GROUP INC.,1,0,1.5,1.0488088481701516,-33.33333333333333,-0.4767312946227961,0.0
2022-02-01,ENCORE CAPITAL GROUP INC.,3,0,1.5,1.0488088481701516,100.0,1.4301938838683883,0.0
2022-03-01,ENCORE CAPITAL GROUP INC.,1,0,1.6666666666666667,1.2110601416389968,-40.0,-0.5504818825631803,0.0
2022-04-01,ENCORE CAPITAL GROUP INC.,1,0,1.8333333333333333,0.9831920802501752,-45.45454545454545,-0.8475793795260127,0.0
2022-05-01,ENCORE CAPITAL GROUP INC.,0,0,1.5,0.8366600265340756,-100.0,-1.7928429140015905,0.0
2022-06-01,ENCORE CAPITAL GROUP INC.,0,0,1.1666666666666667,0.983192080250175,-100.0,-1.1866111313364183,0.0
2022-07-01,ENCORE CAPITAL GROUP INC.,0,0,1.0,1.0954451150103321,-100.0,-0.9128709291752769,0.0
2022-08-01,ENCORE CAPITAL GROUP INC.,2,0,0.8333333333333334,1.169045194450012,139.99999999999997,0.9979654098963519,0.0
2022-09-01,ENCORE CAPITAL GROUP INC.,0,0,0.6666666666666666,0.8164965809277258,-100.0,-0.8164965809277263,0.0
2022-10-01,ENCORE CAPITAL GROUP INC.,1,0,0.5,0.8366600265340753,100.0,0.597614304667197,0.0
2022-11-01,ENCORE CAPITAL GROUP INC.,2,0,0.5,0.8366600265340753,300.0,1.792842914001591,0.0
2022-12-01,ENCORE CAPITAL GROUP INC.,3,0,0.8333333333333334,0.9831920802501749,259.99999999999994,2.203706386767634,0.0
2023-01-01,ENCORE CAPITAL GROUP INC.,0,0,1.3333333333333333,1.2110601416389966,-100.0,-1.1009637651263606,0.0
2023-02-01,ENCORE CAPITAL GROUP INC.,1,0,1.3333333333333333,1.2110601416389966,-24.999999999999993,-0.2752409412815901,0.0
2023-03-01,ENCORE CAPITAL GROUP INC.,3,0,1.1666666666666667,1.169045194450012,157.1428571428571,1.568231358408553,0.0
2023-04-01,ENCORE CAPITAL GROUP INC.,4,0,1.6666666666666667,1.2110601416389966,139.99999999999997,1.926686588971131,0.0
2023-05-01,ENCORE CAPITAL GROUP INC.,1,0,2.1666666666666665,1.4719601443879746,-53.84615384615385,-0.7925939239012169,0.0
2023-06-01,ENCORE CAPITAL GROUP INC.,2,0,2.0,1.5491933384829668,0.0,0.0,0.0
2023-07-01,ENCORE CAPITAL GROUP INC.,2,0,1.8333333333333333,1.4719601443879744,9.090909090909095,0.11322770341445963,0.0
2023-08-01,ENCORE CAPITAL GROUP INC.,3,0,2.1666666666666665,1.1690451944500122,38.46153846153847,0.7128324356402513,0.0
2023-09-01,ENCORE CAPITAL GROUP INC.,0,0,2.5,1.0488088481701516,-100.0,-2.3836564731139807,0.0
2023-10-01,ENCORE CAPITAL GROUP INC.,1,0,2.0,1.4142135623730951,-50.0,-0.7071067811865475,0.0
2023-11-01,ENCORE CAPITAL GROUP INC.,2,0,1.5,1.0488088481701516,33.33333333333333,0.4767312946227961,0.0
2023-12-01,ENCORE CAPITAL GROUP INC.,0,0,1.6666666666666667,1.0327955589886444,-100.0,-1.6137430609197574,0.0
2024-01-01,ENCORE CAPITAL GROUP INC.,0,0,1.3333333333333333,1.2110601416389968,-100.0,-1.1009637651263604,0.0
2024-02-01,ENCORE CAPITAL GROUP INC.,1,0,1.0,1.2649110640673518,0.0,0.0,0.0
2024-03-01,ENCORE CAPITAL GROUP INC.,2,0,0.6666666666666666,0.8164965809277265,200.00000000000006,1.6329931618554514,0.0
2024-04-01,ENCORE CAPITAL GROUP INC.,1,0,1.0,0.8944271909999162,0.0,0.0,0.0
2024-05-01,ENCORE CAPITAL GROUP INC.,4,0,1.0,0.8944271909999162,300.0,3.3541019662496834,0.0
2024-06-01,ENCORE CAPITAL GROUP INC.,4,0,1.3333333333333333,1.505545305418162,200.00000000000006,1.7712297710801908,0.0
2024-07-01,ENCORE CAPITAL GROUP INC.,2,0,2.0,1.673320053068151,0.0,0.0,0.0
2024-08-01,ENCORE CAPITAL GROUP INC.,2,0,2.3333333333333335,1.3662601021279461,-14.28571428571429,-0.24397501823713347,0.0
2024-09-01,ENCORE CAPITAL GROUP INC.,3,0,2.5,1.2247448713915885,20.0,0.4082482904638632,0.0
2024-10-01,ENCORE CAPITAL GROUP INC.,3,0,2.6666666666666665,1.2110601416389961,12.500000000000005,0.2752409412815904,0.0
2024-11-01,ENCORE CAPITAL GROUP INC.,1,0,3.0,0.8944271909999151,-66.66666666666666,-2.2360679774997916,0.0
2024-12-01,ENCORE CAPITAL GROUP INC.,3,0,2.5,1.0488088481701512,20.0,0.47673129462279634,0.0
2025-01-01,ENCORE CAPITAL GROUP INC.,7,0,2.3333333333333335,0.8164965809277257,199.99999999999994,5.715476066494084,0.0
2025-02-01,ENCORE CAPITAL GROUP INC.,2,0,3.1666666666666665,2.0412414523193148,-36.84210526315789,-0.5715476066494083,0.0
2025-03-01,ENCORE CAPITAL GROUP INC.,4,0,3.1666666666666665,2.0412414523193148,26.315789473684216,0.40824829046386313,0.0
2025-04-01,ENCORE CAPITAL GROUP INC.,2,0,3.3333333333333335,2.0655911179772883,-40.0,-0.6454972243679031,0.0
2025-05-01,ENCORE CAPITAL GROUP INC.,4,0,3.1666666666666665,2.1369760566432805,26.315789473684216,0.38995913442395647,0.0
2025-06-01,ENCORE CAPITAL GROUP INC.,6,0,3.6666666666666665,1.8618986725025246,63.63636363636365,1.2532010295690081,0.0
2025-07-01,ENCORE CAPITAL GROUP INC.,6,0,4.166666666666667,2.041241452319314,43.999999999999986,0.8981462390204991,0.0
2025-08-01,ENCORE CAPITAL GROUP INC.,6,0,4.0,1.7888543819998306,50.0,1.1180339887498956,0.0
2025-09-01,ENCORE CAPITAL GROUP INC.,4,0,4.666666666666667,1.6329931618554503,-14.28571428571429,-0.40824829046386363,0.0
2025-10-01,ENCORE CAPITAL GROUP INC.,10,0,4.666666666666667,1.6329931618554503,114.28571428571428,3.2659863237109077,0.0
2025-11-01,ENCORE CAPITAL GROUP INC.,9,0,6.0,2.1908902300206625,50.0,1.3693063937629164,0.0
2025-12-01,ENCORE CAPITAL GROUP INC.,6,0,6.833333333333333,2.2286019533929013,-12.195121951219507,-0.3739265022471318,0.0
2026-01-01,ENCORE CAPITAL GROUP INC.,5,0,6.833333333333333,2.2286019533929013,-26.829268292682922,-0.8226383049436901,0.0
2026-02-01,ENCORE CAPITAL GROUP INC.,2,0,6.666666666666667,2.338090388900022,-70.0,-1.9959308197927055,0.0
2026-03-01,ENCORE CAPITAL GROUP INC.,6,0,6.0,3.033150177620619,0.0,0.0,0.0
2026-04-01,ENCORE CAPITAL GROUP INC.,2,0,6.333333333333333,2.8751811537130414,-68.42105263157895,-1.5071514112205477,0.0
2026-05-01,ENCORE CAPITAL GROUP INC.,0,0,5.0,2.6832815729997463,-100.0,-1.8633899812498256,0.0
2026-06-01,ENCORE CAPITAL GROUP INC.,0,0,3.5,2.509980079602226,-100.0,-1.394433377556793,0.0
2015-03-01,"EQUIFAX, INC.",1,0,,,,,0.0
2015-04-01,"EQUIFAX, INC.",3,0,,,,,0.0
2015-05-01,"EQUIFAX, INC.",3,0,,,,,0.0
2015-06-01,"EQUIFAX, INC.",4,0,2.3333333333333335,1.1547005383792515,71.42857142857142,1.4433756729740643,0.0
2015-07-01,"EQUIFAX, INC.",7,0,2.75,1.2583057392117916,154.54545454545453,3.377557510515862,0.0
2015-08-01,"EQUIFAX, INC.",3,0,3.6,2.1908902300206643,-16.666666666666668,-0.2738612787525831,0.0
2015-09-01,"EQUIFAX, INC.",4,0,3.5,1.9748417658131499,14.285714285714285,0.25318484177091666,0.0
2015-10-01,"EQUIFAX, INC.",3,0,4.0,1.5491933384829668,-25.0,-0.6454972243679028,0.0
2015-11-01,"EQUIFAX, INC.",7,0,4.0,1.5491933384829668,75.0,1.9364916731037083,0.0
2015-12-01,"EQUIFAX, INC.",4,0,4.666666666666667,1.8618986725025255,-14.28571428571429,-0.3580574370197166,0.0
2016-01-01,"EQUIFAX, INC.",6,0,4.666666666666667,1.8618986725025255,28.571428571428566,0.7161148740394327,0.0
2016-02-01,"EQUIFAX, INC.",3,0,4.5,1.6431676725154984,-33.33333333333333,-0.9128709291752768,0.0
2016-03-01,"EQUIFAX, INC.",6,0,4.5,1.6431676725154984,33.33333333333333,0.9128709291752768,0.0
2016-04-01,"EQUIFAX, INC.",3,0,4.833333333333333,1.7224014243685084,-37.93103448275862,-1.0644053746097522,0.0
2016-05-01,"EQUIFAX, INC.",8,0,4.833333333333333,1.7224014243685084,65.51724137931035,1.8385183743259361,0.0
2016-06-01,"EQUIFAX, INC.",2,0,5.0,2.0,-60.0,-1.5,0.0
2016-07-01,"EQUIFAX, INC.",7,0,4.666666666666667,2.3380903889000244,49.999999999999986,0.9979654098963516,0.0
2016-08-01,"EQUIFAX, INC.",5,0,4.833333333333333,2.48327740429189,3.4482758620689715,0.06711560552140255,0.0
2016-09-01,"EQUIFAX, INC.",6,0,5.166666666666667,2.3166067138525404,16.12903225806451,0.35972153941809626,0.0
2016-10-01,"EQUIFAX, INC.",5,0,5.166666666666667,2.3166067138525404,-3.225806451612909,-0.0719443078836194,0.0
2016-11-01,"EQUIFAX, INC.",8,0,5.5,2.073644135332772,45.45454545454545,1.2056070554260303,0.0
2016-12-01,"EQUIFAX, INC.",7,0,5.5,2.073644135332772,27.27272727272727,0.7233642332556183,0.0
2017-01-01,"EQUIFAX, INC.",4,0,6.333333333333333,1.2110601416389954,-36.84210526315789,-1.9266865889711327,0.0
2017-02-01,"EQUIFAX, INC.",5,0,5.833333333333333,1.4719601443879737,-14.285714285714283,-0.566138517072298,0.0
2017-03-01,"EQUIFAX, INC.",3,0,5.833333333333333,1.4719601443879737,-48.57142857142857,-1.9248709580458137,0.0
2017-04-01,"EQUIFAX, INC.",9,0,5.333333333333333,1.861898672502525,68.75000000000001,1.969315903608441,0.0
2017-05-01,"EQUIFAX, INC.",12,5,6.0,2.3664319132398464,100.0,2.53546276418555,41.66666666666667
2017-06-01,"EQUIFAX, INC.",12,0,6.666666666666667,3.386246693120078,80.0,1.5749984619163155,0.0
2017-07-01,"EQUIFAX, INC.",22,0,7.5,4.03732584763727,193.33333333333334,3.591486183481007,0.0
2017-08-01,"EQUIFAX, INC.",17,0,10.5,6.715653356152326,61.904761904761905,0.9678879559864771,0.0
2017-09-01,"EQUIFAX, INC.",44,0,12.5,6.534523701081817,252.0,4.820550271289864,0.0
2017-10-01,"EQUIFAX, INC.",12,2,19.333333333333332,12.925427136720344,-37.93103448275862,-0.5673571368871658,16.666666666666664
2017-11-01,"EQUIFAX, INC.",12,3,19.833333333333332,12.496666222103665,-39.49579831932773,-0.6268338446519446,25.0
2017-12-01,"EQUIFAX, INC.",7,0,19.833333333333332,12.496666222103665,-64.70588235294117,-1.0269405540042498,0.0
2018-01-01,"EQUIFAX, INC.",10,0,19.0,13.2664991614216,-47.368421052631575,-0.6784005252999682,0.0
2018-02-01,"EQUIFAX, INC.",13,0,17.0,13.62350909274112,-23.52941176470588,-0.29361010975735174,0.0
2018-03-01,"EQUIFAX, INC.",7,0,16.333333333333332,13.721030087667131,-57.14285714285714,-0.6802210383404383,0.0
2018-04-01,"EQUIFAX, INC.",15,0,10.166666666666666,2.6394443859772188,47.54098360655738,1.8311934735248674,0.0
2018-05-01,"EQUIFAX, INC.",10,0,10.666666666666666,3.265986323710903,-6.249999999999995,-0.2041241452319314,0.0
2018-06-01,"EQUIFAX, INC.",10,0,10.333333333333334,3.2041639575194427,-3.225806451612909,-0.10403129732206011,0.0
2018-07-01,"EQUIFAX, INC.",10,0,10.833333333333334,2.786873995477129,-7.692307692307697,-0.29902081496535776,0.0
2018-08-01,"EQUIFAX, INC.",6,0,10.833333333333334,2.786873995477129,-44.61538461538462,-1.7343207267990741,0.0
2018-09-01,"EQUIFAX, INC.",11,0,9.666666666666666,3.141125063837264,13.79310344827587,0.4244763599780093,0.0
2018-10-01,"EQUIFAX, INC.",18,0,10.333333333333334,2.8751811537130414,74.19354838709677,2.666498650620969,0.0
2018-11-01,"EQUIFAX, INC.",13,0,10.833333333333334,3.920034013457875,19.999999999999993,0.5527162925699827,0.0
2018-12-01,"EQUIFAX, INC.",16,0,11.333333333333334,3.9832984656772408,41.17647058823529,1.1715583722580123,0.0
2019-01-01,"EQUIFAX, INC.",10,0,12.333333333333334,4.320493798938573,-18.918918918918923,-0.5400617248673218,0.0
2019-02-01,"EQUIFAX, INC.",16,1,12.333333333333334,4.320493798938573,29.729729729729726,0.8486684247915055,6.25
2019-03-01,"EQUIFAX, INC.",15,0,14.0,3.16227766016838,7.142857142857142,0.3162277660168379,0.0
2019-04-01,"EQUIFAX, INC.",14,0,14.666666666666666,2.8047578623950185,-4.545454545454541,-0.23769134427076385,0.0
2019-05-01,"EQUIFAX, INC.",15,0,14.0,2.280350850198276,7.142857142857142,0.4385290096535146,0.0
2019-06-01,"EQUIFAX, INC.",14,0,14.333333333333334,2.250925735484552,-2.3255813953488413,-0.1480872194397733,0.0
2019-07-01,"EQUIFAX, INC.",14,0,14.0,2.0976176963403033,0.0,0.0,0.0
2019-08-01,"EQUIFAX, INC.",26,0,14.666666666666666,0.8164965809277306,77.27272727272728,13.880441875771266,0.0
2019-09-01,"EQUIFAX, INC.",16,0,16.333333333333332,4.760952285695236,-2.040816326530605,-0.0700140042014002,0.0
2019-10-01,"EQUIFAX, INC.",9,0,16.5,4.722287581247041,-45.45454545454545,-1.588213312078599,0.0
2019-11-01,"EQUIFAX, INC.",13,0,15.666666666666666,5.609515724790037,-17.021276595744677,-0.47538268854152804,0.0
2019-12-01,"EQUIFAX, INC.",9,0,15.333333333333334,5.715476066494085,-41.30434782608695,-1.1081025026876279,0.0
2020-01-01,"EQUIFAX, INC.",15,0,14.5,6.2849025449882685,3.4482758620689653,0.079555728417573,0.0
2020-02-01,"EQUIFAX, INC.",11,0,14.666666666666666,6.282250127674533,-24.999999999999996,-0.583654994969762,0.0
2020-03-01,"EQUIFAX, INC.",20,0,12.166666666666666,2.994439290863428,64.38356164383563,2.6159599752896114,0.0
2020-04-01,"EQUIFAX, INC.",21,0,12.833333333333334,4.2150523919242895,63.636363636363626,1.937500630434241,0.0
2020-05-01,"EQUIFAX, INC.",33,0,14.833333333333334,4.833908011812667,122.47191011235954,3.7581738465590586,0.0
2020-06-01,"EQUIFAX, INC.",20,0,18.166666666666668,8.68139773692386,10.091743119266047,0.21117951151296405,0.0
2020-07-01,"EQUIFAX, INC.",25,0,20.0,7.429670248402688,25.0,0.6729773775727065,0.0
2020-08-01,"EQUIFAX, INC.",23,0,21.666666666666668,7.2018516137634165,6.153846153846148,0.18513757361859645,0.0
2020-09-01,"EQUIFAX, INC.",30,0,23.666666666666668,4.966554808583788,26.76056338028168,1.2751965049066438,0.0
2020-10-01,"EQUIFAX, INC.",25,0,25.333333333333332,5.16397779494323,-1.315789473684206,-0.06454972243678996,0.0
2020-11-01,"EQUIFAX, INC.",22,0,26.0,4.732863826479702,-15.384615384615385,-0.845154254728515,0.0
2020-12-01,"EQUIFAX, INC.",38,0,24.166666666666668,3.4302575219167952,57.24137931034482,4.032739013018299,0.0
2021-01-01,"EQUIFAX, INC.",34,0,27.166666666666668,5.980523945831732,25.15337423312883,1.1425977715708313,0.0
2021-02-01,"EQUIFAX, INC.",27,0,28.666666666666668,6.439461675223073,-5.813953488372097,-0.258820806881956,0.0
2021-03-01,"EQUIFAX, INC.",36,0,29.333333333333332,5.921711464320661,22.727272727272734,1.125800658616093,0.0
2021-04-01,"EQUIFAX, INC.",23,0,30.333333333333332,6.5319726474218145,-24.17582417582417,-1.122682798775622,0.0
2021-05-01,"EQUIFAX, INC.",45,0,30.0,6.899275324264141,50.0,2.17414138369668,0.0
2021-06-01,"EQUIFAX, INC.",42,0,33.833333333333336,7.884584115009917,24.137931034482747,1.035776465510685,0.0
2021-07-01,"EQUIFAX, INC.",43,0,34.5,8.455767262643885,24.637681159420293,1.00523107318144,0.0
2021-08-01,"EQUIFAX, INC.",32,0,36.0,9.121403400793108,-11.11111111111111,-0.43852900965351443,0.0
2021-09-01,"EQUIFAX, INC.",43,0,36.833333333333336,8.328665359267758,16.742081447963795,0.7404147484212077,0.0
2021-10-01,"EQUIFAX, INC.",45,0,38.0,8.671793355471523,18.421052631578945,0.8072148070252742,0.0
2021-11-01,"EQUIFAX, INC.",55,0,41.666666666666664,4.885352256149684,32.00000000000001,2.7292470704746683,0.0
2021-12-01,"EQUIFAX, INC.",41,0,43.333333333333336,7.339391437078885,-5.3846153846153895,-0.3179191835368321,0.0
2022-01-01,"EQUIFAX, INC.",37,0,43.166666666666664,7.386925386564213,-14.285714285714283,-0.8348083057509922,0.0
2022-02-01,"EQUIFAX, INC.",36,0,42.166666666666664,7.808115436305155,-14.62450592885375,-0.7897765750226622,0.0
2022-03-01,"EQUIFAX, INC.",41,0,42.833333333333336,6.882344561751238,-4.2801556420233515,-0.26638209070817537,0.0
2022-04-01,"EQUIFAX, INC.",73,0,42.5,6.9209825891993235,71.76470588235294,4.406888705022518,0.0
2022-05-01,"EQUIFAX, INC.",53,0,47.166666666666664,14.37242730601435,12.367491166077745,0.4058697399632902,0.0
2022-06-01,"EQUIFAX, INC.",58,0,46.833333333333336,14.17627125398872,23.843416370106755,0.7877012556122432,0.0
2022-07-01,"EQUIFAX, INC.",70,0,49.666666666666664,14.472963299430667,40.93959731543625,1.404918461593363,0.0
2022-08-01,"EQUIFAX, INC.",87,0,55.166666666666664,14.958832396502983,57.703927492447136,2.1280627049993024,0.0
2022-09-01,"EQUIFAX, INC.",74,0,63.666666666666664,16.31767957359953,16.2303664921466,0.633259973437136,0.0
2022-10-01,"EQUIFAX, INC.",72,0,69.16666666666667,12.18879266648947,4.096385542168668,0.23245397726084757,0.0
2022-11-01,"EQUIFAX, INC.",75,0,69.0,12.132600710482514,8.695652173913043,0.49453535504683893,0.0
2022-12-01,"EQUIFAX, INC.",72,0,72.66666666666667,9.33095207718202,-0.917431192660557,-0.07144679997842267,0.0
2023-01-01,"EQUIFAX, INC.",95,0,75.0,6.131883886702418,26.666666666666668,3.261640365267178,0.0
2023-02-01,"EQUIFAX, INC.",88,0,79.16666666666667,9.579491983746706,11.157894736842099,0.9221087452571215,0.0
2023-03-01,"EQUIFAX, INC.",118,0,79.33333333333333,9.750213672872375,48.73949579831934,3.965725056287471,0.0
2023-04-01,"EQUIFAX, INC.",104,0,86.66666666666667,17.996295915178415,19.999999999999993,0.9631611646657837,0.0
2023-05-01,"EQUIFAX, INC.",101,0,92.0,17.51570723664907,9.782608695652174,0.5138245278026119,0.0
2023-06-01,"EQUIFAX, INC.",111,0,96.33333333333333,15.57776192739725,15.224913494809694,0.9415130835240075,0.0
2023-07-01,"EQUIFAX, INC.",98,0,102.83333333333333,10.796604404472133,-4.7001620745542905,-0.44767161528408705,0.0
2023-08-01,"EQUIFAX, INC.",117,0,103.33333333333333,10.424330514074612,13.22580645161291,1.3110354327517106,0.0
2023-09-01,"EQUIFAX, INC.",112,0,108.16666666666667,8.424171571535505,3.5439137134052343,0.4550397983685193,0.0
2023-10-01,"EQUIFAX, INC.",107,0,107.16666666666667,7.30524925424636,-0.15552099533437455,-0.022814644766541294,0.0
2023-11-01,"EQUIFAX, INC.",80,0,107.66666666666667,7.14609450445955,-25.696594427244584,-3.8715786153403333,0.0
2023-12-01,"EQUIFAX, INC.",100,0,104.16666666666667,13.437509689918999,-4.000000000000004,-0.3100772957799287,0.0
2024-01-01,"EQUIFAX, INC.",86,0,102.33333333333333,13.06394529484363,-15.96091205211726,-1.2502603895455788,0.0
2024-02-01,"EQUIFAX, INC.",105,0,100.33333333333333,14.678782874157758,4.651162790697679,0.31791918353683235,0.0
2024-03-01,"EQUIFAX, INC.",158,0,98.33333333333333,12.628011192055032,60.67796610169493,4.724945659234624,0.0
2024-04-01,"EQUIFAX, INC.",182,0,106.0,27.633313228782402,71.69811320754717,2.7503035691297293,0.0
2024-05-01,"EQUIFAX, INC.",190,0,118.5,41.60648987838316,60.337552742616026,1.7184819053228557,0.0
2024-06-01,"EQUIFAX, INC.",214,0,136.83333333333334,45.31850247599392,56.394640682095,1.7027629434035982,0.0
2024-07-01,"EQUIFAX, INC.",197,0,155.83333333333334,50.400066137522735,26.417112299465234,0.8167978699539477,0.0
2024-08-01,"EQUIFAX, INC.",194,0,174.33333333333334,38.64022084132887,11.28107074569789,0.5089687956863733,0.0
2024-09-01,"EQUIFAX, INC.",202,0,189.16666666666666,18.573278296161536,6.784140969163001,0.6909568213375425,0.0
2024-10-01,"EQUIFAX, INC.",235,0,196.5,10.913294644606555,19.59287531806616,3.5278072528745508,0.0
2024-11-01,"EQUIFAX, INC.",186,0,205.33333333333334,16.72921596090696,-9.41558441558442,-1.1556628462751464,0.0
2024-12-01,"EQUIFAX, INC.",218,0,204.66666666666666,17.52331779848394,6.514657980456031,0.760890916130443,0.0
2025-01-01,"EQUIFAX, INC.",349,0,205.33333333333334,18.018509002319366,69.96753246753245,7.973282731005861,0.0
2025-02-01,"EQUIFAX, INC.",242,0,230.66666666666666,60.56951928706933,4.913294797687866,0.18711281626025447,0.0
2025-03-01,"EQUIFAX, INC.",318,0,238.66666666666666,57.86766512195446,33.24022346368716,1.3709440871018486,0.0
2025-04-01,"EQUIFAX, INC.",300,0,258.0,62.36986451805068,16.27906976744186,0.6734021361846093,0.0
2025-05-01,"EQUIFAX, INC.",336,0,268.8333333333333,63.21524077836502,24.98450092994421,1.0625074877458034,0.0
2025-06-01,"EQUIFAX, INC.",351,0,293.8333333333333,52.689341110576265,19.455473624503693,1.0849759260927956,0.0
2025-07-01,"EQUIFAX, INC.",354,0,316.0,41.109609582188845,12.025316455696203,0.9243580852799897,0.0
2025-08-01,"EQUIFAX, INC.",346,0,316.8333333333333,41.95434026017641,9.205681220410316,0.6952002220936377,0.0
2025-09-01,"EQUIFAX, INC.",245,0,334.1666666666667,21.20770300307544,-26.683291770573568,-4.204447160248149,0.0
2025-10-01,"EQUIFAX, INC.",210,0,322.0,42.54409477236518,-34.78260869565217,-2.6325627704447108,0.0
2025-11-01,"EQUIFAX, INC.",207,0,307.0,62.86493458200679,-32.57328990228013,-1.5907119074394458,0.0
2025-12-01,"EQUIFAX, INC.",129,0,285.5,72.31251620570255,-54.81611208406305,-2.1642173196520362,0.0
2026-01-01,"EQUIFAX, INC.",3,0,248.5,87.33097961204834,-98.79275653923541,-2.8111444654644684,0.0
2026-02-01,"EQUIFAX, INC.",8,0,190.0,115.5335449122895,-95.78947368421052,-1.575300057988962,0.0
2026-03-01,"EQUIFAX, INC.",1,0,133.66666666666666,106.28954166175849,-99.25187032418953,-1.2481629386346136,0.0
2026-04-01,"EQUIFAX, INC.",2,0,93.0,101.75460677532017,-97.84946236559139,-0.8943084041485518,0.0
2026-05-01,"EQUIFAX, INC.",0,0,58.333333333333336,88.48879401747266,-100.0,-0.6592171808988047,0.0
2026-06-01,"EQUIFAX, INC.",0,0,23.833333333333332,51.59618848971994,-100.0,-0.46192042534463373,0.0
2015-03-01,"Early Warning Services, LLC",0,0,,,,,0.0
2015-04-01,"Early Warning Services, LLC",0,0,,,,,0.0
2015-05-01,"Early Warning Services, LLC",0,0,,,,,0.0
2015-06-01,"Early Warning Services, LLC",0,0,0.0,0.0,,,0.0
2015-07-01,"Early Warning Services, LLC",0,0,0.0,0.0,,,0.0
2015-08-01,"Early Warning Services, LLC",0,0,0.0,0.0,,,0.0
2015-09-01,"Early Warning Services, LLC",0,0,0.0,0.0,,,0.0
2015-10-01,"Early Warning Services, LLC",0,0,0.0,0.0,,,0.0
2015-11-01,"Early Warning Services, LLC",0,0,0.0,0.0,,,0.0
2015-12-01,"Early Warning Services, LLC",0,0,0.0,0.0,,,0.0
2016-01-01,"Early Warning Services, LLC",0,0,0.0,0.0,,,0.0
2016-02-01,"Early Warning Services, LLC",0,0,0.0,0.0,,,0.0
2016-03-01,"Early Warning Services, LLC",0,0,0.0,0.0,,,0.0
2016-04-01,"Early Warning Services, LLC",0,0,0.0,0.0,,,0.0
2016-05-01,"Early Warning Services, LLC",0,0,0.0,0.0,,,0.0
2016-06-01,"Early Warning Services, LLC",0,0,0.0,0.0,,,0.0
2016-07-01,"Early Warning Services, LLC",0,0,0.0,0.0,,,0.0
2016-08-01,"Early Warning Services, LLC",0,0,0.0,0.0,,,0.0
2016-09-01,"Early Warning Services, LLC",0,0,0.0,0.0,,,0.0
2016-10-01,"Early Warning Services, LLC",0,0,0.0,0.0,,,0.0
2016-11-01,"Early Warning Services, LLC",0,0,0.0,0.0,,,0.0
2016-12-01,"Early Warning Services, LLC",0,0,0.0,0.0,,,0.0
2017-01-01,"Early Warning Services, LLC",0,0,0.0,0.0,,,0.0
2017-02-01,"Early Warning Services, LLC",0,0,0.0,0.0,,,0.0
2017-03-01,"Early Warning Services, LLC",0,0,0.0,0.0,,,0.0
2017-04-01,"Early Warning Services, LLC",0,0,0.0,0.0,,,0.0
2017-05-01,"Early Warning Services, LLC",0,0,0.0,0.0,,,0.0
2017-06-01,"Early Warning Services, LLC",0,0,0.0,0.0,,,0.0
2017-07-01,"Early Warning Services, LLC",0,0,0.0,0.0,,,0.0
2017-08-01,"Early Warning Services, LLC",1,0,0.0,0.0,,,0.0
2017-09-01,"Early Warning Services, LLC",0,0,0.16666666666666666,0.408248290463863,-100.0,-0.408248290463863,0.0
2017-10-01,"Early Warning Services, LLC",0,0,0.16666666666666666,0.408248290463863,-100.0,-0.408248290463863,0.0
2017-11-01,"Early Warning Services, LLC",0,0,0.16666666666666666,0.408248290463863,-100.0,-0.408248290463863,0.0
2017-12-01,"Early Warning Services, LLC",0,0,0.16666666666666666,0.408248290463863,-100.0,-0.408248290463863,0.0
2018-01-01,"Early Warning Services, LLC",0,0,0.16666666666666666,0.408248290463863,-100.0,-0.408248290463863,0.0
2018-02-01,"Early Warning Services, LLC",0,0,0.16666666666666666,0.408248290463863,-100.0,-0.408248290463863,0.0
2018-03-01,"Early Warning Services, LLC",0,0,0.0,0.0,,,0.0
2018-04-01,"Early Warning Services, LLC",0,0,0.0,0.0,,,0.0
2018-05-01,"Early Warning Services, LLC",0,0,0.0,0.0,,,0.0
2018-06-01,"Early Warning Services, LLC",0,0,0.0,0.0,,,0.0
2018-07-01,"Early Warning Services, LLC",2,0,0.0,0.0,,,0.0
2018-08-01,"Early Warning Services, LLC",0,0,0.3333333333333333,0.816496580927726,-100.0,-0.408248290463863,0.0
2018-09-01,"Early Warning Services, LLC",0,0,0.3333333333333333,0.816496580927726,-100.0,-0.408248290463863,0.0
2018-10-01,"Early Warning Services, LLC",0,0,0.3333333333333333,0.816496580927726,-100.0,-0.408248290463863,0.0
2018-11-01,"Early Warning Services, LLC",0,0,0.3333333333333333,0.816496580927726,-100.0,-0.408248290463863,0.0
2018-12-01,"Early Warning Services, LLC",0,0,0.3333333333333333,0.816496580927726,-100.0,-0.408248290463863,0.0
2019-01-01,"Early Warning Services, LLC",0,0,0.3333333333333333,0.816496580927726,-100.0,-0.408248290463863,0.0
2019-02-01,"Early Warning Services, LLC",0,0,0.0,0.0,,,0.0
2019-03-01,"Early Warning Services, LLC",0,0,0.0,0.0,,,0.0
2019-04-01,"Early Warning Services, LLC",1,0,0.0,0.0,,,0.0
2019-05-01,"Early Warning Services, LLC",0,0,0.16666666666666666,0.408248290463863,-100.0,-0.408248290463863,0.0
2019-06-01,"Early Warning Services, LLC",0,0,0.16666666666666666,0.408248290463863,-100.0,-0.408248290463863,0.0
2019-07-01,"Early Warning Services, LLC",0,0,0.16666666666666666,0.408248290463863,-100.0,-0.408248290463863,0.0
2019-08-01,"Early Warning Services, LLC",0,0,0.16666666666666666,0.408248290463863,-100.0,-0.408248290463863,0.0
2019-09-01,"Early Warning Services, LLC",0,0,0.16666666666666666,0.408248290463863,-100.0,-0.408248290463863,0.0
2019-10-01,"Early Warning Services, LLC",0,0,0.16666666666666666,0.408248290463863,-100.0,-0.408248290463863,0.0
2019-11-01,"Early Warning Services, LLC",0,0,0.0,0.0,,,0.0
2019-12-01,"Early Warning Services, LLC",0,0,0.0,0.0,,,0.0
2020-01-01,"Early Warning Services, LLC",0,0,0.0,0.0,,,0.0
2020-02-01,"Early Warning Services, LLC",0,0,0.0,0.0,,,0.0
2020-03-01,"Early Warning Services, LLC",0,0,0.0,0.0,,,0.0
2020-04-01,"Early Warning Services, LLC",0,0,0.0,0.0,,,0.0
2020-05-01,"Early Warning Services, LLC",1,0,0.0,0.0,,,0.0
2020-06-01,"Early Warning Services, LLC",0,0,0.16666666666666666,0.408248290463863,-100.0,-0.408248290463863,0.0
2020-07-01,"Early Warning Services, LLC",0,0,0.16666666666666666,0.408248290463863,-100.0,-0.408248290463863,0.0
2020-08-01,"Early Warning Services, LLC",0,0,0.16666666666666666,0.408248290463863,-100.0,-0.408248290463863,0.0
2020-09-01,"Early Warning Services, LLC",0,0,0.16666666666666666,0.408248290463863,-100.0,-0.408248290463863,0.0
2020-10-01,"Early Warning Services, LLC",0,0,0.16666666666666666,0.408248290463863,-100.0,-0.408248290463863,0.0
2020-11-01,"Early Warning Services, LLC",0,0,0.16666666666666666,0.408248290463863,-100.0,-0.408248290463863,0.0
2020-12-01,"Early Warning Services, LLC",0,0,0.0,0.0,,,0.0
2021-01-01,"Early Warning Services, LLC",0,0,0.0,0.0,,,0.0
2021-02-01,"Early Warning Services, LLC",0,0,0.0,0.0,,,0.0
2021-03-01,"Early Warning Services, LLC",1,0,0.0,0.0,,,0.0
2021-04-01,"Early Warning Services, LLC",0,0,0.16666666666666666,0.408248290463863,-100.0,-0.408248290463863,0.0
2021-05-01,"Early Warning Services, LLC",0,0,0.16666666666666666,0.408248290463863,-100.0,-0.408248290463863,0.0
2021-06-01,"Early Warning Services, LLC",0,0,0.16666666666666666,0.408248290463863,-100.0,-0.408248290463863,0.0
2021-07-01,"Early Warning Services, LLC",0,0,0.16666666666666666,0.408248290463863,-100.0,-0.408248290463863,0.0
2021-08-01,"Early Warning Services, LLC",0,0,0.16666666666666666,0.408248290463863,-100.0,-0.408248290463863,0.0
2021-09-01,"Early Warning Services, LLC",0,0,0.16666666666666666,0.408248290463863,-100.0,-0.408248290463863,0.0
2021-10-01,"Early Warning Services, LLC",1,0,0.0,0.0,,,0.0
2021-11-01,"Early Warning Services, LLC",2,0,0.16666666666666666,0.408248290463863,1100.0,4.490731195102493,0.0
2021-12-01,"Early Warning Services, LLC",1,0,0.5,0.8366600265340756,100.0,0.5976143046671968,0.0
2022-01-01,"Early Warning Services, LLC",1,0,0.6666666666666666,0.816496580927726,50.000000000000014,0.4082482904638631,0.0
2022-02-01,"Early Warning Services, LLC",1,0,0.8333333333333334,0.752772652709081,19.999999999999996,0.22140372138502376,0.0
2022-03-01,"Early Warning Services, LLC",0,0,1.0,0.6324555320336759,-100.0,-1.5811388300841895,0.0
2022-04-01,"Early Warning Services, LLC",0,0,1.0,0.632455532033676,-100.0,-1.5811388300841893,0.0
2022-05-01,"Early Warning Services, LLC",1,0,0.8333333333333334,0.7527726527090811,19.999999999999996,0.22140372138502373,0.0
2022-06-01,"Early Warning Services, LLC",1,0,0.6666666666666666,0.5163977794943225,50.000000000000014,0.6454972243679026,0.0
2022-07-01,"Early Warning Services, LLC",1,0,0.6666666666666666,0.5163977794943225,50.000000000000014,0.6454972243679026,0.0
2022-08-01,"Early Warning Services, LLC",1,0,0.6666666666666666,0.5163977794943225,50.000000000000014,0.6454972243679026,0.0
2022-09-01,"Early Warning Services, LLC",2,0,0.6666666666666666,0.5163977794943225,200.00000000000006,2.5819888974716103,0.0
2022-10-01,"Early Warning Services, LLC",0,0,1.0,0.632455532033676,-100.0,-1.5811388300841893,0.0
2022-11-01,"Early Warning Services, LLC",0,0,1.0,0.632455532033676,-100.0,-1.5811388300841893,0.0
2022-12-01,"Early Warning Services, LLC",0,0,0.8333333333333334,0.7527726527090811,-100.0,-1.1070186069251189,0.0
2023-01-01,"Early Warning Services, LLC",1,0,0.6666666666666666,0.8164965809277263,50.000000000000014,0.40824829046386296,0.0
2023-02-01,"Early Warning Services, LLC",0,0,0.6666666666666666,0.8164965809277263,-100.0,-0.8164965809277258,0.0
2023-03-01,"Early Warning Services, LLC",0,0,0.5,0.8366600265340758,-100.0,-0.5976143046671967,0.0
2023-04-01,"Early Warning Services, LLC",4,0,0.16666666666666666,0.4082482904638635,2300.0000000000005,9.389710680668838,0.0
2023-05-01,"Early Warning Services, LLC",3,0,0.8333333333333334,1.6020819787597222,259.99999999999994,1.3524068651867782,0.0
2023-06-01,"Early Warning Services, LLC",1,0,1.3333333333333333,1.7511900715418263,-24.999999999999993,-0.1903467469067202,0.0
2023-07-01,"Early Warning Services, LLC",0,0,1.5,1.6431676725154984,-100.0,-0.9128709291752768,0.0
2023-08-01,"Early Warning Services, LLC",0,0,1.3333333333333333,1.7511900715418263,-100.0,-0.761386987626881,0.0
2023-09-01,"Early Warning Services, LLC",0,0,1.3333333333333333,1.7511900715418263,-100.0,-0.761386987626881,0.0
2023-10-01,"Early Warning Services, LLC",1,0,1.3333333333333333,1.7511900715418263,-24.999999999999993,-0.1903467469067202,0.0
2023-11-01,"Early Warning Services, LLC",0,0,0.8333333333333334,1.1690451944500122,-100.0,-0.7128324356402512,0.0
2023-12-01,"Early Warning Services, LLC",1,0,0.3333333333333333,0.5163977794943226,200.00000000000006,1.2909944487358047,0.0
2024-01-01,"Early Warning Services, LLC",0,0,0.3333333333333333,0.5163977794943226,-100.0,-0.6454972243679022,0.0
2024-02-01,"Early Warning Services, LLC",0,0,0.3333333333333333,0.5163977794943226,-100.0,-0.6454972243679022,0.0
2024-03-01,"Early Warning Services, LLC",0,0,0.3333333333333333,0.5163977794943226,-100.0,-0.6454972243679022,0.0
2024-04-01,"Early Warning Services, LLC",2,0,0.3333333333333333,0.5163977794943226,500.0000000000001,3.2274861218395117,0.0
2024-05-01,"Early Warning Services, LLC",0,0,0.5,0.8366600265340758,-100.0,-0.5976143046671967,0.0
2024-06-01,"Early Warning Services, LLC",1,0,0.5,0.8366600265340758,100.0,0.5976143046671967,0.0
2024-07-01,"Early Warning Services, LLC",1,0,0.5,0.8366600265340758,100.0,0.5976143046671967,0.0
2024-08-01,"Early Warning Services, LLC",1,0,0.6666666666666666,0.8164965809277263,50.000000000000014,0.40824829046386296,0.0
2024-09-01,"Early Warning Services, LLC",1,0,0.8333333333333334,0.7527726527090811,19.999999999999996,0.22140372138502373,0.0
2024-10-01,"Early Warning Services, LLC",1,0,1.0,0.6324555320336759,0.0,0.0,0.0
2024-11-01,"Early Warning Services, LLC",2,0,0.8333333333333334,0.4082482904638633,139.99999999999997,2.857738033247039,0.0
2024-12-01,"Early Warning Services, LLC",3,0,1.1666666666666667,0.408248290463863,157.1428571428571,4.490731195102493,0.0
2025-01-01,"Early Warning Services, LLC",197,0,1.5,0.8366600265340755,13033.333333333334,233.667193124874,0.0
2025-02-01,"Early Warning Services, LLC",8,0,34.166666666666664,79.7757273026493,-76.58536585365854,-0.32800285940856205,0.0
2025-03-01,"Early Warning Services, LLC",4,0,35.333333333333336,79.24308592342089,-88.67924528301887,-0.39540778817742295,0.0
2025-04-01,"Early Warning Services, LLC",3,0,35.833333333333336,78.99219370714214,-91.62790697674419,-0.41565288660118177,0.0
2025-05-01,"Early Warning Services, LLC",1,0,36.166666666666664,78.81983675869081,-97.23502304147466,-0.4461651801478658,0.0
2025-06-01,"Early Warning Services, LLC",2,0,36.0,78.90754083102577,-94.44444444444444,-0.4308840402567899,0.0
2025-07-01,"Early Warning Services, LLC",2,0,35.833333333333336,78.99219370714215,-94.4186046511628,-0.42831236538091316,0.0
2025-08-01,"Early Warning Services, LLC",1,0,3.3333333333333335,2.5033311140694656,-70.0,-0.9320913722596688,0.0
2025-09-01,"Early Warning Services, LLC",0,0,2.1666666666666665,1.1690451944507079,-100.0,-1.8533643326635503,0.0
2025-10-01,"Early Warning Services, LLC",4,0,1.5,1.0488088481709328,166.66666666666669,2.383656473112205,0.0
2025-11-01,"Early Warning Services, LLC",1,0,1.6666666666666667,1.3662601021285452,-40.0,-0.48795003647405283,0.0
2025-12-01,"Early Warning Services, LLC",2,0,1.6666666666666667,1.3662601021285452,19.999999999999996,0.24397501823702633,0.0
2026-01-01,"Early Warning Services, LLC",0,0,1.6666666666666667,1.3662601021285452,-100.0,-1.219875091185132,0.0
2026-02-01,"Early Warning Services, LLC",0,0,1.3333333333333333,1.5055453054187071,-100.0,-0.8856148855397745,0.0
2026-03-01,"Early Warning Services, LLC",0,0,1.1666666666666667,1.6020819787602354,-100.0,-0.7282190812541859,0.0
2026-04-01,"Early Warning Services, LLC",0,0,1.1666666666666667,1.6020819787602354,-100.0,-0.7282190812541859,0.0
2026-05-01,"Early Warning Services, LLC",0,0,0.5,0.8366600265350655,-100.0,-0.5976143046664897,0.0
2026-06-01,"Early Warning Services, LLC",0,0,0.3333333333333333,0.8164965809287423,-100.0,-0.40824829046335487,0.0
2015-03-01,Experian Information Solutions Inc.,2,0,,,,,0.0
2015-04-01,Experian Information Solutions Inc.,1,0,,,,,0.0
2015-05-01,Experian Information Solutions Inc.,2,0,,,,,0.0
2015-06-01,Experian Information Solutions Inc.,5,0,1.6666666666666667,0.5773502691896257,199.99999999999997,5.773502691896257,0.0
2015-07-01,Experian Information Solutions Inc.,4,0,2.5,1.7320508075688772,60.0,0.8660254037844387,0.0
2015-08-01,Experian Information Solutions Inc.,5,0,2.8,1.6431676725154982,78.57142857142858,1.3388773627904063,0.0
2015-09-01,Experian Information Solutions Inc.,3,0,3.1666666666666665,1.7224014243685084,-5.263157894736838,-0.09676412496452286,0.0
2015-10-01,Experian Information Solutions Inc.,2,0,3.3333333333333335,1.632993161855452,-40.0,-0.8164965809277261,0.0
2015-11-01,Experian Information Solutions Inc.,4,0,3.5,1.378404875209022,14.285714285714285,0.36273812505500586,0.0
2015-12-01,Experian Information Solutions Inc.,4,0,3.8333333333333335,1.1690451944500122,4.347826086956517,0.14256648712805012,0.0
2016-01-01,Experian Information Solutions Inc.,1,0,3.6666666666666665,1.0327955589886444,-72.72727272727273,-2.581988897471611,0.0
2016-02-01,Experian Information Solutions Inc.,3,0,3.1666666666666665,1.4719601443879744,-5.263157894736838,-0.11322770341445948,0.0
2016-03-01,Experian Information Solutions Inc.,3,0,2.8333333333333335,1.169045194450012,5.882352941176465,0.14256648712805015,0.0
2016-04-01,Experian Information Solutions Inc.,3,0,2.8333333333333335,1.169045194450012,5.882352941176465,0.14256648712805015,0.0
2016-05-01,Experian Information Solutions Inc.,4,0,3.0,1.0954451150103321,33.33333333333333,0.9128709291752769,0.0
2016-06-01,Experian Information Solutions Inc.,6,0,3.0,1.0954451150103321,100.0,2.7386127875258306,0.0
2016-07-01,Experian Information Solutions Inc.,2,0,3.3333333333333335,1.632993161855452,-40.0,-0.8164965809277261,0.0
2016-08-01,Experian Information Solutions Inc.,6,0,3.5,1.3784048752090223,71.42857142857143,1.813690625275029,0.0
2016-09-01,Experian Information Solutions Inc.,5,0,4.0,1.6733200530681511,25.0,0.5976143046671968,0.0
2016-10-01,Experian Information Solutions Inc.,5,0,4.333333333333333,1.632993161855452,15.384615384615394,0.4082482904638632,0.0
2016-11-01,Experian Information Solutions Inc.,3,0,4.666666666666667,1.505545305418162,-35.71428571428572,-1.1070186069251193,0.0
2016-12-01,Experian Information Solutions Inc.,3,0,4.5,1.6431676725154984,-33.33333333333333,-0.9128709291752768,0.0
2017-01-01,Experian Information Solutions Inc.,5,0,4.0,1.5491933384829673,25.0,0.6454972243679026,0.0
2017-02-01,Experian Information Solutions Inc.,4,0,4.5,1.2247448713915892,-11.11111111111111,-0.40824829046386296,0.0
2017-03-01,Experian Information Solutions Inc.,7,0,4.166666666666667,0.9831920802501757,67.99999999999999,2.881769890388442,0.0
2017-04-01,Experian Information Solutions Inc.,4,0,4.5,1.51657508881031,-11.11111111111111,-0.32969023669789355,0.0
2017-05-01,Experian Information Solutions Inc.,9,0,4.333333333333333,1.5055453054181622,107.69230769230771,3.099652099390333,0.0
2017-06-01,Experian Information Solutions Inc.,10,0,5.333333333333333,2.2509257354845507,87.50000000000001,2.073221072156824,0.0
2017-07-01,Experian Information Solutions Inc.,12,0,6.5,2.5884358211089555,84.61538461538461,2.1248353755372045,0.0
2017-08-01,Experian Information Solutions Inc.,12,0,7.666666666666667,3.265986323710902,56.52173913043478,1.3268069440075556,0.0
2017-09-01,Experian Information Solutions Inc.,10,0,9.0,3.0983866769659305,11.11111111111111,0.32274861218395173,0.0
2017-10-01,Experian Information Solutions Inc.,9,0,9.5,2.9495762407505213,-5.263157894736842,-0.1695158759052028,0.0
2017-11-01,Experian Information Solutions Inc.,10,0,10.333333333333334,1.366260102127937,-3.225806451612909,-0.2439750182371354,0.0
2017-12-01,Experian Information Solutions Inc.,9,0,10.5,1.2247448713915783,-14.285714285714285,-1.2247448713915998,0.0
2018-01-01,Experian Information Solutions Inc.,9,0,10.333333333333334,1.366260102127937,-12.903225806451617,-0.9759000729485403,0.0
2018-02-01,Experian Information Solutions Inc.,10,0,9.833333333333334,1.1690451944500013,1.6949152542372818,0.14256648712805106,0.0
2018-03-01,Experian Information Solutions Inc.,18,0,9.5,0.5477225575051432,89.47368421052632,15.518805795980356,0.0
2018-04-01,Experian Information Solutions Inc.,13,0,10.833333333333334,3.544949458972108,19.999999999999993,0.611198182581399,0.0
2018-05-01,Experian Information Solutions Inc.,12,0,11.5,3.5071355833500326,4.3478260869565215,0.14256648712805042,0.0
2018-06-01,Experian Information Solutions Inc.,5,0,11.833333333333334,3.4302575219167784,-57.74647887323944,-1.992075897997001,0.0
2018-07-01,Experian Information Solutions Inc.,6,0,11.166666666666666,4.355073669487881,-46.26865671641791,-1.1863557447638358,0.0
2018-08-01,Experian Information Solutions Inc.,16,0,10.666666666666666,4.802776974487431,50.000000000000014,1.1104686646213726,0.0
2018-09-01,Experian Information Solutions Inc.,11,0,11.666666666666666,5.240865068542276,-5.714285714285709,-0.12720546282869605,0.0
2018-10-01,Experian Information Solutions Inc.,9,0,10.5,4.230839160261233,-14.285714285714285,-0.3545395944352993,0.0
2018-11-01,Experian Information Solutions Inc.,8,0,9.833333333333334,4.070217029430574,-18.644067796610177,-0.45042643182833386,0.0
2018-12-01,Experian Information Solutions Inc.,5,0,9.166666666666666,3.9707262140150954,-45.45454545454545,-1.0493462510610725,0.0
2019-01-01,Experian Information Solutions Inc.,9,0,9.166666666666666,3.9707262140150954,-1.818181818181812,-0.04197385004244276,0.0
2019-02-01,Experian Information Solutions Inc.,7,0,9.666666666666666,3.6696957185394337,-27.58620689655172,-0.7266724195127598,0.0
2019-03-01,Experian Information Solutions Inc.,8,0,8.166666666666666,2.041241452319312,-2.040816326530605,-0.08164965809277243,0.0
2019-04-01,Experian Information Solutions Inc.,8,0,7.666666666666667,1.5055453054181582,4.347826086956517,0.22140372138502418,0.0
2019-05-01,Experian Information Solutions Inc.,14,0,7.5,1.378404875209018,86.66666666666667,4.71559562571509,0.0
2019-06-01,Experian Information Solutions Inc.,11,0,8.5,3.0166206257996686,29.411764705882355,0.8287419301647455,0.0
2019-07-01,Experian Information Solutions Inc.,9,0,9.5,2.5884358211089533,-5.263157894736842,-0.19316685232156422,0.0
2019-08-01,Experian Information Solutions Inc.,14,0,9.5,2.5884358211089533,47.368421052631575,1.738501670894078,0.0
2019-09-01,Experian Information Solutions Inc.,11,0,10.666666666666666,2.804757862395013,3.1250000000000053,0.11884567213538247,0.0
2019-10-01,Experian Information Solutions Inc.,17,0,11.166666666666666,2.4832774042918855,52.23880597014926,2.3490461932490896,0.0
2019-11-01,Experian Information Solutions Inc.,12,0,12.666666666666666,2.8751811537130387,-5.263157894736838,-0.2318694478800843,0.0
2019-12-01,Experian Information Solutions Inc.,12,0,12.333333333333334,2.8047578623950127,-2.7027027027027075,-0.1188456721353825,0.0
2020-01-01,Experian Information Solutions Inc.,13,0,12.5,2.7386127875258257,4.0,0.1825741858350557,0.0
2020-02-01,Experian Information Solutions Inc.,13,0,13.166666666666666,2.1369760566432734,-1.2658227848101222,-0.07799182688479127,0.0
2020-03-01,Experian Information Solutions Inc.,12,0,13.0,2.097617696340296,-7.6923076923076925,-0.47673129462279773,0.0
2020-04-01,Experian Information Solutions Inc.,26,0,13.166666666666666,1.9407902170679434,97.46835443037976,6.612426845762518,0.0
2020-05-01,Experian Information Solutions Inc.,23,0,14.666666666666666,5.573747990954257,56.81818181818182,1.495104074826788,0.0
2020-06-01,Experian Information Solutions Inc.,15,0,16.5,6.284902544988263,-9.090909090909092,-0.23866718525271918,0.0
2020-07-01,Experian Information Solutions Inc.,22,0,17.0,5.9665735560705135,29.411764705882355,0.8380019039424894,0.0
2020-08-01,Experian Information Solutions Inc.,21,0,18.5,5.8906705900092495,13.513513513513514,0.42439989841565295,0.0
2020-09-01,Experian Information Solutions Inc.,31,0,19.833333333333332,5.269408568963558,56.302521008403374,2.119149904685232,0.0
2020-10-01,Experian Information Solutions Inc.,23,0,23.0,5.329165037789681,0.0,0.0,0.0
2020-11-01,Experian Information Solutions Inc.,19,0,22.5,5.128352561983224,-15.555555555555555,-0.6824803789711541,0.0
2020-12-01,Experian Information Solutions Inc.,31,0,21.833333333333332,5.307227776030209,41.98473282442749,1.7272043058086548,0.0
2021-01-01,Experian Information Solutions Inc.,15,0,24.5,5.205766033928138,-38.775510204081634,-1.8248995321888377,0.0
2021-02-01,Experian Information Solutions Inc.,16,0,23.333333333333332,6.501281924871937,-31.428571428571423,-1.127982668353178,0.0
2021-03-01,Experian Information Solutions Inc.,23,0,22.5,7.148426400264599,2.2222222222222223,0.06994546379906667,0.0
2021-04-01,Experian Information Solutions Inc.,18,0,21.166666666666668,5.879342366852482,-14.960629921259846,-0.5386089921417434,0.0
2021-05-01,Experian Information Solutions Inc.,20,0,20.333333333333332,5.921711464320643,-1.6393442622950762,-0.0562900329308046,0.0
2021-06-01,Experian Information Solutions Inc.,17,0,20.5,5.890670590009246,-17.073170731707318,-0.5941598577819145,0.0
2021-07-01,Experian Information Solutions Inc.,10,0,18.166666666666668,2.9268868558020045,-44.95412844036697,-2.7902228780992275,0.0
2021-08-01,Experian Information Solutions Inc.,11,0,17.333333333333332,4.3665394383500695,-36.53846153846153,-1.4504239393120955,0.0
2021-09-01,Experian Information Solutions Inc.,14,0,16.5,5.089204259999777,-15.151515151515152,-0.49123593243241326,0.0
2021-10-01,Experian Information Solutions Inc.,18,0,15.0,3.9999999999999845,20.0,0.7500000000000029,0.0
2021-11-01,Experian Information Solutions Inc.,9,0,15.0,3.9999999999999845,-40.0,-1.5000000000000058,0.0
2021-12-01,Experian Information Solutions Inc.,28,0,13.166666666666666,3.7638632635453884,112.65822784810126,3.9409862406534417,0.0
2022-01-01,Experian Information Solutions Inc.,37,0,15.0,7.155417527999319,146.66666666666666,3.0745934690622145,0.0
2022-02-01,Experian Information Solutions Inc.,37,0,19.5,10.894952959971874,89.74358974358975,1.606248330240168,0.0
2022-03-01,Experian Information Solutions Inc.,47,0,23.833333333333332,11.956866925188494,97.20279720279721,1.9375198211718372,0.0
2022-04-01,Experian Information Solutions Inc.,71,0,29.333333333333332,13.952299690970897,142.04545454545456,2.9863655160468547,0.0
2022-05-01,Experian Information Solutions Inc.,76,0,38.166666666666664,20.55642640797925,99.12663755458516,1.8404625678832887,0.0
2022-06-01,Experian Information Solutions Inc.,66,0,49.333333333333336,19.72477291800001,33.783783783783775,0.8449611428204253,0.0
2022-07-01,Experian Information Solutions Inc.,80,0,55.666666666666664,17.47760471765701,43.712574850299404,1.392257905269492,0.0
2022-08-01,Experian Information Solutions Inc.,79,0,62.833333333333336,17.104580283265253,25.729442970822276,0.9451659379496016,0.0
2022-09-01,Experian Information Solutions Inc.,62,0,69.83333333333333,12.351787994726372,-11.217183770883048,-0.634186187188267,0.0
2022-10-01,Experian Information Solutions Inc.,76,0,72.33333333333333,7.284687135812118,5.069124423963141,0.5033389352634018,0.0
2022-11-01,Experian Information Solutions Inc.,86,0,73.16666666666667,7.386925386564195,17.539863325740313,1.737303771427745,0.0
2022-12-01,Experian Information Solutions Inc.,83,0,74.83333333333333,9.086620200419217,10.913140311804016,0.8987573472356528,0.0
2023-01-01,Experian Information Solutions Inc.,100,0,77.66666666666667,8.406346808612325,28.755364806866947,2.6567228121557833,0.0
2023-02-01,Experian Information Solutions Inc.,76,0,81.0,12.489995996796798,-6.172839506172839,-0.4003203845127178,0.0
2023-03-01,Experian Information Solutions Inc.,89,0,80.5,12.645157175772868,10.559006211180124,0.6721940962731041,0.0
2023-04-01,Experian Information Solutions Inc.,98,0,85.0,9.033271832508982,15.294117647058824,1.4391241890026534,0.0
2023-05-01,Experian Information Solutions Inc.,71,0,88.66666666666667,9.114091653405014,-19.92481203007519,-1.9383902794159882,0.0
2023-06-01,Experian Information Solutions Inc.,76,0,86.16666666666667,11.686174167222859,-11.798839458413932,-0.869973912863795,0.0
2023-07-01,Experian Information Solutions Inc.,82,0,85.0,12.393546707863742,-3.5294117647058822,-0.2420614591379634,0.0
2023-08-01,Experian Information Solutions Inc.,102,0,82.0,9.979979959899724,24.390243902439025,2.0040120401405046,0.0
2023-09-01,Experian Information Solutions Inc.,101,0,86.33333333333333,12.242004193213905,16.988416988416997,1.1980609085885485,0.0
2023-10-01,Experian Information Solutions Inc.,107,0,88.33333333333333,13.662601021279471,21.13207547169812,1.3662601021279461,0.0
2023-11-01,Experian Information Solutions Inc.,102,0,89.83333333333333,15.328622464744406,13.543599257884978,0.7937221165600377,0.0
2023-12-01,Experian Information Solutions Inc.,116,0,95.0,12.712198865656573,22.105263157894736,1.6519565357598243,0.0
2024-01-01,Experian Information Solutions Inc.,81,0,101.66666666666667,11.147495981908538,-20.32786885245902,-1.8539290527852137,0.0
2024-02-01,Experian Information Solutions Inc.,100,0,101.5,11.502173707608504,-1.477832512315271,-0.13041013273932509,0.0
2024-03-01,Experian Information Solutions Inc.,173,0,101.16666666666667,11.513759884011263,71.00494233937397,6.238911880825798,0.0
2024-04-01,Experian Information Solutions Inc.,177,0,113.16666666666667,31.49232710783163,56.406480117820315,2.0269487584948593,0.0
2024-05-01,Experian Information Solutions Inc.,184,0,124.83333333333333,40.44461233176388,47.396528704939925,1.4629060153013038,0.0
2024-06-01,Experian Information Solutions Inc.,161,0,138.5,44.805133634439706,16.24548736462094,0.5021745986425371,0.0
2024-07-01,Experian Information Solutions Inc.,199,0,146.0,44.04543109109048,36.3013698630137,1.2033030143442245,0.0
2024-08-01,Experian Information Solutions Inc.,226,0,165.66666666666666,34.53500639447844,36.418511066398395,1.7470196079934597,0.0
2024-09-01,Experian Information Solutions Inc.,201,0,186.66666666666666,23.001449229704363,7.678571428571434,0.623149141177726,0.0
2024-10-01,Experian Information Solutions Inc.,238,0,191.33333333333334,22.509257354845534,24.390243902439018,2.0732210721568207,0.0
2024-11-01,Experian Information Solutions Inc.,196,0,201.5,27.876513411831137,-2.729528535980149,-0.19729870514099987,0.0
2024-12-01,Experian Information Solutions Inc.,222,0,203.5,26.778722897106228,9.090909090909092,0.6908469859105624,0.0
2025-01-01,Experian Information Solutions Inc.,441,0,213.66666666666666,17.328204369370415,106.39625585023403,13.119266629563247,0.0
2025-02-01,Experian Information Solutions Inc.,211,0,254.0,92.95805505710626,-16.92913385826772,-0.4625742220357785,0.0
2025-03-01,Experian Information Solutions Inc.,290,0,251.5,94.05689767369536,15.308151093439365,0.4093267049224311,0.0
2025-04-01,Experian Information Solutions Inc.,287,0,266.3333333333333,91.48260308204324,7.759699624530671,0.2259081614471819,0.0
2025-05-01,Experian Information Solutions Inc.,286,0,274.5,90.63056879441946,4.189435336976321,0.12688875456674953,0.0
2025-06-01,Experian Information Solutions Inc.,308,0,289.5,82.08471234036212,6.390328151986183,0.2253769243082711,0.0
2025-07-01,Experian Information Solutions Inc.,294,0,303.8333333333333,75.15694689559085,-3.2364234777838665,-0.13083731763337764,0.0
2025-08-01,Experian Information Solutions Inc.,246,0,279.3333333333333,34.41898700814223,-11.93317422434367,-0.9684577098520624,0.0
2025-09-01,Experian Information Solutions Inc.,181,0,285.1666666666667,20.78861868106353,-36.528345996493286,-5.010754599176553,0.0
2025-10-01,Experian Information Solutions Inc.,159,0,267.0,46.92121055556859,-40.44943820224719,-2.301730895712847,0.0
2025-11-01,Experian Information Solutions Inc.,182,0,245.66666666666666,62.516131251595155,-25.91587516960651,-1.0184038166156058,0.0
2025-12-01,Experian Information Solutions Inc.,117,0,228.33333333333334,63.506430120631705,-48.759124087591246,-1.7531033175987611,0.0
2026-01-01,Experian Information Solutions Inc.,10,0,196.5,63.45628416476985,-94.91094147582697,-2.9390312158168017,0.0
2026-02-01,Experian Information Solutions Inc.,5,0,149.16666666666666,79.95853091863745,-96.64804469273743,-1.8030179520602347,0.0
2026-03-01,Experian Information Solutions Inc.,1,0,109.0,82.09019429871053,-99.08256880733946,-1.3156260735235763,0.0
2026-04-01,Experian Information Solutions Inc.,3,0,79.0,83.39544352061482,-96.20253164556962,-0.9113207723538671,0.0
2026-05-01,Experian Information Solutions Inc.,0,0,53.0,77.580925490742,-100.0,-0.6831576146423346,0.0
2026-06-01,Experian Information Solutions Inc.,1,0,22.666666666666668,46.34939769475693,-95.58823529411765,-0.4674638235723528,0.0
2015-03-01,JPMORGAN CHASE & CO.,3,0,,,,,0.0
2015-04-01,JPMORGAN CHASE & CO.,4,0,,,,,0.0
2015-05-01,JPMORGAN CHASE & CO.,2,0,,,,,0.0
2015-06-01,JPMORGAN CHASE & CO.,5,0,3.0,1.0,66.66666666666666,2.0,0.0
2015-07-01,JPMORGAN CHASE & CO.,1,0,3.5,1.2909944487358056,-71.42857142857143,-1.9364916731037085,0.0
2015-08-01,JPMORGAN CHASE & CO.,4,0,3.0,1.5811388300841898,33.33333333333333,0.6324555320336759,0.0
2015-09-01,JPMORGAN CHASE & CO.,1,0,3.1666666666666665,1.4719601443879746,-68.42105263157895,-1.4719601443879742,0.0
2015-10-01,JPMORGAN CHASE & CO.,2,0,2.8333333333333335,1.7224014243685084,-29.411764705882355,-0.48382062482261484,0.0
2015-11-01,JPMORGAN CHASE & CO.,0,0,2.5,1.6431676725154982,-100.0,-1.5214515486254616,0.0
2015-12-01,JPMORGAN CHASE & CO.,4,0,2.1666666666666665,1.9407902170679514,84.61538461538463,0.9446324065374987,0.0
2016-01-01,JPMORGAN CHASE & CO.,4,0,2.0,1.6733200530681507,100.0,1.195228609334394,0.0
2016-02-01,JPMORGAN CHASE & CO.,3,0,2.5,1.7606816861659005,20.0,0.28398091712353246,0.0
2016-03-01,JPMORGAN CHASE & CO.,4,0,2.3333333333333335,1.6329931618554516,71.42857142857142,1.0206207261596578,0.0
2016-04-01,JPMORGAN CHASE & CO.,2,0,2.8333333333333335,1.6020819787597216,-29.411764705882355,-0.5201564866102997,0.0
2016-05-01,JPMORGAN CHASE & CO.,3,0,2.8333333333333335,1.6020819787597216,5.882352941176465,0.10403129732205982,0.0
2016-06-01,JPMORGAN CHASE & CO.,3,0,3.3333333333333335,0.8164965809277248,-10.000000000000004,-0.4082482904638638,0.0
2016-07-01,JPMORGAN CHASE & CO.,4,0,3.1666666666666665,0.7527726527090798,26.315789473684216,1.107018606925121,0.0
2016-08-01,JPMORGAN CHASE & CO.,2,0,3.1666666666666665,0.7527726527090798,-36.84210526315789,-1.549826049695169,0.0
2016-09-01,JPMORGAN CHASE & CO.,0,0,3.0,0.8944271909999149,-100.0,-3.3541019662496883,0.0
2016-10-01,JPMORGAN CHASE & CO.,5,0,2.3333333333333335,1.3662601021279457,114.28571428571428,1.9518001458970673,0.0
2016-11-01,JPMORGAN CHASE & CO.,2,0,2.8333333333333335,1.722401424368508,-29.411764705882355,-0.48382062482261495,0.0
2016-12-01,JPMORGAN CHASE & CO.,4,0,2.6666666666666665,1.7511900715418258,50.000000000000014,0.7613869876268813,0.0
2017-01-01,JPMORGAN CHASE & CO.,3,0,2.8333333333333335,1.8348478592697175,5.882352941176465,0.09083405243909488,0.0
2017-02-01,JPMORGAN CHASE & CO.,3,0,2.6666666666666665,1.7511900715418258,12.500000000000005,0.19034674690672038,0.0
2017-03-01,JPMORGAN CHASE & CO.,3,0,2.8333333333333335,1.7224014243685077,5.882352941176465,0.0967641249645229,0.0
2017-04-01,JPMORGAN CHASE & CO.,2,0,3.3333333333333335,1.0327955589886437,-40.0,-1.2909944487358067,0.0
2017-05-01,JPMORGAN CHASE & CO.,5,0,2.8333333333333335,0.7527726527090796,76.47058823529412,2.878248378005315,0.0
2017-06-01,JPMORGAN CHASE & CO.,6,0,3.3333333333333335,1.0327955589886437,80.0,2.581988897471613,0.0
2017-07-01,JPMORGAN CHASE & CO.,5,0,3.6666666666666665,1.5055453054181613,36.36363636363637,0.8856148855400958,0.0
2017-08-01,JPMORGAN CHASE & CO.,4,0,4.0,1.5491933384829664,0.0,0.0,0.0
2017-09-01,JPMORGAN CHASE & CO.,1,0,4.166666666666667,1.471960144387974,-76.0,-2.1513263648747327,0.0
2017-10-01,JPMORGAN CHASE & CO.,2,0,3.8333333333333335,1.9407902170679514,-47.82608695652174,-0.9446324065374987,0.0
2017-11-01,JPMORGAN CHASE & CO.,1,0,3.8333333333333335,1.9407902170679514,-73.91304347826087,-1.4598864464670434,0.0
2017-12-01,JPMORGAN CHASE & CO.,1,0,3.1666666666666665,2.1369760566432805,-68.42105263157895,-1.0138937495022866,0.0
2018-01-01,JPMORGAN CHASE & CO.,4,0,2.3333333333333335,1.7511900715418263,71.42857142857142,0.9517337345336012,0.0
2018-02-01,JPMORGAN CHASE & CO.,4,0,2.1666666666666665,1.4719601443879744,84.61538461538463,1.2455047375590556,0.0
2018-03-01,JPMORGAN CHASE & CO.,2,0,2.1666666666666665,1.4719601443879744,-7.692307692307685,-0.11322770341445948,0.0
2018-04-01,JPMORGAN CHASE & CO.,7,0,2.3333333333333335,1.3662601021279464,199.99999999999994,3.415650255319866,0.0
2018-05-01,JPMORGAN CHASE & CO.,4,0,3.1666666666666665,2.3166067138525404,26.315789473684216,0.3597215394180964,0.0
2018-06-01,JPMORGAN CHASE & CO.,3,0,3.6666666666666665,2.065591117977289,-18.18181818181818,-0.32274861218395134,0.0
2018-07-01,JPMORGAN CHASE & CO.,2,0,4.0,1.6733200530681505,-50.0,-1.195228609334394,0.0
2018-08-01,JPMORGAN CHASE & CO.,1,0,3.6666666666666665,1.861898672502525,-72.72727272727273,-1.432229748078866,0.0
2018-09-01,JPMORGAN CHASE & CO.,1,0,3.1666666666666665,2.1369760566432805,-68.42105263157895,-1.0138937495022866,0.0
2018-10-01,JPMORGAN CHASE & CO.,2,0,3.0,2.2803508501982757,-33.33333333333333,-0.43852900965351466,0.0
2018-11-01,JPMORGAN CHASE & CO.,2,0,2.1666666666666665,1.1690451944500124,-7.692307692307685,-0.1425664871280501,0.0
2018-12-01,JPMORGAN CHASE & CO.,5,0,1.8333333333333333,0.7527726527090819,172.72727272727275,4.206670706315448,0.0
2019-01-01,JPMORGAN CHASE & CO.,2,0,2.1666666666666665,1.4719601443879746,-7.692307692307685,-0.11322770341445947,0.0
2019-02-01,JPMORGAN CHASE & CO.,5,0,2.1666666666666665,1.4719601443879746,130.7692307692308,1.9248709580458128,0.0
2019-03-01,JPMORGAN CHASE & CO.,1,0,2.8333333333333335,1.7224014243685084,-64.70588235294117,-1.0644053746097526,0.0
2019-04-01,JPMORGAN CHASE & CO.,5,0,2.8333333333333335,1.7224014243685084,76.47058823529412,1.2579336245387982,0.0
2019-05-01,JPMORGAN CHASE & CO.,2,0,3.3333333333333335,1.8618986725025253,-40.0,-0.7161148740394331,0.0
2019-06-01,JPMORGAN CHASE & CO.,1,0,3.3333333333333335,1.8618986725025253,-70.0,-1.2532010295690077,0.0
2019-07-01,JPMORGAN CHASE & CO.,3,0,2.6666666666666665,1.8618986725025257,12.500000000000005,0.17902871850985827,0.0
2019-08-01,JPMORGAN CHASE & CO.,0,0,2.8333333333333335,1.834847859269718,-100.0,-1.5441788914646142,0.0
2019-09-01,JPMORGAN CHASE & CO.,1,0,2.0,1.7888543819998322,-50.0,-0.5590169943749473,0.0
2019-10-01,JPMORGAN CHASE & CO.,6,0,2.0,1.7888543819998322,200.0,2.2360679774997894,0.0
2019-11-01,JPMORGAN CHASE & CO.,4,0,2.1666666666666665,2.1369760566432814,84.61538461538463,0.8579100957327038,0.0
2019-12-01,JPMORGAN CHASE & CO.,3,0,2.5,2.258317958127243,20.0,0.22140372138502384,0.0
2020-01-01,JPMORGAN CHASE & CO.,2,0,2.8333333333333335,2.1369760566432805,-29.411764705882355,-0.38995913442395647,0.0
2020-02-01,JPMORGAN CHASE & CO.,2,0,2.6666666666666665,2.1602468994692865,-24.999999999999993,-0.30860669992418377,0.0
2020-03-01,JPMORGAN CHASE & CO.,2,0,3.0,1.7888543819998315,-33.33333333333333,-0.5590169943749476,0.0
2020-04-01,JPMORGAN CHASE & CO.,7,0,3.1666666666666665,1.6020819787597216,121.05263157894738,2.3927198384073782,0.0
2020-05-01,JPMORGAN CHASE & CO.,4,0,3.3333333333333335,1.9663841605003496,19.999999999999996,0.3390317518104052,0.0
2020-06-01,JPMORGAN CHASE & CO.,6,0,3.3333333333333335,1.9663841605003496,80.0,1.3561270072416212,0.0
2020-07-01,JPMORGAN CHASE & CO.,3,0,3.8333333333333335,2.228601953392903,-21.73913043478261,-0.3739265022471317,0.0
2020-08-01,JPMORGAN CHASE & CO.,4,0,4.0,2.097617696340302,0.0,0.0,0.0
2020-09-01,JPMORGAN CHASE & CO.,7,0,4.333333333333333,1.8618986725025242,61.538461538461554,1.432229748078867,0.0
2020-10-01,JPMORGAN CHASE & CO.,2,0,5.166666666666667,1.7224014243685066,-61.29032258064516,-1.8385183743259381,0.0
2020-11-01,JPMORGAN CHASE & CO.,9,0,4.333333333333333,1.8618986725025242,107.69230769230771,2.506402059138017,0.0
2020-12-01,JPMORGAN CHASE & CO.,5,0,5.166666666666667,2.639444385977219,-3.225806451612909,-0.06314460253534035,0.0
2021-01-01,JPMORGAN CHASE & CO.,2,0,5.0,2.607680962081058,-60.0,-1.1504474832710563,0.0
2021-02-01,JPMORGAN CHASE & CO.,4,0,4.833333333333333,2.7868739954771296,-17.241379310344822,-0.29902081496535743,0.0
2021-03-01,JPMORGAN CHASE & CO.,7,0,4.833333333333333,2.7868739954771296,44.827586206896555,0.7774541189099297,0.0
2021-04-01,JPMORGAN CHASE & CO.,7,0,4.833333333333333,2.7868739954771296,44.827586206896555,0.7774541189099297,0.0
2021-05-01,JPMORGAN CHASE & CO.,4,0,5.666666666666667,2.5033311140691437,-29.411764705882355,-0.6657795516141348,0.0
2021-06-01,JPMORGAN CHASE & CO.,5,0,4.833333333333333,1.9407902170679499,3.4482758620689715,0.085875673321591,0.0
2021-07-01,JPMORGAN CHASE & CO.,8,0,4.833333333333333,1.9407902170679499,65.51724137931035,1.6316377931102264,0.0
2021-08-01,JPMORGAN CHASE & CO.,2,0,5.833333333333333,1.7224014243685066,-65.71428571428571,-2.22557487418403,0.0
2021-09-01,JPMORGAN CHASE & CO.,3,0,5.5,2.2583179581272415,-45.45454545454545,-1.1070186069251198,0.0
2021-10-01,JPMORGAN CHASE & CO.,4,0,4.833333333333333,2.3166067138525386,-17.241379310344822,-0.35972153941809654,0.0
2021-11-01,JPMORGAN CHASE & CO.,2,0,4.333333333333333,2.065591117977287,-53.84615384615385,-1.1296201426438308,0.0
2021-12-01,JPMORGAN CHASE & CO.,6,0,4.0,2.280350850198274,50.0,0.87705801930703,0.0
2022-01-01,JPMORGAN CHASE & CO.,5,0,4.166666666666667,2.401388487243715,19.999999999999993,0.34702145769417886,0.0
2022-02-01,JPMORGAN CHASE & CO.,6,0,3.6666666666666665,1.6329931618554494,63.63636363636365,1.428869016623523,0.0
2022-03-01,JPMORGAN CHASE & CO.,1,0,4.333333333333333,1.6329931618554496,-76.92307692307692,-2.041241452319318,0.0
2022-04-01,JPMORGAN CHASE & CO.,8,0,4.0,2.097617696340301,100.0,1.9069251784911865,0.0
2022-05-01,JPMORGAN CHASE & CO.,2,0,4.666666666666667,2.65832027165025,-57.14285714285715,-1.003139725151039,0.0
2022-06-01,JPMORGAN CHASE & CO.,7,0,4.666666666666667,2.65832027165025,49.999999999999986,0.8777472595071588,0.0
2022-07-01,JPMORGAN CHASE & CO.,5,0,4.833333333333333,2.7868739954771296,3.4482758620689715,0.059804162993071605,0.0
2022-08-01,JPMORGAN CHASE & CO.,4,0,4.833333333333333,2.7868739954771296,-17.241379310344822,-0.29902081496535743,0.0
2022-09-01,JPMORGAN CHASE & CO.,8,0,4.5,2.7386127875258293,77.77777777777779,1.2780193008453882,0.0
2022-10-01,JPMORGAN CHASE & CO.,6,0,5.666666666666667,2.422120283277992,5.882352941176465,0.13762047064079505,0.0
2022-11-01,JPMORGAN CHASE & CO.,4,0,5.333333333333333,2.160246899469285,-24.999999999999993,-0.617213399848368,0.0
2022-12-01,JPMORGAN CHASE & CO.,9,0,5.666666666666667,1.6329931618554494,58.823529411764696,2.0412414523193183,0.0
2023-01-01,JPMORGAN CHASE & CO.,6,0,6.0,2.097617696340301,0.0,0.0,0.0
2023-02-01,JPMORGAN CHASE & CO.,7,0,6.166666666666667,2.041241452319313,13.513513513513509,0.4082482904638633,0.0
2023-03-01,JPMORGAN CHASE & CO.,11,0,6.666666666666667,1.7511900715418234,64.99999999999999,2.474507709787367,0.0
2023-04-01,JPMORGAN CHASE & CO.,3,0,7.166666666666667,2.4832774042918877,-58.139534883720934,-1.6778901380350624,0.0
2023-05-01,JPMORGAN CHASE & CO.,7,0,6.666666666666667,3.0110906108363227,4.999999999999996,0.11070186069251187,0.0
2023-06-01,JPMORGAN CHASE & CO.,9,0,7.166666666666667,2.7141603981096356,25.581395348837205,0.6754697823349781,0.0
2023-07-01,JPMORGAN CHASE & CO.,5,0,7.166666666666667,2.714160398109636,-30.232558139534888,-0.798282470032247,0.0
2023-08-01,JPMORGAN CHASE & CO.,9,0,7.0,2.8284271247461885,28.57142857142857,0.7071067811865479,0.0
2023-09-01,JPMORGAN CHASE & CO.,7,0,7.333333333333333,2.943920288775947,-4.545454545454541,-0.11322770341445955,0.0
2023-10-01,JPMORGAN CHASE & CO.,11,0,6.666666666666667,2.338090388900022,64.99999999999999,1.853364332664655,0.0
2023-11-01,JPMORGAN CHASE & CO.,11,0,8.0,2.0976176963403006,37.5,1.43019388386839,0.0
2023-12-01,JPMORGAN CHASE & CO.,9,0,8.666666666666666,2.338090388900022,3.8461538461538534,0.14256648712805065,0.0
2024-01-01,JPMORGAN CHASE & CO.,9,0,8.666666666666666,2.338090388900022,3.8461538461538534,0.14256648712805065,0.0
2024-02-01,JPMORGAN CHASE & CO.,4,0,9.333333333333334,1.505545305418159,-57.14285714285715,-3.5424595421603886,0.0
2024-03-01,JPMORGAN CHASE & CO.,8,0,8.5,2.6645825188948433,-5.88235294117647,-0.18764665626020055,0.0
2024-04-01,JPMORGAN CHASE & CO.,6,0,8.666666666666666,2.581988897471609,-30.769230769230766,-1.0327955589886453,0.0
2024-05-01,JPMORGAN CHASE & CO.,6,0,7.833333333333333,2.483277404291887,-23.404255319148934,-0.7382716607354276,0.0
2024-06-01,JPMORGAN CHASE & CO.,15,0,7.0,1.999999999999995,114.28571428571428,4.000000000000011,0.0
2024-07-01,JPMORGAN CHASE & CO.,9,0,8.0,3.847076812334267,12.5,0.25993762245501834,0.0
2024-08-01,JPMORGAN CHASE & CO.,6,0,8.0,3.847076812334267,-25.0,-0.5198752449100367,0.0
2024-09-01,JPMORGAN CHASE & CO.,7,0,8.333333333333334,3.5023801430836503,-16.000000000000007,-0.3806934938134409,0.0
2024-10-01,JPMORGAN CHASE & CO.,13,0,8.166666666666666,3.544949458972109,59.18367346938776,1.3634420996046595,0.0
2024-11-01,JPMORGAN CHASE & CO.,12,0,9.333333333333334,3.8297084310253506,28.571428571428566,0.6963106238227915,0.0
2024-12-01,JPMORGAN CHASE & CO.,11,0,10.333333333333334,3.5590260840104353,6.451612903225801,0.18731716231633871,0.0
2025-01-01,JPMORGAN CHASE & CO.,13,0,9.666666666666666,2.8047578623950145,34.482758620689665,1.1884567213538222,0.0
2025-02-01,JPMORGAN CHASE & CO.,8,0,10.333333333333334,3.076794869123818,-22.580645161290327,-0.75836493253052,0.0
2025-03-01,JPMORGAN CHASE & CO.,9,0,10.666666666666666,2.581988897471609,-15.624999999999995,-0.6454972243679031,0.0
2025-04-01,JPMORGAN CHASE & CO.,6,0,11.0,2.0976176963403,-45.45454545454545,-2.383656473113984,0.0
2025-05-01,JPMORGAN CHASE & CO.,10,0,9.833333333333334,2.6394443859772174,1.6949152542372818,0.06314460253534006,0.0
2025-06-01,JPMORGAN CHASE & CO.,7,0,9.5,2.42899156029822,-26.31578947368421,-1.0292337119907744,0.0
2025-07-01,JPMORGAN CHASE & CO.,16,0,8.833333333333334,2.483277404291886,81.1320754716981,2.885971037420309,0.0
2025-08-01,JPMORGAN CHASE & CO.,7,0,9.333333333333334,3.5590260840104344,-25.000000000000007,-0.6556100681071865,0.0
2025-09-01,JPMORGAN CHASE & CO.,7,0,9.166666666666666,3.656045222185668,-23.63636363636363,-0.5926257841448096,0.0
2025-10-01,JPMORGAN CHASE & CO.,7,0,8.833333333333334,3.7638632635454026,-20.75471698113208,-0.48708818704705287,0.0
2025-11-01,JPMORGAN CHASE & CO.,9,0,9.0,3.6331804249169877,0.0,0.0,0.0
2025-12-01,JPMORGAN CHASE & CO.,7,0,8.833333333333334,3.600925806881704,-20.75471698113208,-0.5091283274511414,0.0
2026-01-01,JPMORGAN CHASE & CO.,14,0,8.833333333333334,3.600925806881704,58.49056603773584,1.4348161955441254,0.0
2026-02-01,JPMORGAN CHASE & CO.,4,0,8.5,2.8106938645110358,-52.94117647058824,-1.601028150670847,0.0
2026-03-01,JPMORGAN CHASE & CO.,8,0,8.0,3.3466401061362983,0.0,0.0,0.0
2026-04-01,JPMORGAN CHASE & CO.,5,0,8.166666666666666,3.311595788538608,-38.77551020408163,-0.9562358659913931,0.0
2026-05-01,JPMORGAN CHASE & CO.,0,0,7.833333333333333,3.544949458972108,-100.0,-2.2097165062558277,0.0
2026-06-01,JPMORGAN CHASE & CO.,0,0,6.333333333333333,4.676180777800044,-100.0,-1.3543816277164786,0.0
2015-03-01,NAVY FEDERAL CREDIT UNION,0,0,,,,,0.0
2015-04-01,NAVY FEDERAL CREDIT UNION,0,0,,,,,0.0
2015-05-01,NAVY FEDERAL CREDIT UNION,0,0,,,,,0.0
2015-06-01,NAVY FEDERAL CREDIT UNION,0,0,0.0,0.0,,,0.0
2015-07-01,NAVY FEDERAL CREDIT UNION,1,0,0.0,0.0,,,0.0
2015-08-01,NAVY FEDERAL CREDIT UNION,0,0,0.2,0.4472135954999579,-100.0,-0.447213595499958,0.0
2015-09-01,NAVY FEDERAL CREDIT UNION,1,0,0.16666666666666666,0.408248290463863,500.0000000000001,2.041241452319315,0.0
2015-10-01,NAVY FEDERAL CREDIT UNION,0,0,0.3333333333333333,0.5163977794943223,-100.0,-0.6454972243679027,0.0
2015-11-01,NAVY FEDERAL CREDIT UNION,0,0,0.3333333333333333,0.5163977794943223,-100.0,-0.6454972243679027,0.0
2015-12-01,NAVY FEDERAL CREDIT UNION,0,0,0.3333333333333333,0.5163977794943223,-100.0,-0.6454972243679027,0.0
2016-01-01,NAVY FEDERAL CREDIT UNION,0,0,0.3333333333333333,0.5163977794943223,-100.0,-0.6454972243679027,0.0
2016-02-01,NAVY FEDERAL CREDIT UNION,0,0,0.16666666666666666,0.4082482904638631,-100.0,-0.40824829046386296,0.0
2016-03-01,NAVY FEDERAL CREDIT UNION,0,0,0.16666666666666666,0.4082482904638631,-100.0,-0.40824829046386296,0.0
2016-04-01,NAVY FEDERAL CREDIT UNION,0,0,0.0,0.0,,,0.0
2016-05-01,NAVY FEDERAL CREDIT UNION,0,0,0.0,0.0,,,0.0
2016-06-01,NAVY FEDERAL CREDIT UNION,0,0,0.0,0.0,,,0.0
2016-07-01,NAVY FEDERAL CREDIT UNION,0,0,0.0,0.0,,,0.0
2016-08-01,NAVY FEDERAL CREDIT UNION,0,0,0.0,0.0,,,0.0
2016-09-01,NAVY FEDERAL CREDIT UNION,0,0,0.0,0.0,,,0.0
2016-10-01,NAVY FEDERAL CREDIT UNION,0,0,0.0,0.0,,,0.0
2016-11-01,NAVY FEDERAL CREDIT UNION,0,0,0.0,0.0,,,0.0
2016-12-01,NAVY FEDERAL CREDIT UNION,0,0,0.0,0.0,,,0.0
2017-01-01,NAVY FEDERAL CREDIT UNION,0,0,0.0,0.0,,,0.0
2017-02-01,NAVY FEDERAL CREDIT UNION,0,0,0.0,0.0,,,0.0
2017-03-01,NAVY FEDERAL CREDIT UNION,0,0,0.0,0.0,,,0.0
2017-04-01,NAVY FEDERAL CREDIT UNION,0,0,0.0,0.0,,,0.0
2017-05-01,NAVY FEDERAL CREDIT UNION,2,0,0.0,0.0,,,0.0
2017-06-01,NAVY FEDERAL CREDIT UNION,0,0,0.3333333333333333,0.816496580927726,-100.0,-0.408248290463863,0.0
2017-07-01,NAVY FEDERAL CREDIT UNION,0,0,0.3333333333333333,0.816496580927726,-100.0,-0.408248290463863,0.0
2017-08-01,NAVY FEDERAL CREDIT UNION,0,0,0.3333333333333333,0.816496580927726,-100.0,-0.408248290463863,0.0
2017-09-01,NAVY FEDERAL CREDIT UNION,0,0,0.3333333333333333,0.816496580927726,-100.0,-0.408248290463863,0.0
2017-10-01,NAVY FEDERAL CREDIT UNION,1,0,0.3333333333333333,0.816496580927726,200.00000000000006,0.8164965809277261,0.0
2017-11-01,NAVY FEDERAL CREDIT UNION,1,0,0.5,0.8366600265340756,100.0,0.5976143046671968,0.0
2017-12-01,NAVY FEDERAL CREDIT UNION,0,0,0.3333333333333333,0.5163977794943222,-100.0,-0.6454972243679028,0.0
2018-01-01,NAVY FEDERAL CREDIT UNION,0,0,0.3333333333333333,0.5163977794943222,-100.0,-0.6454972243679028,0.0
2018-02-01,NAVY FEDERAL CREDIT UNION,1,0,0.3333333333333333,0.5163977794943222,200.00000000000006,1.2909944487358058,0.0
2018-03-01,NAVY FEDERAL CREDIT UNION,0,0,0.5,0.5477225575051661,-100.0,-0.9128709291752769,0.0
2018-04-01,NAVY FEDERAL CREDIT UNION,0,0,0.5,0.5477225575051661,-100.0,-0.9128709291752769,0.0
2018-05-01,NAVY FEDERAL CREDIT UNION,0,0,0.3333333333333333,0.5163977794943222,-100.0,-0.6454972243679028,0.0
2018-06-01,NAVY FEDERAL CREDIT UNION,0,0,0.16666666666666666,0.40824829046386296,-100.0,-0.4082482904638631,0.0
2018-07-01,NAVY FEDERAL CREDIT UNION,0,0,0.16666666666666666,0.40824829046386296,-100.0,-0.4082482904638631,0.0
2018-08-01,NAVY FEDERAL CREDIT UNION,0,0,0.16666666666666666,0.40824829046386296,-100.0,-0.4082482904638631,0.0
2018-09-01,NAVY FEDERAL CREDIT UNION,0,0,0.0,0.0,,,0.0
2018-10-01,NAVY FEDERAL CREDIT UNION,2,0,0.0,0.0,,,0.0
2018-11-01,NAVY FEDERAL CREDIT UNION,0,0,0.3333333333333333,0.816496580927726,-100.0,-0.408248290463863,0.0
2018-12-01,NAVY FEDERAL CREDIT UNION,2,0,0.3333333333333333,0.816496580927726,500.0000000000001,2.041241452319315,0.0
2019-01-01,NAVY FEDERAL CREDIT UNION,0,0,0.6666666666666666,1.0327955589886446,-100.0,-0.6454972243679027,0.0
2019-02-01,NAVY FEDERAL CREDIT UNION,1,0,0.6666666666666666,1.0327955589886446,50.000000000000014,0.3227486121839514,0.0
2019-03-01,NAVY FEDERAL CREDIT UNION,0,0,0.8333333333333334,0.9831920802501751,-100.0,-0.8475793795260129,0.0
2019-04-01,NAVY FEDERAL CREDIT UNION,0,0,0.8333333333333334,0.9831920802501751,-100.0,-0.8475793795260129,0.0
2019-05-01,NAVY FEDERAL CREDIT UNION,1,0,0.5,0.8366600265340756,100.0,0.5976143046671968,0.0
2019-06-01,NAVY FEDERAL CREDIT UNION,0,0,0.6666666666666666,0.816496580927726,-100.0,-0.816496580927726,0.0
2019-07-01,NAVY FEDERAL CREDIT UNION,1,0,0.3333333333333333,0.5163977794943222,200.00000000000006,1.2909944487358058,0.0
2019-08-01,NAVY FEDERAL CREDIT UNION,0,0,0.5,0.5477225575051661,-100.0,-0.9128709291752769,0.0
2019-09-01,NAVY FEDERAL CREDIT UNION,0,0,0.3333333333333333,0.5163977794943222,-100.0,-0.6454972243679028,0.0
2019-10-01,NAVY FEDERAL CREDIT UNION,2,0,0.3333333333333333,0.5163977794943222,500.0000000000001,3.2274861218395148,0.0
2019-11-01,NAVY FEDERAL CREDIT UNION,1,0,0.6666666666666666,0.816496580927726,50.000000000000014,0.4082482904638631,0.0
2019-12-01,NAVY FEDERAL CREDIT UNION,1,0,0.6666666666666666,0.816496580927726,50.000000000000014,0.4082482904638631,0.0
2020-01-01,NAVY FEDERAL CREDIT UNION,0,0,0.8333333333333334,0.752772652709081,-100.0,-1.107018606925119,0.0
2020-02-01,NAVY FEDERAL CREDIT UNION,1,0,0.6666666666666666,0.816496580927726,50.000000000000014,0.4082482904638631,0.0
2020-03-01,NAVY FEDERAL CREDIT UNION,1,0,0.8333333333333334,0.752772652709081,19.999999999999996,0.22140372138502376,0.0
2020-04-01,NAVY FEDERAL CREDIT UNION,0,0,1.0,0.6324555320336759,-100.0,-1.5811388300841895,0.0
2020-05-01,NAVY FEDERAL CREDIT UNION,1,0,0.6666666666666666,0.5163977794943222,50.000000000000014,0.6454972243679029,0.0
2020-06-01,NAVY FEDERAL CREDIT UNION,0,0,0.6666666666666666,0.5163977794943222,-100.0,-1.2909944487358056,0.0
2020-07-01,NAVY FEDERAL CREDIT UNION,1,0,0.5,0.547722557505166,100.0,0.9128709291752771,0.0
2020-08-01,NAVY FEDERAL CREDIT UNION,1,0,0.6666666666666666,0.5163977794943222,50.000000000000014,0.6454972243679029,0.0
2020-09-01,NAVY FEDERAL CREDIT UNION,1,0,0.6666666666666666,0.5163977794943222,50.000000000000014,0.6454972243679029,0.0
2020-10-01,NAVY FEDERAL CREDIT UNION,1,0,0.6666666666666666,0.5163977794943222,50.000000000000014,0.6454972243679029,0.0
2020-11-01,NAVY FEDERAL CREDIT UNION,1,0,0.8333333333333334,0.4082482904638631,19.999999999999996,0.40824829046386285,0.0
2020-12-01,NAVY FEDERAL CREDIT UNION,0,0,0.8333333333333334,0.4082482904638631,-100.0,-2.0412414523193148,0.0
2021-01-01,NAVY FEDERAL CREDIT UNION,0,0,0.8333333333333334,0.408248290463863,-100.0,-2.041241452319315,0.0
2021-02-01,NAVY FEDERAL CREDIT UNION,0,0,0.6666666666666666,0.5163977794943223,-100.0,-1.2909944487358054,0.0
2021-03-01,NAVY FEDERAL CREDIT UNION,0,0,0.5,0.5477225575051662,-100.0,-0.9128709291752768,0.0
2021-04-01,NAVY FEDERAL CREDIT UNION,2,0,0.3333333333333333,0.5163977794943223,500.0000000000001,3.227486121839514,0.0
2021-05-01,NAVY FEDERAL CREDIT UNION,1,0,0.5,0.8366600265340756,100.0,0.5976143046671968,0.0
2021-06-01,NAVY FEDERAL CREDIT UNION,1,0,0.5,0.8366600265340756,100.0,0.5976143046671968,0.0
2021-07-01,NAVY FEDERAL CREDIT UNION,1,0,0.6666666666666666,0.816496580927726,50.000000000000014,0.4082482904638631,0.0
2021-08-01,NAVY FEDERAL CREDIT UNION,2,0,0.8333333333333334,0.752772652709081,139.99999999999997,1.5498260496951666,0.0
2021-09-01,NAVY FEDERAL CREDIT UNION,0,0,1.1666666666666667,0.752772652709081,-100.0,-1.5498260496951668,0.0
2021-10-01,NAVY FEDERAL CREDIT UNION,2,0,1.1666666666666667,0.752772652709081,71.42857142857142,1.107018606925119,0.0
2021-11-01,NAVY FEDERAL CREDIT UNION,0,0,1.1666666666666667,0.752772652709081,-100.0,-1.5498260496951668,0.0
2021-12-01,NAVY FEDERAL CREDIT UNION,1,0,1.0,0.8944271909999159,0.0,0.0,0.0
2022-01-01,NAVY FEDERAL CREDIT UNION,0,0,1.0,0.8944271909999159,-100.0,-1.118033988749895,0.0
2022-02-01,NAVY FEDERAL CREDIT UNION,1,0,0.8333333333333334,0.9831920802501751,19.999999999999996,0.16951587590520253,0.0
2022-03-01,NAVY FEDERAL CREDIT UNION,1,0,0.6666666666666666,0.8164965809277261,50.000000000000014,0.408248290463863,0.0
2022-04-01,NAVY FEDERAL CREDIT UNION,1,0,0.8333333333333334,0.7527726527090811,19.999999999999996,0.22140372138502373,0.0
2022-05-01,NAVY FEDERAL CREDIT UNION,1,0,0.6666666666666666,0.5163977794943224,50.000000000000014,0.6454972243679027,0.0
2022-06-01,NAVY FEDERAL CREDIT UNION,0,0,0.8333333333333334,0.4082482904638631,-100.0,-2.0412414523193148,0.0
2022-07-01,NAVY FEDERAL CREDIT UNION,2,0,0.6666666666666666,0.5163977794943224,200.00000000000006,2.5819888974716108,0.0
2022-08-01,NAVY FEDERAL CREDIT UNION,2,0,1.0,0.6324555320336758,100.0,1.58113883008419,0.0
2022-09-01,NAVY FEDERAL CREDIT UNION,3,0,1.1666666666666667,0.7527726527090809,157.1428571428571,2.4354409352352624,0.0
2022-10-01,NAVY FEDERAL CREDIT UNION,2,0,1.5,1.0488088481701512,33.33333333333333,0.47673129462279634,0.0
2022-11-01,NAVY FEDERAL CREDIT UNION,2,0,1.6666666666666667,1.0327955589886442,19.999999999999996,0.32274861218395146,0.0
2022-12-01,NAVY FEDERAL CREDIT UNION,4,0,1.8333333333333333,0.9831920802501745,118.18181818181822,2.203706386767635,0.0
2023-01-01,NAVY FEDERAL CREDIT UNION,1,0,2.5,0.8366600265340743,-60.0,-1.7928429140015931,0.0
2023-02-01,NAVY FEDERAL CREDIT UNION,1,0,2.3333333333333335,1.0327955589886437,-57.14285714285715,-1.2909944487358067,0.0
2023-03-01,NAVY FEDERAL CREDIT UNION,1,0,2.1666666666666665,1.1690451944500115,-53.84615384615385,-0.9979654098963522,0.0
2023-04-01,NAVY FEDERAL CREDIT UNION,3,0,1.8333333333333333,1.1690451944500118,63.63636363636365,0.9979654098963522,0.0
2023-05-01,NAVY FEDERAL CREDIT UNION,1,0,2.0,1.2649110640673513,-50.0,-0.7905694150420951,0.0
2023-06-01,NAVY FEDERAL CREDIT UNION,0,0,1.8333333333333333,1.3291601358251255,-100.0,-1.3793171220826779,0.0
2023-07-01,NAVY FEDERAL CREDIT UNION,0,0,1.1666666666666667,0.9831920802501752,-100.0,-1.186611131336418,0.0
2023-08-01,NAVY FEDERAL CREDIT UNION,1,0,1.0,1.0954451150103326,0.0,0.0,0.0
2023-09-01,NAVY FEDERAL CREDIT UNION,3,0,1.0,1.0954451150103326,200.0,1.8257418583505531,0.0
2023-10-01,NAVY FEDERAL CREDIT UNION,1,0,1.3333333333333333,1.3662601021279466,-24.999999999999993,-0.24397501823713322,0.0
2023-11-01,NAVY FEDERAL CREDIT UNION,0,0,1.0,1.0954451150103328,-100.0,-0.9128709291752763,0.0
2023-12-01,NAVY FEDERAL CREDIT UNION,4,0,0.8333333333333334,1.1690451944500126,380.0,2.7087632554329537,0.0
2024-01-01,NAVY FEDERAL CREDIT UNION,3,0,1.5,1.6431676725154984,100.0,0.9128709291752768,0.0
2024-02-01,NAVY FEDERAL CREDIT UNION,4,0,2.0,1.5491933384829666,100.0,1.2909944487358058,0.0
2024-03-01,NAVY FEDERAL CREDIT UNION,3,0,2.5,1.6431676725154978,20.0,0.3042903097250924,0.0
2024-04-01,NAVY FEDERAL CREDIT UNION,7,0,2.5,1.6431676725154978,180.0,2.7386127875258315,0.0
2024-05-01,NAVY FEDERAL CREDIT UNION,3,0,3.5,2.2583179581272423,-14.285714285714285,-0.22140372138502387,0.0
2024-06-01,NAVY FEDERAL CREDIT UNION,5,0,4.0,1.5491933384829655,25.0,0.6454972243679034,0.0
2024-07-01,NAVY FEDERAL CREDIT UNION,2,0,4.166666666666667,1.602081978759721,-52.0,-1.3524068651867795,0.0
2024-08-01,NAVY FEDERAL CREDIT UNION,6,0,4.0,1.7888543819998306,50.0,1.1180339887498956,0.0
2024-09-01,NAVY FEDERAL CREDIT UNION,2,0,4.333333333333333,1.9663841605003491,-53.84615384615385,-1.1866111313364187,0.0
2024-10-01,NAVY FEDERAL CREDIT UNION,3,0,4.166666666666667,2.13697605664328,-28.000000000000004,-0.5459427881935393,0.0
2024-11-01,NAVY FEDERAL CREDIT UNION,6,0,3.5,1.6431676725154967,71.42857142857143,1.521451548625463,0.0
2024-12-01,NAVY FEDERAL CREDIT UNION,4,0,4.0,1.8973665961010264,0.0,0.0,0.0
2025-01-01,NAVY FEDERAL CREDIT UNION,68,0,3.8333333333333335,1.8348478592697168,1673.913043478261,34.97111018905158,0.0
2025-02-01,NAVY FEDERAL CREDIT UNION,13,0,14.833333333333334,26.095338025529898,-12.359550561797757,-0.07025520541407533,0.0
2025-03-01,NAVY FEDERAL CREDIT UNION,7,0,16.0,25.775957790157868,-56.25,-0.3491625829491583,0.0
2025-04-01,NAVY FEDERAL CREDIT UNION,4,0,16.833333333333332,25.309418536716066,-76.23762376237624,-0.5070576123555021,0.0
2025-05-01,NAVY FEDERAL CREDIT UNION,7,0,17.0,25.203174403237387,-58.82352941176471,-0.39677541566809477,0.0
2025-06-01,NAVY FEDERAL CREDIT UNION,2,0,17.166666666666668,25.119049875874424,-88.3495145631068,-0.6037914149465297,0.0
2025-07-01,NAVY FEDERAL CREDIT UNION,3,0,16.833333333333332,25.341007609538078,-82.17821782178217,-0.545887264882341,0.0
2025-08-01,NAVY FEDERAL CREDIT UNION,2,0,6.0,4.000000000000006,-66.66666666666666,-0.9999999999999984,0.0
2025-09-01,NAVY FEDERAL CREDIT UNION,7,0,4.166666666666667,2.3166067138525497,67.99999999999999,1.2230532340215228,0.0
2025-10-01,NAVY FEDERAL CREDIT UNION,3,0,4.166666666666667,2.3166067138525497,-28.000000000000004,-0.503610155185333,0.0
2025-11-01,NAVY FEDERAL CREDIT UNION,3,0,4.0,2.3664319132398552,-25.0,-0.42257712736425673,0.0
2025-12-01,NAVY FEDERAL CREDIT UNION,4,0,3.3333333333333335,1.8618986725025362,19.999999999999996,0.3580574370197143,0.0
2026-01-01,NAVY FEDERAL CREDIT UNION,2,0,3.6666666666666665,1.751190071541838,-45.45454545454545,-0.9517337345335948,0.0
2026-02-01,NAVY FEDERAL CREDIT UNION,2,0,3.5,1.8708286933869818,-42.857142857142854,-0.8017837257372684,0.0
2026-03-01,NAVY FEDERAL CREDIT UNION,1,0,3.5,1.8708286933869818,-71.42857142857143,-1.336306209562114,0.0
2026-04-01,NAVY FEDERAL CREDIT UNION,1,0,2.5,1.04880884817017,-60.0,-1.4301938838683632,0.0
2026-05-01,NAVY FEDERAL CREDIT UNION,0,0,2.1666666666666665,1.1690451944500284,-100.0,-1.8533643326646274,0.0
2026-06-01,NAVY FEDERAL CREDIT UNION,0,0,1.6666666666666667,1.3662601021279601,-100.0,-1.2198750911856544,0.0
2015-03-01,"Navient Solutions, LLC.",1,0,,,,,0.0
2015-04-01,"Navient Solutions, LLC.",1,0,,,,,0.0
2015-05-01,"Navient Solutions, LLC.",3,0,,,,,0.0
2015-06-01,"Navient Solutions, LLC.",1,0,1.6666666666666667,1.1547005383792517,-40.0,-0.5773502691896257,0.0
2015-07-01,"Navient Solutions, LLC.",1,0,1.5,1.0,-33.33333333333333,-0.5,0.0
2015-08-01,"Navient Solutions, LLC.",2,0,1.4,0.8944271909999159,42.85714285714287,0.670820393249937,0.0
2015-09-01,"Navient Solutions, LLC.",0,0,1.5,0.8366600265340756,-100.0,-1.7928429140015905,0.0
2015-10-01,"Navient Solutions, LLC.",0,0,1.3333333333333333,1.0327955589886446,-100.0,-1.2909944487358054,0.0
2015-11-01,"Navient Solutions, LLC.",0,0,1.1666666666666667,1.1690451944500122,-100.0,-0.9979654098963519,0.0
2015-12-01,"Navient Solutions, LLC.",4,0,0.6666666666666666,0.816496580927726,500.0000000000001,4.08248290463863,0.0
2016-01-01,"Navient Solutions, LLC.",0,0,1.1666666666666667,1.6020819787597222,-100.0,-0.7282190812544191,0.0
2016-02-01,"Navient Solutions, LLC.",1,0,1.0,1.6733200530681511,0.0,0.0,0.0
2016-03-01,"Navient Solutions, LLC.",1,0,0.8333333333333334,1.6020819787597222,19.999999999999996,0.10403129732205985,0.0
2016-04-01,"Navient Solutions, LLC.",1,0,1.0,1.5491933384829668,0.0,0.0,0.0
2016-05-01,"Navient Solutions, LLC.",4,0,1.1666666666666667,1.4719601443879746,242.85714285714283,1.9248709580458123,0.0
2016-06-01,"Navient Solutions, LLC.",1,0,1.8333333333333333,1.7224014243685084,-45.45454545454545,-0.4838206248226147,0.0
2016-07-01,"Navient Solutions, LLC.",2,0,1.3333333333333333,1.3662601021279464,50.000000000000014,0.48795003647426666,0.0
2016-08-01,"Navient Solutions, LLC.",0,0,1.6666666666666667,1.2110601416389966,-100.0,-1.376204706407951,0.0
2016-09-01,"Navient Solutions, LLC.",1,0,1.5,1.378404875209022,-33.33333333333333,-0.36273812505500586,0.0
2016-10-01,"Navient Solutions, LLC.",3,0,1.5,1.378404875209022,100.0,1.0882143751650175,0.0
2016-11-01,"Navient Solutions, LLC.",0,0,1.8333333333333333,1.4719601443879742,-100.0,-1.2455047375590556,0.0
2016-12-01,"Navient Solutions, LLC.",3,0,1.1666666666666667,1.169045194450012,157.1428571428571,1.568231358408553,0.0
2017-01-01,"Navient Solutions, LLC.",17,0,1.5,1.378404875209022,1033.3333333333335,11.24488187670518,0.0
2017-02-01,"Navient Solutions, LLC.",7,0,4.0,6.511528238439882,75.0,0.4607213376254634,0.0
2017-03-01,"Navient Solutions, LLC.",4,0,5.166666666666667,6.2742861479746574,-22.580645161290327,-0.18594412800940988,0.0
2017-04-01,"Navient Solutions, LLC.",6,0,5.666666666666667,5.988878581726855,5.882352941176465,0.05565872287850232,0.0
2017-05-01,"Navient Solutions, LLC.",4,0,6.166666666666667,5.845225972250061,-35.13513513513514,-0.3706728665329307,0.0
2017-06-01,"Navient Solutions, LLC.",6,0,6.833333333333333,5.192943930629973,-12.195121951219507,-0.16047416349289154,0.0
2017-07-01,"Navient Solutions, LLC.",6,0,7.333333333333333,4.88535225614967,-18.18181818181818,-0.2729247070474675,0.0
2017-08-01,"Navient Solutions, LLC.",5,0,5.5,1.224744871391588,-9.090909090909092,-0.40824829046386335,0.0
2017-09-01,"Navient Solutions, LLC.",0,0,5.166666666666667,0.983192080250174,-100.0,-5.254992153061286,0.0
2017-10-01,"Navient Solutions, LLC.",2,0,4.5,2.3452078799117144,-55.55555555555556,-1.0660035817780524,0.0
2017-11-01,"Navient Solutions, LLC.",2,0,3.8333333333333335,2.4013884872437163,-47.82608695652174,-0.7634472069271934,0.0
2017-12-01,"Navient Solutions, LLC.",3,0,3.5,2.5099800796022262,-14.285714285714285,-0.19920476822239896,0.0
2018-01-01,"Navient Solutions, LLC.",1,0,3.0,2.190890230020664,-66.66666666666666,-0.9128709291752771,0.0
2018-02-01,"Navient Solutions, LLC.",4,0,2.1666666666666665,1.7224014243685077,84.61538461538463,1.0644053746097528,0.0
2018-03-01,"Navient Solutions, LLC.",3,0,2.0,1.4142135623730943,50.0,0.7071067811865479,0.0
2018-04-01,"Navient Solutions, LLC.",3,0,2.5,1.0488088481701503,20.0,0.47673129462279673,0.0
2018-05-01,"Navient Solutions, LLC.",3,0,2.6666666666666665,1.0327955589886433,12.500000000000005,0.32274861218395196,0.0
2018-06-01,"Navient Solutions, LLC.",3,0,2.8333333333333335,0.9831920802501737,5.882352941176465,0.16951587590520267,0.0
2018-07-01,"Navient Solutions, LLC.",4,0,2.8333333333333335,0.9831920802501737,41.17647058823529,1.1866111313364196,0.0
2018-08-01,"Navient Solutions, LLC.",2,0,3.3333333333333335,0.5163977794943194,-40.0,-2.581988897471626,0.0
2018-09-01,"Navient Solutions, LLC.",3,0,3.0,0.6324555320336736,0.0,0.0,0.0
2018-10-01,"Navient Solutions, LLC.",2,0,3.0,0.6324555320336736,-33.33333333333333,-1.5811388300841955,0.0
2018-11-01,"Navient Solutions, LLC.",3,0,2.8333333333333335,0.7527726527090791,5.882352941176465,0.22140372138502418,0.0
2018-12-01,"Navient Solutions, LLC.",1,0,2.8333333333333335,0.7527726527090791,-64.70588235294117,-2.435440935235268,0.0
2019-01-01,"Navient Solutions, LLC.",4,0,2.5,1.0488088481701503,60.0,1.43019388386839,0.0
2019-02-01,"Navient Solutions, LLC.",2,0,2.5,1.0488088481701503,-20.0,-0.47673129462279673,0.0
2019-03-01,"Navient Solutions, LLC.",5,0,2.5,1.0488088481701503,100.0,2.3836564731139838,0.0
2019-04-01,"Navient Solutions, LLC.",1,0,2.8333333333333335,1.4719601443879737,-64.70588235294117,-1.245504737559056,0.0
2019-05-01,"Navient Solutions, LLC.",2,0,2.6666666666666665,1.6329931618554514,-24.999999999999993,-0.4082482904638631,0.0
2019-06-01,"Navient Solutions, LLC.",2,0,2.5,1.6431676725154976,-20.0,-0.3042903097250924,0.0
2019-07-01,"Navient Solutions, LLC.",2,0,2.6666666666666665,1.5055453054181613,-24.999999999999993,-0.44280744277004774,0.0
2019-08-01,"Navient Solutions, LLC.",1,0,2.3333333333333335,1.3662601021279452,-57.14285714285715,-0.9759000729485342,0.0
2019-09-01,"Navient Solutions, LLC.",0,0,2.1666666666666665,1.4719601443879733,-100.0,-1.4719601443879755,0.0
2019-10-01,"Navient Solutions, LLC.",2,0,1.3333333333333333,0.8164965809277226,50.000000000000014,0.8164965809277296,0.0
2019-11-01,"Navient Solutions, LLC.",4,0,1.5,0.8366600265340723,166.66666666666669,2.9880715233359956,0.0
2019-12-01,"Navient Solutions, LLC.",2,0,1.8333333333333333,1.329160135825124,9.090909090909095,0.12539246564388,0.0
2020-01-01,"Navient Solutions, LLC.",1,0,1.8333333333333333,1.329160135825124,-45.45454545454545,-0.6269623282193997,0.0
2020-02-01,"Navient Solutions, LLC.",2,0,1.6666666666666667,1.3662601021279446,19.999999999999996,0.24397501823713358,0.0
2020-03-01,"Navient Solutions, LLC.",2,0,1.8333333333333333,1.3291601358251237,9.090909090909095,0.12539246564388004,0.0
2020-04-01,"Navient Solutions, LLC.",3,0,2.1666666666666665,0.9831920802501727,38.46153846153847,0.8475793795260151,0.0
2020-05-01,"Navient Solutions, LLC.",1,0,2.3333333333333335,1.0327955589886424,-57.14285714285715,-1.2909944487358085,0.0
2020-06-01,"Navient Solutions, LLC.",5,0,1.8333333333333333,0.7527726527090774,172.72727272727275,4.206670706315473,0.0
2020-07-01,"Navient Solutions, LLC.",0,0,2.3333333333333335,1.5055453054181605,-100.0,-1.5498260496951684,0.0
2020-08-01,"Navient Solutions, LLC.",1,0,2.1666666666666665,1.722401424368507,-53.84615384615385,-0.6773488747516611,0.0
2020-09-01,"Navient Solutions, LLC.",1,0,2.0,1.7888543819998304,-50.0,-0.5590169943749479,0.0
2020-10-01,"Navient Solutions, LLC.",1,0,1.8333333333333333,1.8348478592697166,-45.45454545454545,-0.454170262195475,0.0
2020-11-01,"Navient Solutions, LLC.",3,0,1.5,1.7606816861658994,100.0,0.8519427513705979,0.0
2020-12-01,"Navient Solutions, LLC.",4,0,1.8333333333333333,1.8348478592697166,118.18181818181822,1.1808426817082354,0.0
2021-01-01,"Navient Solutions, LLC.",3,0,1.6666666666666667,1.5055453054181602,80.0,0.8856148855400963,0.0
2021-02-01,"Navient Solutions, LLC.",1,0,2.1666666666666665,1.329160135825124,-53.84615384615385,-0.8777472595071596,0.0
2021-03-01,"Navient Solutions, LLC.",2,0,2.1666666666666665,1.329160135825124,-7.692307692307685,-0.12539246564387985,0.0
2021-04-01,"Navient Solutions, LLC.",2,0,2.3333333333333335,1.2110601416389948,-14.28571428571429,-0.2752409412815907,0.0
2021-05-01,"Navient Solutions, LLC.",0,0,2.5,1.0488088481701494,-100.0,-2.3836564731139855,0.0
2021-06-01,"Navient Solutions, LLC.",1,0,2.0,1.4142135623730934,-50.0,-0.7071067811865483,0.0
2021-07-01,"Navient Solutions, LLC.",0,0,1.5,1.048808848170149,-100.0,-1.430193883868392,0.0
2021-08-01,"Navient Solutions, LLC.",0,0,1.0,0.8944271909999126,-100.0,-1.118033988749899,0.0
2021-09-01,"Navient Solutions, LLC.",2,0,0.8333333333333334,0.9831920802501719,139.99999999999997,1.1866111313364218,0.0
2021-10-01,"Navient Solutions, LLC.",0,0,0.8333333333333334,0.9831920802501719,-100.0,-0.8475793795260157,0.0
2021-11-01,"Navient Solutions, LLC.",1,0,0.5,0.8366600265340717,100.0,0.5976143046671996,0.0
2021-12-01,"Navient Solutions, LLC.",0,0,0.6666666666666666,0.8164965809277221,-100.0,-0.8164965809277299,0.0
2022-01-01,"Navient Solutions, LLC.",1,0,0.5,0.8366600265340717,100.0,0.5976143046671996,0.0
2022-02-01,"Navient Solutions, LLC.",2,0,0.6666666666666666,0.8164965809277221,200.00000000000006,1.63299316185546,0.0
2022-03-01,"Navient Solutions, LLC.",0,0,1.0,0.8944271909999126,-100.0,-1.118033988749899,0.0
2022-04-01,"Navient Solutions, LLC.",1,0,0.6666666666666666,0.8164965809277221,50.000000000000014,0.408248290463865,0.0
2022-05-01,"Navient Solutions, LLC.",1,0,0.8333333333333334,0.752772652709077,19.999999999999996,0.22140372138502495,0.0
2022-06-01,"Navient Solutions, LLC.",0,0,0.8333333333333334,0.752772652709077,-100.0,-1.107018606925125,0.0
2022-07-01,"Navient Solutions, LLC.",0,0,0.8333333333333334,0.752772652709077,-100.0,-1.107018606925125,0.0
2022-08-01,"Navient Solutions, LLC.",1,0,0.6666666666666666,0.8164965809277221,50.000000000000014,0.408248290463865,0.0
2022-09-01,"Navient Solutions, LLC.",1,0,0.5,0.5477225575051602,100.0,0.9128709291752868,0.0
2022-10-01,"Navient Solutions, LLC.",2,0,0.6666666666666666,0.5163977794943161,200.00000000000006,2.5819888974716423,0.0
2022-11-01,"Navient Solutions, LLC.",0,0,0.8333333333333334,0.7527726527090769,-100.0,-1.107018606925125,0.0
2022-12-01,"Navient Solutions, LLC.",1,0,0.6666666666666666,0.8164965809277221,50.000000000000014,0.408248290463865,0.0
2023-01-01,"Navient Solutions, LLC.",0,0,0.8333333333333334,0.752772652709077,-100.0,-1.107018606925125,0.0
2023-02-01,"Navient Solutions, LLC.",0,0,0.8333333333333334,0.752772652709077,-100.0,-1.107018606925125,0.0
2023-03-01,"Navient Solutions, LLC.",0,0,0.6666666666666666,0.8164965809277221,-100.0,-0.8164965809277299,0.0
2023-04-01,"Navient Solutions, LLC.",0,0,0.5,0.8366600265340717,-100.0,-0.5976143046671996,0.0
2023-05-01,"Navient Solutions, LLC.",0,0,0.16666666666666666,0.4082482904638545,-100.0,-0.4082482904638715,0.0
2023-06-01,"Navient Solutions, LLC.",3,0,0.16666666666666666,0.4082482904638545,1700.0000000000005,6.940220937885816,0.0
2023-07-01,"Navient Solutions, LLC.",0,0,0.5,1.224744871391589,-100.0,-0.4082482904638631,0.0
2023-08-01,"Navient Solutions, LLC.",2,0,0.5,1.224744871391589,300.0,1.2247448713915892,0.0
2023-09-01,"Navient Solutions, LLC.",0,0,0.8333333333333334,1.3291601358251257,-100.0,-0.626962328219399,0.0
2023-10-01,"Navient Solutions, LLC.",1,0,0.8333333333333334,1.3291601358251257,19.999999999999996,0.12539246564387976,0.0
2023-11-01,"Navient Solutions, LLC.",0,0,1.0,1.2649110640673518,-100.0,-0.7905694150420948,0.0
2023-12-01,"Navient Solutions, LLC.",0,0,1.0,1.2649110640673518,-100.0,-0.7905694150420948,0.0
2024-01-01,"Navient Solutions, LLC.",0,0,0.5,0.8366600265340756,-100.0,-0.5976143046671968,0.0
2024-02-01,"Navient Solutions, LLC.",1,0,0.5,0.8366600265340756,100.0,0.5976143046671968,0.0
2024-03-01,"Navient Solutions, LLC.",0,0,0.3333333333333333,0.5163977794943222,-100.0,-0.6454972243679028,0.0
2024-04-01,"Navient Solutions, LLC.",3,0,0.3333333333333333,0.5163977794943222,800.0,5.163977794943222,0.0
2024-05-01,"Navient Solutions, LLC.",4,0,0.6666666666666666,1.2110601416389966,500.0000000000001,2.752409412815902,0.0
2024-06-01,"Navient Solutions, LLC.",3,0,1.3333333333333333,1.7511900715418265,125.00000000000003,0.9517337345336012,0.0
2024-07-01,"Navient Solutions, LLC.",0,0,1.8333333333333333,1.7224014243685086,-100.0,-1.0644053746097522,0.0
2024-08-01,"Navient Solutions, LLC.",1,0,1.8333333333333333,1.7224014243685086,-45.45454545454545,-0.4838206248226146,0.0
2024-09-01,"Navient Solutions, LLC.",7,0,1.8333333333333333,1.7224014243685086,281.8181818181818,2.999687873900211,0.0
2024-10-01,"Navient Solutions, LLC.",1,0,3.0,2.4494897427831783,-66.66666666666666,-0.8164965809277259,0.0
2024-11-01,"Navient Solutions, LLC.",0,0,2.6666666666666665,2.5819888974716116,-100.0,-1.0327955589886444,0.0
2024-12-01,"Navient Solutions, LLC.",1,0,2.0,2.6832815729997477,-50.0,-0.37267799624996495,0.0
2025-01-01,"Navient Solutions, LLC.",0,0,1.6666666666666667,2.6583202716502514,-100.0,-0.626962328219399,0.0
2025-02-01,"Navient Solutions, LLC.",3,0,1.6666666666666667,2.6583202716502514,80.0,0.5015698625755192,0.0
2025-03-01,"Navient Solutions, LLC.",1,0,2.0,2.6832815729997477,-50.0,-0.37267799624996495,0.0
2025-04-01,"Navient Solutions, LLC.",0,0,1.0,1.0954451150103328,-100.0,-0.9128709291752763,0.0
2025-05-01,"Navient Solutions, LLC.",1,0,0.8333333333333334,1.1690451944500126,19.999999999999996,0.14256648712805017,0.0
2025-06-01,"Navient Solutions, LLC.",0,0,1.0,1.0954451150103328,-100.0,-0.9128709291752763,0.0
2025-07-01,"Navient Solutions, LLC.",0,0,0.8333333333333334,1.1690451944500126,-100.0,-0.712832435640251,0.0
2025-08-01,"Navient Solutions, LLC.",0,0,0.8333333333333334,1.1690451944500126,-100.0,-0.712832435640251,0.0
2025-09-01,"Navient Solutions, LLC.",0,0,0.3333333333333333,0.5163977794943236,-100.0,-0.645497224367901,0.0
2025-10-01,"Navient Solutions, LLC.",1,0,0.16666666666666666,0.4082482904638648,500.0000000000001,2.0412414523193063,0.0
2025-11-01,"Navient Solutions, LLC.",0,0,0.3333333333333333,0.5163977794943236,-100.0,-0.645497224367901,0.0
2025-12-01,"Navient Solutions, LLC.",0,0,0.16666666666666666,0.4082482904638648,-100.0,-0.40824829046386124,0.0
2026-01-01,"Navient Solutions, LLC.",0,0,0.16666666666666666,0.4082482904638648,-100.0,-0.40824829046386124,0.0
2026-02-01,"Navient Solutions, LLC.",0,0,0.16666666666666666,0.4082482904638648,-100.0,-0.40824829046386124,0.0
2026-03-01,"Navient Solutions, LLC.",0,0,0.16666666666666666,0.4082482904638648,-100.0,-0.40824829046386124,0.0
2026-04-01,"Navient Solutions, LLC.",0,0,0.16666666666666666,0.4082482904638648,-100.0,-0.40824829046386124,0.0
2026-05-01,"Navient Solutions, LLC.",0,0,0.0,0.0,,,0.0
2026-06-01,"Navient Solutions, LLC.",0,0,0.0,0.0,,,0.0
2015-03-01,"Paypal Holdings, Inc",1,0,,,,,0.0
2015-04-01,"Paypal Holdings, Inc",0,0,,,,,0.0
2015-05-01,"Paypal Holdings, Inc",2,0,,,,,0.0
2015-06-01,"Paypal Holdings, Inc",0,0,1.0,1.0,-100.0,-1.0,0.0
2015-07-01,"Paypal Holdings, Inc",1,0,0.75,0.9574271077563381,33.33333333333333,0.26111648393354675,0.0
2015-08-01,"Paypal Holdings, Inc",0,0,0.8,0.8366600265340756,-100.0,-0.9561828874675149,0.0
2015-09-01,"Paypal Holdings, Inc",1,0,0.6666666666666666,0.816496580927726,50.000000000000014,0.4082482904638631,0.0
2015-10-01,"Paypal Holdings, Inc",0,0,0.6666666666666666,0.816496580927726,-100.0,-0.816496580927726,0.0
2015-11-01,"Paypal Holdings, Inc",0,0,0.6666666666666666,0.816496580927726,-100.0,-0.816496580927726,0.0
2015-12-01,"Paypal Holdings, Inc",0,0,0.3333333333333333,0.5163977794943223,-100.0,-0.6454972243679027,0.0
2016-01-01,"Paypal Holdings, Inc",4,0,0.3333333333333333,0.5163977794943223,1100.0,7.10046946804693,0.0
2016-02-01,"Paypal Holdings, Inc",0,0,0.8333333333333334,1.602081978759722,-100.0,-0.5201564866102995,0.0
2016-03-01,"Paypal Holdings, Inc",1,0,0.8333333333333334,1.602081978759722,19.999999999999996,0.10403129732205986,0.0
2016-04-01,"Paypal Holdings, Inc",0,0,0.8333333333333334,1.602081978759722,-100.0,-0.5201564866102995,0.0
2016-05-01,"Paypal Holdings, Inc",0,0,0.8333333333333334,1.602081978759722,-100.0,-0.5201564866102995,0.0
2016-06-01,"Paypal Holdings, Inc",0,0,0.8333333333333334,1.602081978759722,-100.0,-0.5201564866102995,0.0
2016-07-01,"Paypal Holdings, Inc",0,0,0.8333333333333334,1.602081978759722,-100.0,-0.5201564866102995,0.0
2016-08-01,"Paypal Holdings, Inc",0,0,0.16666666666666666,0.4082482904638632,-100.0,-0.40824829046386285,0.0
2016-09-01,"Paypal Holdings, Inc",1,0,0.16666666666666666,0.4082482904638632,500.0000000000001,2.0412414523193143,0.0
2016-10-01,"Paypal Holdings, Inc",0,0,0.16666666666666666,0.408248290463863,-100.0,-0.408248290463863,0.0
2016-11-01,"Paypal Holdings, Inc",1,0,0.16666666666666666,0.408248290463863,500.0000000000001,2.041241452319315,0.0
2016-12-01,"Paypal Holdings, Inc",0,0,0.3333333333333333,0.5163977794943223,-100.0,-0.6454972243679027,0.0
2017-01-01,"Paypal Holdings, Inc",1,0,0.3333333333333333,0.5163977794943223,200.00000000000006,1.2909944487358056,0.0
2017-02-01,"Paypal Holdings, Inc",0,0,0.5,0.5477225575051662,-100.0,-0.9128709291752768,0.0
2017-03-01,"Paypal Holdings, Inc",0,0,0.5,0.5477225575051662,-100.0,-0.9128709291752768,0.0
2017-04-01,"Paypal Holdings, Inc",1,0,0.3333333333333333,0.5163977794943223,200.00000000000006,1.2909944487358056,0.0
2017-05-01,"Paypal Holdings, Inc",1,0,0.5,0.5477225575051662,100.0,0.9128709291752768,0.0
2017-06-01,"Paypal Holdings, Inc",1,0,0.5,0.5477225575051662,100.0,0.9128709291752768,0.0
2017-07-01,"Paypal Holdings, Inc",1,0,0.6666666666666666,0.5163977794943223,50.000000000000014,0.6454972243679028,0.0
2017-08-01,"Paypal Holdings, Inc",1,0,0.6666666666666666,0.5163977794943223,50.000000000000014,0.6454972243679028,0.0
2017-09-01,"Paypal Holdings, Inc",0,0,0.8333333333333334,0.4082482904638631,-100.0,-2.0412414523193148,0.0
2017-10-01,"Paypal Holdings, Inc",1,0,0.8333333333333334,0.408248290463863,19.999999999999996,0.4082482904638629,0.0
2017-11-01,"Paypal Holdings, Inc",0,0,0.8333333333333334,0.408248290463863,-100.0,-2.041241452319315,0.0
2017-12-01,"Paypal Holdings, Inc",0,0,0.6666666666666666,0.5163977794943223,-100.0,-1.2909944487358054,0.0
2018-01-01,"Paypal Holdings, Inc",0,0,0.5,0.5477225575051662,-100.0,-0.9128709291752768,0.0
2018-02-01,"Paypal Holdings, Inc",1,0,0.3333333333333333,0.5163977794943223,200.00000000000006,1.2909944487358056,0.0
2018-03-01,"Paypal Holdings, Inc",1,0,0.3333333333333333,0.5163977794943223,200.00000000000006,1.2909944487358056,0.0
2018-04-01,"Paypal Holdings, Inc",2,0,0.5,0.5477225575051662,300.0,2.73861278752583,0.0
2018-05-01,"Paypal Holdings, Inc",1,0,0.6666666666666666,0.816496580927726,50.000000000000014,0.4082482904638631,0.0
2018-06-01,"Paypal Holdings, Inc",1,0,0.8333333333333334,0.752772652709081,19.999999999999996,0.22140372138502376,0.0
2018-07-01,"Paypal Holdings, Inc",0,0,1.0,0.6324555320336758,-100.0,-1.58113883008419,0.0
2018-08-01,"Paypal Holdings, Inc",0,0,1.0,0.6324555320336758,-100.0,-1.58113883008419,0.0
2018-09-01,"Paypal Holdings, Inc",2,0,0.8333333333333334,0.752772652709081,139.99999999999997,1.5498260496951666,0.0
2018-10-01,"Paypal Holdings, Inc",0,0,1.0,0.8944271909999159,-100.0,-1.118033988749895,0.0
2018-11-01,"Paypal Holdings, Inc",1,0,0.6666666666666666,0.816496580927726,50.000000000000014,0.4082482904638631,0.0
2018-12-01,"Paypal Holdings, Inc",3,0,0.6666666666666666,0.816496580927726,350.00000000000006,2.8577380332470415,0.0
2019-01-01,"Paypal Holdings, Inc",0,0,1.0,1.2649110640673518,-100.0,-0.7905694150420948,0.0
2019-02-01,"Paypal Holdings, Inc",0,0,1.0,1.2649110640673518,-100.0,-0.7905694150420948,0.0
2019-03-01,"Paypal Holdings, Inc",1,0,1.0,1.2649110640673518,0.0,0.0,0.0
2019-04-01,"Paypal Holdings, Inc",0,0,0.8333333333333334,1.1690451944500122,-100.0,-0.7128324356402512,0.0
2019-05-01,"Paypal Holdings, Inc",1,0,0.8333333333333334,1.1690451944500122,19.999999999999996,0.14256648712805023,0.0
2019-06-01,"Paypal Holdings, Inc",0,0,0.8333333333333334,1.1690451944500122,-100.0,-0.7128324356402512,0.0
2019-07-01,"Paypal Holdings, Inc",2,0,0.3333333333333333,0.5163977794943223,500.0000000000001,3.227486121839514,0.0
2019-08-01,"Paypal Holdings, Inc",1,0,0.6666666666666666,0.816496580927726,50.000000000000014,0.4082482904638631,0.0
2019-09-01,"Paypal Holdings, Inc",1,0,0.8333333333333334,0.752772652709081,19.999999999999996,0.22140372138502376,0.0
2019-10-01,"Paypal Holdings, Inc",0,0,0.8333333333333334,0.752772652709081,-100.0,-1.107018606925119,0.0
2019-11-01,"Paypal Holdings, Inc",0,0,0.8333333333333334,0.752772652709081,-100.0,-1.107018606925119,0.0
2019-12-01,"Paypal Holdings, Inc",0,0,0.6666666666666666,0.816496580927726,-100.0,-0.816496580927726,0.0
2020-01-01,"Paypal Holdings, Inc",1,0,0.6666666666666666,0.816496580927726,50.000000000000014,0.4082482904638631,0.0
2020-02-01,"Paypal Holdings, Inc",0,0,0.5,0.5477225575051661,-100.0,-0.9128709291752769,0.0
2020-03-01,"Paypal Holdings, Inc",4,0,0.3333333333333333,0.5163977794943222,1100.0,7.100469468046931,0.0
2020-04-01,"Paypal Holdings, Inc",1,0,0.8333333333333334,1.602081978759722,19.999999999999996,0.10403129732205986,0.0
2020-05-01,"Paypal Holdings, Inc",2,0,1.0,1.5491933384829666,100.0,0.6454972243679029,0.0
2020-06-01,"Paypal Holdings, Inc",6,0,1.3333333333333333,1.505545305418162,350.00000000000006,3.0996520993903336,0.0
2020-07-01,"Paypal Holdings, Inc",1,0,2.3333333333333335,2.250925735484551,-57.14285714285715,-0.5923488777590924,0.0
2020-08-01,"Paypal Holdings, Inc",0,0,2.3333333333333335,2.250925735484551,-100.0,-1.0366105360784117,0.0
2020-09-01,"Paypal Holdings, Inc",1,0,2.3333333333333335,2.250925735484551,-57.14285714285715,-0.5923488777590924,0.0
2020-10-01,"Paypal Holdings, Inc",1,0,1.8333333333333333,2.136976056643281,-45.45454545454545,-0.3899591344239563,0.0
2020-11-01,"Paypal Holdings, Inc",2,0,1.8333333333333333,2.136976056643281,9.090909090909095,0.0779918268847913,0.0
2020-12-01,"Paypal Holdings, Inc",1,0,1.8333333333333333,2.136976056643281,-45.45454545454545,-0.3899591344239563,0.0
2021-01-01,"Paypal Holdings, Inc",0,0,1.0,0.6324555320336753,-100.0,-1.581138830084191,0.0
2021-02-01,"Paypal Holdings, Inc",2,0,0.8333333333333334,0.7527726527090804,139.99999999999997,1.5498260496951677,0.0
2021-03-01,"Paypal Holdings, Inc",2,0,1.1666666666666667,0.7527726527090807,71.42857142857142,1.1070186069251196,0.0
2021-04-01,"Paypal Holdings, Inc",6,0,1.3333333333333333,0.8164965809277257,350.00000000000006,5.715476066494085,0.0
2021-05-01,"Paypal Holdings, Inc",3,0,2.1666666666666665,2.041241452319315,38.46153846153847,0.4082482904638631,0.0
2021-06-01,"Paypal Holdings, Inc",1,0,2.3333333333333335,2.0655911179772892,-57.14285714285715,-0.6454972243679028,0.0
2021-07-01,"Paypal Holdings, Inc",0,0,2.3333333333333335,2.0655911179772892,-100.0,-1.12962014264383,0.0
2021-08-01,"Paypal Holdings, Inc",3,0,2.3333333333333335,2.0655911179772892,28.571428571428566,0.3227486121839513,0.0
2021-09-01,"Paypal Holdings, Inc",2,0,2.5,2.0736441353327724,-20.0,-0.24112141108520602,0.0
2021-10-01,"Paypal Holdings, Inc",3,0,2.5,2.0736441353327724,20.0,0.24112141108520602,0.0
2021-11-01,"Paypal Holdings, Inc",1,0,2.0,1.2649110640673515,-50.0,-0.790569415042095,0.0
2021-12-01,"Paypal Holdings, Inc",3,0,1.6666666666666667,1.2110601416389963,80.0,1.1009637651263608,0.0
2022-01-01,"Paypal Holdings, Inc",2,0,2.0,1.2649110640673515,0.0,0.0,0.0
2022-02-01,"Paypal Holdings, Inc",1,0,2.3333333333333335,0.816496580927726,-57.14285714285715,-1.6329931618554523,0.0
2022-03-01,"Paypal Holdings, Inc",2,0,2.0,0.8944271909999157,0.0,0.0,0.0
2022-04-01,"Paypal Holdings, Inc",4,0,2.0,0.8944271909999157,100.0,2.2360679774997902,0.0
2022-05-01,"Paypal Holdings, Inc",3,0,2.1666666666666665,1.1690451944500122,38.46153846153847,0.7128324356402513,0.0
2022-06-01,"Paypal Holdings, Inc",4,0,2.5,1.0488088481701516,60.0,1.4301938838683883,0.0
2022-07-01,"Paypal Holdings, Inc",2,0,2.6666666666666665,1.2110601416389968,-24.999999999999993,-0.5504818825631801,0.0
2022-08-01,"Paypal Holdings, Inc",3,0,2.6666666666666665,1.2110601416389968,12.500000000000005,0.27524094128159027,0.0
2022-09-01,"Paypal Holdings, Inc",1,0,3.0,0.894427190999916,-66.66666666666666,-2.2360679774997894,0.0
2022-10-01,"Paypal Holdings, Inc",3,0,2.8333333333333335,1.1690451944500122,5.882352941176465,0.14256648712805012,0.0
2022-11-01,"Paypal Holdings, Inc",3,0,2.6666666666666665,1.0327955589886446,12.500000000000005,0.3227486121839515,0.0
2022-12-01,"Paypal Holdings, Inc",2,0,2.6666666666666665,1.0327955589886446,-24.999999999999993,-0.6454972243679026,0.0
2023-01-01,"Paypal Holdings, Inc",3,0,2.3333333333333335,0.8164965809277264,28.571428571428566,0.8164965809277255,0.0
2023-02-01,"Paypal Holdings, Inc",1,0,2.5,0.8366600265340758,-60.0,-1.79284291400159,0.0
2023-03-01,"Paypal Holdings, Inc",1,0,2.1666666666666665,0.9831920802501753,-53.84615384615385,-1.1866111313364176,0.0
2023-04-01,"Paypal Holdings, Inc",1,0,2.1666666666666665,0.9831920802501753,-53.84615384615385,-1.1866111313364176,0.0
2023-05-01,"Paypal Holdings, Inc",0,0,1.8333333333333333,0.9831920802501755,-100.0,-1.8646746349572276,0.0
2023-06-01,"Paypal Holdings, Inc",2,0,1.3333333333333333,1.032795558988645,50.000000000000014,0.6454972243679026,0.0
2023-07-01,"Paypal Holdings, Inc",6,0,1.3333333333333333,1.0327955589886453,350.00000000000006,4.518480570575316,0.0
2023-08-01,"Paypal Holdings, Inc",2,0,1.8333333333333333,2.1369760566432814,9.090909090909095,0.07799182688479128,0.0
2023-09-01,"Paypal Holdings, Inc",4,0,2.0,2.0976176963403033,100.0,0.9534625892455922,0.0
2023-10-01,"Paypal Holdings, Inc",2,0,2.5,2.16794833886788,-20.0,-0.23063280200722128,0.0
2023-11-01,"Paypal Holdings, Inc",3,0,2.6666666666666665,2.065591117977289,12.500000000000005,0.16137430609197578,0.0
2023-12-01,"Paypal Holdings, Inc",4,0,3.1666666666666665,1.6020819787597214,26.315789473684216,0.5201564866102997,0.0
2024-01-01,"Paypal Holdings, Inc",1,0,3.5,1.5165750888103091,-71.42857142857143,-1.6484511834894686,0.0
2024-02-01,"Paypal Holdings, Inc",2,0,2.6666666666666665,1.211060141638996,-24.999999999999993,-0.5504818825631805,0.0
2024-03-01,"Paypal Holdings, Inc",1,0,2.6666666666666665,1.211060141638996,-62.5,-1.3762047064079515,0.0
2024-04-01,"Paypal Holdings, Inc",3,0,2.1666666666666665,1.1690451944500118,38.46153846153847,0.7128324356402517,0.0
2024-05-01,"Paypal Holdings, Inc",4,0,2.3333333333333335,1.2110601416389961,71.42857142857142,1.3762047064079512,0.0
2024-06-01,"Paypal Holdings, Inc",2,0,2.5,1.3784048752090217,-20.0,-0.36273812505500597,0.0
2024-07-01,"Paypal Holdings, Inc",1,0,2.1666666666666665,1.1690451944500118,-53.84615384615385,-0.997965409896352,0.0
2024-08-01,"Paypal Holdings, Inc",4,0,2.1666666666666665,1.1690451944500118,84.61538461538463,1.5682313584085534,0.0
2024-09-01,"Paypal Holdings, Inc",2,0,2.5,1.3784048752090217,-20.0,-0.36273812505500597,0.0
2024-10-01,"Paypal Holdings, Inc",3,0,2.6666666666666665,1.211060141638996,12.500000000000005,0.27524094128159043,0.0
2024-11-01,"Paypal Holdings, Inc",3,0,2.6666666666666665,1.211060141638996,12.500000000000005,0.27524094128159043,0.0
2024-12-01,"Paypal Holdings, Inc",4,0,2.5,1.048808848170151,60.0,1.4301938838683892,0.0
2025-01-01,"Paypal Holdings, Inc",2,0,2.8333333333333335,1.1690451944500113,-29.411764705882355,-0.7128324356402519,0.0
2025-02-01,"Paypal Holdings, Inc",5,0,3.0,0.8944271909999147,66.66666666666666,2.2360679774997925,0.0
2025-03-01,"Paypal Holdings, Inc",2,0,3.1666666666666665,1.169045194450011,-36.84210526315789,-0.9979654098963525,0.0
2025-04-01,"Paypal Holdings, Inc",4,0,3.1666666666666665,1.169045194450011,26.315789473684216,0.712832435640252,0.0
2025-05-01,"Paypal Holdings, Inc",4,0,3.3333333333333335,1.2110601416389954,19.999999999999996,0.5504818825631808,0.0
2025-06-01,"Paypal Holdings, Inc",9,0,3.5,1.2247448713915878,157.14285714285714,4.490731195102498,0.0
2025-07-01,"Paypal Holdings, Inc",6,0,4.333333333333333,2.5819888974716103,38.46153846153847,0.6454972243679031,0.0
2025-08-01,"Paypal Holdings, Inc",1,0,5.0,2.3664319132398455,-80.0,-1.6903085094570338,0.0
2025-09-01,"Paypal Holdings, Inc",8,0,4.333333333333333,2.8751811537130427,84.61538461538463,1.275281963340463,0.0
2025-10-01,"Paypal Holdings, Inc",3,0,5.333333333333333,2.943920288775948,-43.74999999999999,-0.7925939239012172,0.0
2025-11-01,"Paypal Holdings, Inc",2,0,5.166666666666667,3.0605010483034736,-61.29032258064516,-1.0346889665082926,0.0
2025-12-01,"Paypal Holdings, Inc",6,0,4.833333333333333,3.311595788538611,24.137931034482765,0.35229742431261835,0.0
2026-01-01,"Paypal Holdings, Inc",6,0,4.333333333333333,2.7325202042558923,38.46153846153847,0.6099375455928335,0.0
2026-02-01,"Paypal Holdings, Inc",1,0,4.333333333333333,2.7325202042558923,-76.92307692307692,-1.2198750911856666,0.0
2026-03-01,"Paypal Holdings, Inc",2,0,4.333333333333333,2.7325202042558923,-53.84615384615385,-0.8539125638299666,0.0
2026-04-01,"Paypal Holdings, Inc",2,0,3.3333333333333335,2.160246899469286,-40.0,-0.6172133998483679,0.0
2026-05-01,"Paypal Holdings, Inc",0,0,3.1666666666666665,2.2286019533929036,-100.0,-1.4209207085390998,0.0
2026-06-01,"Paypal Holdings, Inc",0,0,2.8333333333333335,2.5625508125043424,-100.0,-1.1056691322988281,0.0
2015-03-01,"Portfolio Recovery Associates, LLC",0,0,,,,,0.0
2015-04-01,"Portfolio Recovery Associates, LLC",1,0,,,,,0.0
2015-05-01,"Portfolio Recovery Associates, LLC",0,0,,,,,0.0
2015-06-01,"Portfolio Recovery Associates, LLC",0,0,0.3333333333333333,0.5773502691896258,-100.0,-0.5773502691896256,0.0
2015-07-01,"Portfolio Recovery Associates, LLC",2,0,0.25,0.5,700.0,3.5,0.0
2015-08-01,"Portfolio Recovery Associates, LLC",2,0,0.6,0.8944271909999159,233.33333333333334,1.5652475842498528,0.0
2015-09-01,"Portfolio Recovery Associates, LLC",3,0,0.8333333333333334,0.983192080250175,259.99999999999994,2.203706386767634,0.0
2015-10-01,"Portfolio Recovery Associates, LLC",2,0,1.3333333333333333,1.2110601416389968,50.000000000000014,0.5504818825631803,0.0
2015-11-01,"Portfolio Recovery Associates, LLC",1,0,1.5,1.2247448713915892,-33.33333333333333,-0.40824829046386296,0.0
2015-12-01,"Portfolio Recovery Associates, LLC",1,0,1.6666666666666667,1.0327955589886446,-40.0,-0.6454972243679028,0.0
2016-01-01,"Portfolio Recovery Associates, LLC",2,0,1.8333333333333333,0.7527726527090811,9.090909090909095,0.22140372138502387,0.0
2016-02-01,"Portfolio Recovery Associates, LLC",0,0,1.8333333333333333,0.7527726527090811,-100.0,-2.4354409352352615,0.0
2016-03-01,"Portfolio Recovery Associates, LLC",1,0,1.5,1.0488088481701516,-33.33333333333333,-0.4767312946227961,0.0
2016-04-01,"Portfolio Recovery Associates, LLC",1,0,1.1666666666666667,0.7527726527090809,-14.28571428571429,-0.22140372138502395,0.0
2016-05-01,"Portfolio Recovery Associates, LLC",1,0,1.0,0.6324555320336757,0.0,0.0,0.0
2016-06-01,"Portfolio Recovery Associates, LLC",1,0,1.0,0.6324555320336757,0.0,0.0,0.0
2016-07-01,"Portfolio Recovery Associates, LLC",0,0,1.0,0.6324555320336757,-100.0,-1.5811388300841902,0.0
2016-08-01,"Portfolio Recovery Associates, LLC",0,0,0.6666666666666666,0.5163977794943219,-100.0,-1.2909944487358065,0.0
2016-09-01,"Portfolio Recovery Associates, LLC",1,0,0.6666666666666666,0.5163977794943219,50.000000000000014,0.6454972243679034,0.0
2016-10-01,"Portfolio Recovery Associates, LLC",1,0,0.6666666666666666,0.5163977794943219,50.000000000000014,0.6454972243679034,0.0
2016-11-01,"Portfolio Recovery Associates, LLC",0,0,0.6666666666666666,0.5163977794943219,-100.0,-1.2909944487358065,0.0
2016-12-01,"Portfolio Recovery Associates, LLC",1,0,0.5,0.5477225575051656,100.0,0.9128709291752777,0.0
2017-01-01,"Portfolio Recovery Associates, LLC",1,0,0.5,0.5477225575051656,100.0,0.9128709291752777,0.0
2017-02-01,"Portfolio Recovery Associates, LLC",3,0,0.6666666666666666,0.5163977794943219,350.00000000000006,4.518480570575323,0.0
2017-03-01,"Portfolio Recovery Associates, LLC",1,0,1.1666666666666667,0.9831920802501749,-14.28571428571429,-0.1695158759052027,0.0
2017-04-01,"Portfolio Recovery Associates, LLC",0,0,1.1666666666666667,0.9831920802501749,-100.0,-1.1866111313364185,0.0
2017-05-01,"Portfolio Recovery Associates, LLC",0,0,1.0,1.0954451150103321,-100.0,-0.9128709291752769,0.0
2017-06-01,"Portfolio Recovery Associates, LLC",1,0,1.0,1.0954451150103321,0.0,0.0,0.0
2017-07-01,"Portfolio Recovery Associates, LLC",1,0,1.0,1.0954451150103321,0.0,0.0,0.0
2017-08-01,"Portfolio Recovery Associates, LLC",0,0,1.0,1.0954451150103321,-100.0,-0.9128709291752769,0.0
2017-09-01,"Portfolio Recovery Associates, LLC",0,0,0.5,0.5477225575051656,-100.0,-0.9128709291752777,0.0
2017-10-01,"Portfolio Recovery Associates, LLC",0,0,0.3333333333333333,0.5163977794943216,-100.0,-0.6454972243679036,0.0
2017-11-01,"Portfolio Recovery Associates, LLC",1,0,0.3333333333333333,0.5163977794943216,200.00000000000006,1.2909944487358074,0.0
2017-12-01,"Portfolio Recovery Associates, LLC",2,0,0.5,0.5477225575051656,300.0,2.738612787525833,0.0
2018-01-01,"Portfolio Recovery Associates, LLC",1,0,0.6666666666666666,0.8164965809277257,50.000000000000014,0.40824829046386324,0.0
2018-02-01,"Portfolio Recovery Associates, LLC",3,0,0.6666666666666666,0.8164965809277257,350.00000000000006,2.8577380332470423,0.0
2018-03-01,"Portfolio Recovery Associates, LLC",4,0,1.1666666666666667,1.169045194450012,242.85714285714283,2.4236302811768544,0.0
2018-04-01,"Portfolio Recovery Associates, LLC",4,0,1.8333333333333333,1.4719601443879746,118.18181818181822,1.4719601443879746,0.0
2018-05-01,"Portfolio Recovery Associates, LLC",2,0,2.5,1.3784048752090223,-20.0,-0.3627381250550058,0.0
2018-06-01,"Portfolio Recovery Associates, LLC",3,0,2.6666666666666665,1.211060141638997,12.500000000000005,0.2752409412815902,0.0
2018-07-01,"Portfolio Recovery Associates, LLC",1,0,2.8333333333333335,1.1690451944500124,-64.70588235294117,-1.5682313584085525,0.0
2018-08-01,"Portfolio Recovery Associates, LLC",0,0,2.8333333333333335,1.1690451944500124,-100.0,-2.423630281176854,0.0
2018-09-01,"Portfolio Recovery Associates, LLC",0,0,2.3333333333333335,1.632993161855452,-100.0,-1.4288690166235207,0.0
2018-10-01,"Portfolio Recovery Associates, LLC",2,0,1.6666666666666667,1.632993161855452,19.999999999999996,0.20412414523193145,0.0
2018-11-01,"Portfolio Recovery Associates, LLC",0,0,1.3333333333333333,1.2110601416389963,-100.0,-1.1009637651263608,0.0
2018-12-01,"Portfolio Recovery Associates, LLC",2,0,1.0,1.2649110640673513,100.0,0.7905694150420951,0.0
2019-01-01,"Portfolio Recovery Associates, LLC",1,0,0.8333333333333334,0.9831920802501746,19.999999999999996,0.16951587590520265,0.0
2019-02-01,"Portfolio Recovery Associates, LLC",1,0,0.8333333333333334,0.9831920802501746,19.999999999999996,0.16951587590520265,0.0
2019-03-01,"Portfolio Recovery Associates, LLC",1,0,1.0,0.8944271909999154,0.0,0.0,0.0
2019-04-01,"Portfolio Recovery Associates, LLC",0,0,1.1666666666666667,0.7527726527090804,-100.0,-1.549826049695168,0.0
2019-05-01,"Portfolio Recovery Associates, LLC",1,0,0.8333333333333334,0.7527726527090804,19.999999999999996,0.22140372138502393,0.0
2019-06-01,"Portfolio Recovery Associates, LLC",1,0,1.0,0.6324555320336752,0.0,0.0,0.0
2019-07-01,"Portfolio Recovery Associates, LLC",0,0,0.8333333333333334,0.40824829046386185,-100.0,-2.041241452319321,0.0
2019-08-01,"Portfolio Recovery Associates, LLC",1,0,0.6666666666666666,0.5163977794943212,50.000000000000014,0.6454972243679042,0.0
2019-09-01,"Portfolio Recovery Associates, LLC",2,0,0.6666666666666666,0.5163977794943212,200.00000000000006,2.581988897471617,0.0
2019-10-01,"Portfolio Recovery Associates, LLC",2,0,0.8333333333333334,0.7527726527090804,139.99999999999997,1.5498260496951677,0.0
2019-11-01,"Portfolio Recovery Associates, LLC",0,0,1.1666666666666667,0.7527726527090806,-100.0,-1.5498260496951677,0.0
2019-12-01,"Portfolio Recovery Associates, LLC",0,0,1.0,0.8944271909999154,-100.0,-1.1180339887498953,0.0
2020-01-01,"Portfolio Recovery Associates, LLC",1,0,0.8333333333333334,0.9831920802501745,19.999999999999996,0.16951587590520267,0.0
2020-02-01,"Portfolio Recovery Associates, LLC",0,0,1.0,0.8944271909999154,-100.0,-1.1180339887498953,0.0
2020-03-01,"Portfolio Recovery Associates, LLC",1,0,0.8333333333333334,0.9831920802501745,19.999999999999996,0.16951587590520267,0.0
2020-04-01,"Portfolio Recovery Associates, LLC",2,0,0.6666666666666666,0.8164965809277253,200.00000000000006,1.6329931618554538,0.0
2020-05-01,"Portfolio Recovery Associates, LLC",0,0,0.6666666666666666,0.8164965809277253,-100.0,-0.8164965809277268,0.0
2020-06-01,"Portfolio Recovery Associates, LLC",0,0,0.6666666666666666,0.8164965809277253,-100.0,-0.8164965809277268,0.0
2020-07-01,"Portfolio Recovery Associates, LLC",0,0,0.6666666666666666,0.8164965809277253,-100.0,-0.8164965809277268,0.0
2020-08-01,"Portfolio Recovery Associates, LLC",1,0,0.5,0.8366600265340747,100.0,0.5976143046671974,0.0
2020-09-01,"Portfolio Recovery Associates, LLC",3,0,0.6666666666666666,0.8164965809277253,350.00000000000006,2.857738033247044,0.0
2020-10-01,"Portfolio Recovery Associates, LLC",2,0,1.0,1.2649110640673513,100.0,0.7905694150420951,0.0
2020-11-01,"Portfolio Recovery Associates, LLC",3,0,1.0,1.2649110640673513,200.0,1.5811388300841902,0.0
2020-12-01,"Portfolio Recovery Associates, LLC",0,0,1.5,1.3784048752090219,-100.0,-1.0882143751650177,0.0
2021-01-01,"Portfolio Recovery Associates, LLC",2,0,1.5,1.3784048752090219,33.33333333333333,0.3627381250550059,0.0
2021-02-01,"Portfolio Recovery Associates, LLC",4,0,1.8333333333333333,1.169045194450012,118.18181818181822,1.8533643326646538,0.0
2021-03-01,"Portfolio Recovery Associates, LLC",4,0,2.3333333333333335,1.3662601021279464,71.42857142857142,1.2198750911856664,0.0
2021-04-01,"Portfolio Recovery Associates, LLC",1,0,2.5,1.51657508881031,-60.0,-0.9890707100936805,0.0
2021-05-01,"Portfolio Recovery Associates, LLC",0,0,2.3333333333333335,1.632993161855452,-100.0,-1.4288690166235207,0.0
2021-06-01,"Portfolio Recovery Associates, LLC",3,0,1.8333333333333333,1.834847859269718,63.63636363636365,0.6358383670736647,0.0
2021-07-01,"Portfolio Recovery Associates, LLC",1,0,2.3333333333333335,1.6329931618554518,-57.14285714285715,-0.8164965809277263,0.0
2021-08-01,"Portfolio Recovery Associates, LLC",0,0,2.1666666666666665,1.7224014243685084,-100.0,-1.2579336245387982,0.0
2021-09-01,"Portfolio Recovery Associates, LLC",1,0,1.5,1.6431676725154984,-33.33333333333333,-0.30429030972509225,0.0
2021-10-01,"Portfolio Recovery Associates, LLC",2,0,1.0,1.0954451150103324,100.0,0.9128709291752768,0.0
2021-11-01,"Portfolio Recovery Associates, LLC",2,0,1.1666666666666667,1.1690451944500122,71.42857142857142,0.7128324356402512,0.0
2021-12-01,"Portfolio Recovery Associates, LLC",0,0,1.5,1.0488088481701516,-100.0,-1.4301938838683883,0.0
2022-01-01,"Portfolio Recovery Associates, LLC",0,0,1.0,0.8944271909999161,-100.0,-1.1180339887498947,0.0
2022-02-01,"Portfolio Recovery Associates, LLC",1,0,0.8333333333333334,0.9831920802501752,19.999999999999996,0.16951587590520253,0.0
2022-03-01,"Portfolio Recovery Associates, LLC",2,0,1.0,0.8944271909999161,100.0,1.1180339887498947,0.0
2022-04-01,"Portfolio Recovery Associates, LLC",4,0,1.1666666666666667,0.9831920802501752,242.85714285714283,2.8817698903884432,0.0
2022-05-01,"Portfolio Recovery Associates, LLC",1,0,1.5,1.51657508881031,-33.33333333333333,-0.32969023669789355,0.0
2022-06-01,"Portfolio Recovery Associates, LLC",0,0,1.3333333333333333,1.5055453054181622,-100.0,-0.8856148855400952,0.0
2022-07-01,"Portfolio Recovery Associates, LLC",2,0,1.3333333333333333,1.5055453054181622,50.000000000000014,0.44280744277004763,0.0
2022-08-01,"Portfolio Recovery Associates, LLC",4,0,1.6666666666666667,1.3662601021279464,139.99999999999997,1.707825127659933,0.0
2022-09-01,"Portfolio Recovery Associates, LLC",0,0,2.1666666666666665,1.6020819787597218,-100.0,-1.3524068651867787,0.0
2022-10-01,"Portfolio Recovery Associates, LLC",1,0,1.8333333333333333,1.834847859269718,-45.45454545454545,-0.4541702621954747,0.0
2022-11-01,"Portfolio Recovery Associates, LLC",0,0,1.3333333333333333,1.5055453054181622,-100.0,-0.8856148855400952,0.0
2022-12-01,"Portfolio Recovery Associates, LLC",0,0,1.1666666666666667,1.6020819787597222,-100.0,-0.7282190812544191,0.0
2023-01-01,"Portfolio Recovery Associates, LLC",1,0,1.1666666666666667,1.6020819787597222,-14.28571428571429,-0.10403129732205992,0.0
2023-02-01,"Portfolio Recovery Associates, LLC",0,0,1.0,1.5491933384829673,-100.0,-0.6454972243679026,0.0
2023-03-01,"Portfolio Recovery Associates, LLC",0,0,0.3333333333333333,0.5163977794943246,-100.0,-0.6454972243678998,0.0
2023-04-01,"Portfolio Recovery Associates, LLC",6,0,0.3333333333333333,0.5163977794943246,1700.0000000000005,10.973452814254298,0.0
2023-05-01,"Portfolio Recovery Associates, LLC",2,0,1.1666666666666667,2.4013884872437172,71.42857142857142,0.34702145769417864,0.0
2023-06-01,"Portfolio Recovery Associates, LLC",2,0,1.5,2.3452078799117153,33.33333333333333,0.2132007163556104,0.0
2023-07-01,"Portfolio Recovery Associates, LLC",0,0,1.8333333333333333,2.228601953392904,-100.0,-0.8226383049436893,0.0
2023-08-01,"Portfolio Recovery Associates, LLC",3,0,1.6666666666666667,2.3380903889000244,80.0,0.5702659485122009,0.0
2023-09-01,"Portfolio Recovery Associates, LLC",2,0,2.1666666666666665,2.228601953392904,-7.692307692307685,-0.07478530044942623,0.0
2023-10-01,"Portfolio Recovery Associates, LLC",3,0,2.5,1.9748417658131499,20.0,0.25318484177091666,0.0
2023-11-01,"Portfolio Recovery Associates, LLC",0,0,2.0,1.0954451150103326,-100.0,-1.8257418583505531,0.0
2023-12-01,"Portfolio Recovery Associates, LLC",2,0,1.6666666666666667,1.3662601021279468,19.999999999999996,0.2439750182371332,0.0
2024-01-01,"Portfolio Recovery Associates, LLC",3,0,1.6666666666666667,1.3662601021279468,80.0,0.9759000729485329,0.0
2024-02-01,"Portfolio Recovery Associates, LLC",0,0,2.1666666666666665,1.1690451944500124,-100.0,-1.8533643326646527,0.0
2024-03-01,"Portfolio Recovery Associates, LLC",5,0,1.6666666666666667,1.3662601021279468,199.99999999999997,2.439750182371332,0.0
2024-04-01,"Portfolio Recovery Associates, LLC",3,0,2.1666666666666665,1.9407902170679516,38.46153846153847,0.429378366607954,0.0
2024-05-01,"Portfolio Recovery Associates, LLC",3,0,2.1666666666666665,1.9407902170679516,38.46153846153847,0.429378366607954,0.0
2024-06-01,"Portfolio Recovery Associates, LLC",2,0,2.6666666666666665,1.632993161855452,-24.999999999999993,-0.4082482904638629,0.0
2024-07-01,"Portfolio Recovery Associates, LLC",5,0,2.6666666666666665,1.632993161855452,87.50000000000001,1.4288690166235207,0.0
2024-08-01,"Portfolio Recovery Associates, LLC",3,0,3.0,1.8973665961010273,0.0,0.0,0.0
2024-09-01,"Portfolio Recovery Associates, LLC",3,0,3.5,1.2247448713915885,-14.285714285714285,-0.4082482904638632,0.0
2024-10-01,"Portfolio Recovery Associates, LLC",2,0,3.1666666666666665,0.9831920802501747,-36.84210526315789,-1.1866111313364185,0.0
2024-11-01,"Portfolio Recovery Associates, LLC",2,0,3.0,1.095445115010332,-33.33333333333333,-0.9128709291752771,0.0
2024-12-01,"Portfolio Recovery Associates, LLC",3,0,2.8333333333333335,1.1690451944500118,5.882352941176465,0.14256648712805017,0.0
2025-01-01,"Portfolio Recovery Associates, LLC",5,0,3.0,1.095445115010332,66.66666666666666,1.8257418583505542,0.0
2025-02-01,"Portfolio Recovery Associates, LLC",6,1,3.0,1.095445115010332,100.0,2.7386127875258315,16.666666666666664
2025-03-01,"Portfolio Recovery Associates, LLC",6,1,3.5,1.6431676725154982,71.42857142857143,1.5214515486254616,16.666666666666664
2025-04-01,"Portfolio Recovery Associates, LLC",1,0,4.0,1.8973665961010273,-75.0,-1.58113883008419,0.0
2025-05-01,"Portfolio Recovery Associates, LLC",6,0,3.8333333333333335,2.1369760566432805,56.52173913043478,1.0138937495022866,0.0
2025-06-01,"Portfolio Recovery Associates, LLC",3,0,4.5,2.073644135332772,-33.33333333333333,-0.7233642332556183,0.0
2025-07-01,"Portfolio Recovery Associates, LLC",6,0,4.5,2.073644135332772,33.33333333333333,0.7233642332556183,0.0
2025-08-01,"Portfolio Recovery Associates, LLC",5,0,4.666666666666667,2.1602468994692865,7.142857142857135,0.1543033499620918,0.0
2025-09-01,"Portfolio Recovery Associates, LLC",3,0,4.5,2.073644135332772,-33.33333333333333,-0.7233642332556183,0.0
2025-10-01,"Portfolio Recovery Associates, LLC",6,0,4.0,1.9999999999999996,50.0,1.0000000000000002,0.0
2025-11-01,"Portfolio Recovery Associates, LLC",2,0,4.833333333333333,1.4719601443879742,-58.620689655172406,-1.924870958045813,0.0
2025-12-01,"Portfolio Recovery Associates, LLC",8,0,4.166666666666667,1.722401424368508,91.99999999999999,2.225574874184028,0.0
2026-01-01,"Portfolio Recovery Associates, LLC",5,0,5.0,2.1908902300206643,0.0,0.0,0.0
2026-02-01,"Portfolio Recovery Associates, LLC",5,0,4.833333333333333,2.1369760566432805,3.4482758620689715,0.07799182688479142,0.0
2026-03-01,"Portfolio Recovery Associates, LLC",3,0,4.833333333333333,2.1369760566432805,-37.93103448275862,-0.8579100957327039,0.0
2026-04-01,"Portfolio Recovery Associates, LLC",2,0,4.833333333333333,2.1369760566432805,-58.620689655172406,-1.3258610570414517,0.0
2026-05-01,"Portfolio Recovery Associates, LLC",0,0,4.166666666666667,2.3166067138525404,-100.0,-1.798607697090482,0.0
2026-06-01,"Portfolio Recovery Associates, LLC",0,0,3.8333333333333335,2.7868739954771304,-100.0,-1.375495748840644,0.0
2015-03-01,Resurgent Capital Services L.P.,0,0,,,,,0.0
2015-04-01,Resurgent Capital Services L.P.,1,0,,,,,0.0
2015-05-01,Resurgent Capital Services L.P.,1,0,,,,,0.0
2015-06-01,Resurgent Capital Services L.P.,0,0,0.6666666666666666,0.5773502691896258,-100.0,-1.1547005383792512,0.0
2015-07-01,Resurgent Capital Services L.P.,1,0,0.5,0.5773502691896257,100.0,0.8660254037844387,0.0
2015-08-01,Resurgent Capital Services L.P.,0,0,0.6,0.5477225575051661,-100.0,-1.0954451150103324,0.0
2015-09-01,Resurgent Capital Services L.P.,0,0,0.5,0.5477225575051661,-100.0,-0.9128709291752769,0.0
2015-10-01,Resurgent Capital Services L.P.,0,0,0.5,0.5477225575051661,-100.0,-0.9128709291752769,0.0
2015-11-01,Resurgent Capital Services L.P.,0,0,0.3333333333333333,0.5163977794943222,-100.0,-0.6454972243679028,0.0
2015-12-01,Resurgent Capital Services L.P.,0,0,0.16666666666666666,0.408248290463863,-100.0,-0.408248290463863,0.0
2016-01-01,Resurgent Capital Services L.P.,1,0,0.16666666666666666,0.408248290463863,500.0000000000001,2.041241452319315,0.0
2016-02-01,Resurgent Capital Services L.P.,0,0,0.16666666666666666,0.408248290463863,-100.0,-0.408248290463863,0.0
2016-03-01,Resurgent Capital Services L.P.,0,0,0.16666666666666666,0.408248290463863,-100.0,-0.408248290463863,0.0
2016-04-01,Resurgent Capital Services L.P.,0,0,0.16666666666666666,0.408248290463863,-100.0,-0.408248290463863,0.0
2016-05-01,Resurgent Capital Services L.P.,0,0,0.16666666666666666,0.408248290463863,-100.0,-0.408248290463863,0.0
2016-06-01,Resurgent Capital Services L.P.,0,0,0.16666666666666666,0.408248290463863,-100.0,-0.408248290463863,0.0
2016-07-01,Resurgent Capital Services L.P.,0,0,0.16666666666666666,0.408248290463863,-100.0,-0.408248290463863,0.0
2016-08-01,Resurgent Capital Services L.P.,0,0,0.0,0.0,,,0.0
2016-09-01,Resurgent Capital Services L.P.,0,0,0.0,0.0,,,0.0
2016-10-01,Resurgent Capital Services L.P.,1,0,0.0,0.0,,,0.0
2016-11-01,Resurgent Capital Services L.P.,1,0,0.16666666666666666,0.408248290463863,500.0000000000001,2.041241452319315,0.0
2016-12-01,Resurgent Capital Services L.P.,0,0,0.3333333333333333,0.5163977794943223,-100.0,-0.6454972243679027,0.0
2017-01-01,Resurgent Capital Services L.P.,1,0,0.3333333333333333,0.5163977794943223,200.00000000000006,1.2909944487358056,0.0
2017-02-01,Resurgent Capital Services L.P.,0,0,0.5,0.5477225575051662,-100.0,-0.9128709291752768,0.0
2017-03-01,Resurgent Capital Services L.P.,0,0,0.5,0.5477225575051662,-100.0,-0.9128709291752768,0.0
2017-04-01,Resurgent Capital Services L.P.,2,0,0.5,0.5477225575051662,300.0,2.73861278752583,0.0
2017-05-01,Resurgent Capital Services L.P.,1,0,0.6666666666666666,0.816496580927726,50.000000000000014,0.4082482904638631,0.0
2017-06-01,Resurgent Capital Services L.P.,0,0,0.6666666666666666,0.816496580927726,-100.0,-0.816496580927726,0.0
2017-07-01,Resurgent Capital Services L.P.,1,0,0.6666666666666666,0.816496580927726,50.000000000000014,0.4082482904638631,0.0
2017-08-01,Resurgent Capital Services L.P.,0,0,0.6666666666666666,0.816496580927726,-100.0,-0.816496580927726,0.0
2017-09-01,Resurgent Capital Services L.P.,1,0,0.6666666666666666,0.816496580927726,50.000000000000014,0.4082482904638631,0.0
2017-10-01,Resurgent Capital Services L.P.,0,0,0.8333333333333334,0.752772652709081,-100.0,-1.107018606925119,0.0
2017-11-01,Resurgent Capital Services L.P.,0,0,0.5,0.5477225575051661,-100.0,-0.9128709291752769,0.0
2017-12-01,Resurgent Capital Services L.P.,1,0,0.3333333333333333,0.5163977794943223,200.00000000000006,1.2909944487358056,0.0
2018-01-01,Resurgent Capital Services L.P.,1,0,0.5,0.5477225575051661,100.0,0.9128709291752769,0.0
2018-02-01,Resurgent Capital Services L.P.,0,0,0.5,0.5477225575051661,-100.0,-0.9128709291752769,0.0
2018-03-01,Resurgent Capital Services L.P.,1,0,0.5,0.5477225575051661,100.0,0.9128709291752769,0.0
2018-04-01,Resurgent Capital Services L.P.,1,0,0.5,0.5477225575051661,100.0,0.9128709291752769,0.0
2018-05-01,Resurgent Capital Services L.P.,0,0,0.6666666666666666,0.5163977794943222,-100.0,-1.2909944487358056,0.0
2018-06-01,Resurgent Capital Services L.P.,1,0,0.6666666666666666,0.5163977794943222,50.000000000000014,0.6454972243679029,0.0
2018-07-01,Resurgent Capital Services L.P.,2,0,0.6666666666666666,0.5163977794943222,200.00000000000006,2.5819888974716116,0.0
2018-08-01,Resurgent Capital Services L.P.,0,0,0.8333333333333334,0.752772652709081,-100.0,-1.107018606925119,0.0
2018-09-01,Resurgent Capital Services L.P.,0,0,0.8333333333333334,0.752772652709081,-100.0,-1.107018606925119,0.0
2018-10-01,Resurgent Capital Services L.P.,1,0,0.6666666666666666,0.816496580927726,50.000000000000014,0.4082482904638631,0.0
2018-11-01,Resurgent Capital Services L.P.,1,0,0.6666666666666666,0.816496580927726,50.000000000000014,0.4082482904638631,0.0
2018-12-01,Resurgent Capital Services L.P.,2,0,0.8333333333333334,0.752772652709081,139.99999999999997,1.5498260496951666,0.0
2019-01-01,Resurgent Capital Services L.P.,1,0,1.0,0.8944271909999159,0.0,0.0,0.0
2019-02-01,Resurgent Capital Services L.P.,0,0,0.8333333333333334,0.752772652709081,-100.0,-1.107018606925119,0.0
2019-03-01,Resurgent Capital Services L.P.,0,0,0.8333333333333334,0.752772652709081,-100.0,-1.107018606925119,0.0
2019-04-01,Resurgent Capital Services L.P.,1,0,0.8333333333333334,0.752772652709081,19.999999999999996,0.22140372138502376,0.0
2019-05-01,Resurgent Capital Services L.P.,1,0,0.8333333333333334,0.752772652709081,19.999999999999996,0.22140372138502376,0.0
2019-06-01,Resurgent Capital Services L.P.,0,0,0.8333333333333334,0.752772652709081,-100.0,-1.107018606925119,0.0
2019-07-01,Resurgent Capital Services L.P.,1,0,0.5,0.5477225575051661,100.0,0.9128709291752769,0.0
2019-08-01,Resurgent Capital Services L.P.,3,0,0.5,0.5477225575051661,500.0,4.564354645876384,0.0
2019-09-01,Resurgent Capital Services L.P.,0,0,1.0,1.0954451150103321,-100.0,-0.9128709291752769,0.0
2019-10-01,Resurgent Capital Services L.P.,3,0,1.0,1.0954451150103321,200.0,1.8257418583505538,0.0
2019-11-01,Resurgent Capital Services L.P.,1,0,1.3333333333333333,1.3662601021279464,-24.999999999999993,-0.24397501823713325,0.0
2019-12-01,Resurgent Capital Services L.P.,0,0,1.3333333333333333,1.3662601021279464,-100.0,-0.9759000729485332,0.0
2020-01-01,Resurgent Capital Services L.P.,1,0,1.3333333333333333,1.3662601021279464,-24.999999999999993,-0.24397501823713325,0.0
2020-02-01,Resurgent Capital Services L.P.,0,0,1.3333333333333333,1.3662601021279464,-100.0,-0.9759000729485332,0.0
2020-03-01,Resurgent Capital Services L.P.,0,0,0.8333333333333334,1.1690451944500122,-100.0,-0.7128324356402512,0.0
2020-04-01,Resurgent Capital Services L.P.,0,0,0.8333333333333334,1.1690451944500122,-100.0,-0.7128324356402512,0.0
2020-05-01,Resurgent Capital Services L.P.,0,0,0.3333333333333333,0.516397779494322,-100.0,-0.6454972243679031,0.0
2020-06-01,Resurgent Capital Services L.P.,0,0,0.16666666666666666,0.4082482904638626,-100.0,-0.40824829046386346,0.0
2020-07-01,Resurgent Capital Services L.P.,0,0,0.16666666666666666,0.4082482904638626,-100.0,-0.40824829046386346,0.0
2020-08-01,Resurgent Capital Services L.P.,2,0,0.0,0.0,,,0.0
2020-09-01,Resurgent Capital Services L.P.,0,0,0.3333333333333333,0.816496580927726,-100.0,-0.408248290463863,0.0
2020-10-01,Resurgent Capital Services L.P.,1,0,0.3333333333333333,0.816496580927726,200.00000000000006,0.8164965809277261,0.0
2020-11-01,Resurgent Capital Services L.P.,1,0,0.5,0.8366600265340756,100.0,0.5976143046671968,0.0
2020-12-01,Resurgent Capital Services L.P.,0,0,0.6666666666666666,0.816496580927726,-100.0,-0.816496580927726,0.0
2021-01-01,Resurgent Capital Services L.P.,0,0,0.6666666666666666,0.816496580927726,-100.0,-0.816496580927726,0.0
2021-02-01,Resurgent Capital Services L.P.,3,0,0.6666666666666666,0.816496580927726,350.00000000000006,2.8577380332470415,0.0
2021-03-01,Resurgent Capital Services L.P.,1,0,0.8333333333333334,1.1690451944500122,19.999999999999996,0.14256648712805023,0.0
2021-04-01,Resurgent Capital Services L.P.,3,0,1.0,1.0954451150103324,200.0,1.8257418583505536,0.0
2021-05-01,Resurgent Capital Services L.P.,0,0,1.3333333333333333,1.3662601021279464,-100.0,-0.9759000729485332,0.0
2021-06-01,Resurgent Capital Services L.P.,2,0,1.1666666666666667,1.4719601443879746,71.42857142857142,0.5661385170722978,0.0
2021-07-01,Resurgent Capital Services L.P.,2,0,1.5,1.3784048752090223,33.33333333333333,0.3627381250550058,0.0
2021-08-01,Resurgent Capital Services L.P.,0,0,1.8333333333333333,1.1690451944500122,-100.0,-1.5682313584085528,0.0
2021-09-01,Resurgent Capital Services L.P.,1,0,1.3333333333333333,1.211060141638997,-24.999999999999993,-0.27524094128159,0.0
2021-10-01,Resurgent Capital Services L.P.,0,0,1.3333333333333333,1.211060141638997,-100.0,-1.1009637651263602,0.0
2021-11-01,Resurgent Capital Services L.P.,2,0,0.8333333333333334,0.9831920802501755,139.99999999999997,1.1866111313364176,0.0
2021-12-01,Resurgent Capital Services L.P.,1,0,1.1666666666666667,0.9831920802501753,-14.28571428571429,-0.16951587590520262,0.0
2022-01-01,Resurgent Capital Services L.P.,1,0,1.0,0.8944271909999163,0.0,0.0,0.0
2022-02-01,Resurgent Capital Services L.P.,0,0,0.8333333333333334,0.7527726527090816,-100.0,-1.1070186069251184,0.0
2022-03-01,Resurgent Capital Services L.P.,1,0,0.8333333333333334,0.7527726527090816,19.999999999999996,0.2214037213850236,0.0
2022-04-01,Resurgent Capital Services L.P.,1,0,0.8333333333333334,0.7527726527090816,19.999999999999996,0.2214037213850236,0.0
2022-05-01,Resurgent Capital Services L.P.,1,0,1.0,0.6324555320336764,0.0,0.0,0.0
2022-06-01,Resurgent Capital Services L.P.,2,0,0.8333333333333334,0.40824829046386407,139.99999999999997,2.8577380332470335,0.0
2022-07-01,Resurgent Capital Services L.P.,2,0,1.0,0.6324555320336764,100.0,1.5811388300841882,0.0
2022-08-01,Resurgent Capital Services L.P.,1,0,1.1666666666666667,0.7527726527090813,-14.28571428571429,-0.22140372138502382,0.0
2022-09-01,Resurgent Capital Services L.P.,0,0,1.3333333333333333,0.5163977794943226,-100.0,-2.581988897471609,0.0
2022-10-01,Resurgent Capital Services L.P.,1,0,1.1666666666666667,0.7527726527090813,-14.28571428571429,-0.22140372138502382,0.0
2022-11-01,Resurgent Capital Services L.P.,1,0,1.1666666666666667,0.7527726527090813,-14.28571428571429,-0.22140372138502382,0.0
2022-12-01,Resurgent Capital Services L.P.,0,0,1.1666666666666667,0.7527726527090813,-100.0,-1.5498260496951661,0.0
2023-01-01,Resurgent Capital Services L.P.,1,0,0.8333333333333334,0.7527726527090816,19.999999999999996,0.2214037213850236,0.0
2023-02-01,Resurgent Capital Services L.P.,7,0,0.6666666666666666,0.5163977794943232,950.0,12.26444726299013,0.0
2023-03-01,Resurgent Capital Services L.P.,6,0,1.6666666666666667,2.6583202716502514,259.99999999999994,1.6301020533704371,0.0
2023-04-01,Resurgent Capital Services L.P.,3,0,2.6666666666666665,3.0110906108363236,12.500000000000005,0.11070186069251198,0.0
2023-05-01,Resurgent Capital Services L.P.,0,0,3.0,2.898275349237887,-100.0,-1.0350983390135315,0.0
2023-06-01,Resurgent Capital Services L.P.,2,0,2.8333333333333335,3.060501048303474,-29.411764705882355,-0.2722865701337612,0.0
2023-07-01,Resurgent Capital Services L.P.,2,0,3.1666666666666665,2.78687399547713,-36.84210526315789,-0.4186291409515004,0.0
2023-08-01,Resurgent Capital Services L.P.,2,0,3.3333333333333335,2.6583202716502505,-40.0,-0.5015698625755194,0.0
2023-09-01,Resurgent Capital Services L.P.,2,0,2.5,1.9748417658131492,-20.0,-0.25318484177091677,0.0
2023-10-01,Resurgent Capital Services L.P.,2,0,1.8333333333333333,0.983192080250174,9.090909090909095,0.16951587590520284,0.0
2023-11-01,Resurgent Capital Services L.P.,2,0,1.6666666666666667,0.8164965809277249,19.999999999999996,0.40824829046386346,0.0
2023-12-01,Resurgent Capital Services L.P.,3,0,2.0,0.0,50.0,,0.0
2024-01-01,Resurgent Capital Services L.P.,2,0,2.1666666666666665,0.408248290463863,-7.692307692307685,-0.40824829046386263,0.0
2024-02-01,Resurgent Capital Services L.P.,7,0,2.1666666666666665,0.408248290463863,223.07692307692312,11.839200423452029,0.0
2024-03-01,Resurgent Capital Services L.P.,5,0,3.0,2.0,66.66666666666666,1.0,0.0
2024-04-01,Resurgent Capital Services L.P.,5,0,3.5,2.0736441353327724,42.857142857142854,0.723364233255618,0.0
2024-05-01,Resurgent Capital Services L.P.,7,0,4.0,2.0,75.0,1.5,0.0
2024-06-01,Resurgent Capital Services L.P.,2,0,4.833333333333333,2.041241452319315,-58.620689655172406,-1.388044187577134,0.0
2024-07-01,Resurgent Capital Services L.P.,6,0,4.666666666666667,2.250925735484551,28.571428571428566,0.5923488777590922,0.0
2024-08-01,Resurgent Capital Services L.P.,6,0,5.333333333333333,1.8618986725025253,12.500000000000005,0.35805743701971665,0.0
2024-09-01,Resurgent Capital Services L.P.,1,0,5.166666666666667,1.7224014243685082,-80.64516129032259,-2.4191031241130743,0.0
2024-10-01,Resurgent Capital Services L.P.,7,0,4.5,2.428991560298224,55.55555555555556,1.0292337119907726,0.0
2024-11-01,Resurgent Capital Services L.P.,5,0,4.833333333333333,2.639444385977221,3.4482758620689715,0.06314460253534031,0.0
2024-12-01,Resurgent Capital Services L.P.,5,0,4.5,2.428991560298224,11.11111111111111,0.20584674239815454,0.0
2025-01-01,Resurgent Capital Services L.P.,5,0,5.0,2.0976176963403037,0.0,0.0,0.0
2025-02-01,Resurgent Capital Services L.P.,5,0,4.833333333333333,2.0412414523193156,3.4482758620689715,0.08164965809277272,0.0
2025-03-01,Resurgent Capital Services L.P.,4,0,4.666666666666667,1.9663841605003507,-14.28571428571429,-0.33903175181040524,0.0
2025-04-01,Resurgent Capital Services L.P.,5,0,5.166666666666667,0.9831920802501767,-3.225806451612909,-0.16951587590520262,0.0
2025-05-01,Resurgent Capital Services L.P.,5,0,4.833333333333333,0.4082482904638661,3.4482758620689715,0.40824829046386063,0.0
2025-06-01,Resurgent Capital Services L.P.,7,0,4.833333333333333,0.4082482904638661,44.827586206896555,5.30722777603018,0.0
2025-07-01,Resurgent Capital Services L.P.,3,0,5.166666666666667,0.9831920802501767,-41.935483870967744,-2.2037063867676303,0.0
2025-08-01,Resurgent Capital Services L.P.,6,0,4.833333333333333,1.3291601358251266,24.137931034482765,0.8777472595071582,0.0
2025-09-01,Resurgent Capital Services L.P.,6,0,5.0,1.414213562373096,20.0,0.707106781186547,0.0
2025-10-01,Resurgent Capital Services L.P.,7,0,5.333333333333333,1.3662601021279475,31.250000000000007,1.2198750911856657,0.0
2025-11-01,Resurgent Capital Services L.P.,4,0,5.666666666666667,1.505545305418163,-29.411764705882355,-1.1070186069251187,0.0
2025-12-01,Resurgent Capital Services L.P.,4,0,5.5,1.6431676725154996,-27.27272727272727,-0.9128709291752762,0.0
2026-01-01,Resurgent Capital Services L.P.,6,0,5.0,1.5491933384829684,20.0,0.6454972243679021,0.0
2026-02-01,Resurgent Capital Services L.P.,3,0,5.5,1.2247448713915907,-45.45454545454545,-2.041241452319312,0.0
2026-03-01,Resurgent Capital Services L.P.,6,0,5.0,1.5491933384829684,20.0,0.6454972243679021,0.0
2026-04-01,Resurgent Capital Services L.P.,3,0,5.0,1.5491933384829684,-40.0,-1.2909944487358043,0.0
2026-05-01,Resurgent Capital Services L.P.,0,0,4.333333333333333,1.366260102127949,-100.0,-3.171675237082727,0.0
2026-06-01,Resurgent Capital Services L.P.,0,0,3.6666666666666665,2.250925735484553,-100.0,-1.6289594138375025,0.0
2015-03-01,SYNCHRONY FINANCIAL,0,0,,,,,0.0
2015-04-01,SYNCHRONY FINANCIAL,0,0,,,,,0.0
2015-05-01,SYNCHRONY FINANCIAL,2,0,,,,,0.0
2015-06-01,SYNCHRONY FINANCIAL,1,0,0.6666666666666666,1.1547005383792517,50.000000000000014,0.28867513459481287,0.0
2015-07-01,SYNCHRONY FINANCIAL,1,0,0.75,0.9574271077563382,33.33333333333333,0.26111648393354675,0.0
2015-08-01,SYNCHRONY FINANCIAL,2,0,0.8,0.8366600265340756,149.99999999999997,1.4342743312012722,0.0
2015-09-01,SYNCHRONY FINANCIAL,0,0,1.0,0.8944271909999159,-100.0,-1.118033988749895,0.0
2015-10-01,SYNCHRONY FINANCIAL,1,0,1.0,0.8944271909999159,0.0,0.0,0.0
2015-11-01,SYNCHRONY FINANCIAL,4,0,1.1666666666666667,0.752772652709081,242.85714285714283,3.7638632635454043,0.0
2015-12-01,SYNCHRONY FINANCIAL,0,0,1.5,1.378404875209022,-100.0,-1.0882143751650175,0.0
2016-01-01,SYNCHRONY FINANCIAL,1,0,1.3333333333333333,1.505545305418162,-24.999999999999993,-0.22140372138502376,0.0
2016-02-01,SYNCHRONY FINANCIAL,1,0,1.3333333333333333,1.505545305418162,-24.999999999999993,-0.22140372138502376,0.0
2016-03-01,SYNCHRONY FINANCIAL,2,0,1.1666666666666667,1.4719601443879746,71.42857142857142,0.5661385170722978,0.0
2016-04-01,SYNCHRONY FINANCIAL,1,0,1.5,1.3784048752090223,-33.33333333333333,-0.3627381250550058,0.0
2016-05-01,SYNCHRONY FINANCIAL,2,0,1.5,1.3784048752090223,33.33333333333333,0.3627381250550058,0.0
2016-06-01,SYNCHRONY FINANCIAL,0,0,1.1666666666666667,0.7527726527090812,-100.0,-1.5498260496951664,0.0
2016-07-01,SYNCHRONY FINANCIAL,0,0,1.1666666666666667,0.7527726527090812,-100.0,-1.5498260496951664,0.0
2016-08-01,SYNCHRONY FINANCIAL,0,0,1.0,0.8944271909999161,-100.0,-1.1180339887498947,0.0
2016-09-01,SYNCHRONY FINANCIAL,1,0,0.8333333333333334,0.9831920802501752,19.999999999999996,0.16951587590520253,0.0
2016-10-01,SYNCHRONY FINANCIAL,0,0,0.6666666666666666,0.8164965809277264,-100.0,-0.8164965809277257,0.0
2016-11-01,SYNCHRONY FINANCIAL,3,0,0.5,0.8366600265340759,500.0,2.9880715233359827,0.0
2016-12-01,SYNCHRONY FINANCIAL,1,0,0.6666666666666666,1.211060141638997,50.000000000000014,0.2752409412815901,0.0
2017-01-01,SYNCHRONY FINANCIAL,3,0,0.8333333333333334,1.1690451944500122,259.99999999999994,1.8533643326646532,0.0
2017-02-01,SYNCHRONY FINANCIAL,2,0,1.3333333333333333,1.3662601021279464,50.000000000000014,0.48795003647426666,0.0
2017-03-01,SYNCHRONY FINANCIAL,2,0,1.6666666666666667,1.2110601416389963,19.999999999999996,0.27524094128159016,0.0
2017-04-01,SYNCHRONY FINANCIAL,3,0,1.8333333333333333,1.1690451944500118,63.63636363636365,0.9979654098963522,0.0
2017-05-01,SYNCHRONY FINANCIAL,1,0,2.3333333333333335,0.8164965809277251,-57.14285714285715,-1.632993161855454,0.0
2017-06-01,SYNCHRONY FINANCIAL,2,0,2.0,0.8944271909999153,0.0,0.0,0.0
2017-07-01,SYNCHRONY FINANCIAL,2,0,2.1666666666666665,0.7527726527090802,-7.692307692307685,-0.22140372138502384,0.0
2017-08-01,SYNCHRONY FINANCIAL,0,0,2.0,0.632455532033675,-100.0,-3.1622776601683835,0.0
2017-09-01,SYNCHRONY FINANCIAL,5,0,1.6666666666666667,1.0327955589886442,199.99999999999997,3.2274861218395148,0.0
2017-10-01,SYNCHRONY FINANCIAL,0,0,2.1666666666666665,1.7224014243685082,-100.0,-1.2579336245387984,0.0
2017-11-01,SYNCHRONY FINANCIAL,1,0,1.6666666666666667,1.8618986725025255,-40.0,-0.3580574370197165,0.0
2017-12-01,SYNCHRONY FINANCIAL,2,0,1.6666666666666667,1.8618986725025255,19.999999999999996,0.1790287185098582,0.0
2018-01-01,SYNCHRONY FINANCIAL,6,0,1.6666666666666667,1.8618986725025255,259.99999999999994,2.3273733406281565,0.0
2018-02-01,SYNCHRONY FINANCIAL,3,0,2.3333333333333335,2.581988897471611,28.571428571428566,0.2581988897471611,0.0
2018-03-01,SYNCHRONY FINANCIAL,5,0,2.8333333333333335,2.3166067138525404,76.47058823529412,0.9352760024870506,0.0
2018-04-01,SYNCHRONY FINANCIAL,3,0,2.8333333333333335,2.3166067138525404,5.882352941176465,0.07194430788361922,0.0
2018-05-01,SYNCHRONY FINANCIAL,4,0,3.3333333333333335,1.8618986725025253,19.999999999999996,0.35805743701971643,0.0
2018-06-01,SYNCHRONY FINANCIAL,1,0,3.8333333333333335,1.471960144387974,-73.91304347826087,-1.9248709580458137,0.0
2018-07-01,SYNCHRONY FINANCIAL,0,0,3.6666666666666665,1.751190071541826,-100.0,-2.093814215973923,0.0
2018-08-01,SYNCHRONY FINANCIAL,4,0,2.6666666666666665,1.8618986725025255,50.000000000000014,0.716114874039433,0.0
2018-09-01,SYNCHRONY FINANCIAL,1,0,2.8333333333333335,1.9407902170679516,-64.70588235294117,-0.9446324065374986,0.0
2018-10-01,SYNCHRONY FINANCIAL,3,0,2.1666666666666665,1.7224014243685086,38.46153846153847,0.48382062482261473,0.0
2018-11-01,SYNCHRONY FINANCIAL,1,0,2.1666666666666665,1.7224014243685086,-53.84615384615385,-0.6773488747516605,0.0
2018-12-01,SYNCHRONY FINANCIAL,3,0,1.6666666666666667,1.5055453054181624,80.0,0.8856148855400949,0.0
2019-01-01,SYNCHRONY FINANCIAL,1,0,2.0,1.5491933384829673,-50.0,-0.6454972243679026,0.0
2019-02-01,SYNCHRONY FINANCIAL,1,0,2.1666666666666665,1.329160135825126,-53.84615384615385,-0.8777472595071583,0.0
2019-03-01,SYNCHRONY FINANCIAL,3,0,1.6666666666666667,1.0327955589886455,80.0,1.2909944487358043,0.0
2019-04-01,SYNCHRONY FINANCIAL,3,0,2.0,1.0954451150103328,50.0,0.9128709291752763,0.0
2019-05-01,SYNCHRONY FINANCIAL,1,0,2.0,1.0954451150103328,-50.0,-0.9128709291752763,0.0
2019-06-01,SYNCHRONY FINANCIAL,1,0,2.0,1.0954451150103328,-50.0,-0.9128709291752763,0.0
2019-07-01,SYNCHRONY FINANCIAL,2,0,1.6666666666666667,1.0327955589886457,19.999999999999996,0.32274861218395096,0.0
2019-08-01,SYNCHRONY FINANCIAL,2,0,1.8333333333333333,0.9831920802501761,9.090909090909095,0.16951587590520248,0.0
2019-09-01,SYNCHRONY FINANCIAL,1,0,2.0,0.8944271909999167,-50.0,-1.1180339887498938,0.0
2019-10-01,SYNCHRONY FINANCIAL,2,0,1.6666666666666667,0.8164965809277275,19.999999999999996,0.4082482904638622,0.0
2019-11-01,SYNCHRONY FINANCIAL,3,0,1.5,0.5477225575051687,100.0,2.7386127875258173,0.0
2019-12-01,SYNCHRONY FINANCIAL,2,0,1.8333333333333333,0.7527726527090822,9.090909090909095,0.22140372138502357,0.0
2020-01-01,SYNCHRONY FINANCIAL,5,0,2.0,0.632455532033677,150.0,4.74341649025256,0.0
2020-02-01,SYNCHRONY FINANCIAL,2,0,2.5,1.3784048752090226,-20.0,-0.36273812505500574,0.0
2020-03-01,SYNCHRONY FINANCIAL,3,0,2.5,1.3784048752090226,20.0,0.36273812505500574,0.0
2020-04-01,SYNCHRONY FINANCIAL,0,0,2.8333333333333335,1.1690451944500122,-100.0,-2.4236302811768544,0.0
2020-05-01,SYNCHRONY FINANCIAL,2,0,2.5,1.6431676725154984,-20.0,-0.30429030972509225,0.0
2020-06-01,SYNCHRONY FINANCIAL,2,0,2.3333333333333335,1.6329931618554525,-14.28571428571429,-0.20412414523193154,0.0
2020-07-01,SYNCHRONY FINANCIAL,3,0,2.3333333333333335,1.6329931618554525,28.571428571428566,0.4082482904638628,0.0
2020-08-01,SYNCHRONY FINANCIAL,4,0,2.0,1.0954451150103333,100.0,1.825741858350552,0.0
2020-09-01,SYNCHRONY FINANCIAL,3,0,2.3333333333333335,1.366260102127947,28.571428571428566,0.48795003647426627,0.0
2020-10-01,SYNCHRONY FINANCIAL,1,0,2.3333333333333335,1.366260102127947,-57.14285714285715,-0.9759000729485329,0.0
2020-11-01,SYNCHRONY FINANCIAL,3,0,2.5,1.048808848170152,20.0,0.4767312946227959,0.0
2020-12-01,SYNCHRONY FINANCIAL,0,0,2.6666666666666665,1.032795558988645,-100.0,-2.58198889747161,0.0
2021-01-01,SYNCHRONY FINANCIAL,3,0,2.3333333333333335,1.5055453054181624,28.571428571428566,0.4428074427700474,0.0
2021-02-01,SYNCHRONY FINANCIAL,0,0,2.3333333333333335,1.5055453054181624,-100.0,-1.5498260496951664,0.0
2021-03-01,SYNCHRONY FINANCIAL,1,0,1.6666666666666667,1.5055453054181624,-40.0,-0.4428074427700476,0.0
2021-04-01,SYNCHRONY FINANCIAL,3,0,1.3333333333333333,1.366260102127947,125.00000000000003,1.219875091185666,0.0
2021-05-01,SYNCHRONY FINANCIAL,1,0,1.6666666666666667,1.5055453054181624,-40.0,-0.4428074427700476,0.0
2021-06-01,SYNCHRONY FINANCIAL,5,0,1.3333333333333333,1.366260102127947,275.00000000000006,2.6837252006084653,0.0
2021-07-01,SYNCHRONY FINANCIAL,3,0,2.1666666666666665,1.8348478592697184,38.46153846153847,0.4541702621954747,0.0
2021-08-01,SYNCHRONY FINANCIAL,6,0,2.1666666666666665,1.8348478592697184,176.92307692307693,2.0891832060991833,0.0
2021-09-01,SYNCHRONY FINANCIAL,2,0,3.1666666666666665,2.041241452319315,-36.84210526315789,-0.5715476066494081,0.0
2021-10-01,SYNCHRONY FINANCIAL,2,0,3.3333333333333335,1.8618986725025257,-40.0,-0.7161148740394329,0.0
2021-11-01,SYNCHRONY FINANCIAL,3,0,3.1666666666666665,1.9407902170679519,-5.263157894736838,-0.08587567332159068,0.0
2021-12-01,SYNCHRONY FINANCIAL,4,0,3.5,1.6431676725154984,14.285714285714285,0.30429030972509225,0.0
2022-01-01,SYNCHRONY FINANCIAL,2,0,3.3333333333333335,1.5055453054181624,-40.0,-0.8856148855400952,0.0
2022-02-01,SYNCHRONY FINANCIAL,1,0,3.1666666666666665,1.6020819787597227,-68.42105263157895,-1.3524068651867778,0.0
2022-03-01,SYNCHRONY FINANCIAL,5,0,2.3333333333333335,1.0327955589886464,114.28571428571428,2.5819888974716063,0.0
2022-04-01,SYNCHRONY FINANCIAL,0,0,2.8333333333333335,1.4719601443879753,-100.0,-1.9248709580458119,0.0
2022-05-01,SYNCHRONY FINANCIAL,2,0,2.5,1.8708286933869716,-20.0,-0.2672612419124243,0.0
2022-06-01,SYNCHRONY FINANCIAL,2,0,2.3333333333333335,1.8618986725025266,-14.28571428571429,-0.1790287185098582,0.0
2022-07-01,SYNCHRONY FINANCIAL,4,0,2.0,1.6733200530681527,100.0,1.1952286093343925,0.0
2022-08-01,SYNCHRONY FINANCIAL,2,0,2.3333333333333335,1.8618986725025266,-14.28571428571429,-0.1790287185098582,0.0
2022-09-01,SYNCHRONY FINANCIAL,2,0,2.5,1.7606816861659023,-20.0,-0.2839809171235322,0.0
2022-10-01,SYNCHRONY FINANCIAL,4,0,2.0,1.2649110640673538,100.0,1.581138830084187,0.0
2022-11-01,SYNCHRONY FINANCIAL,1,0,2.6666666666666665,1.0327955589886466,-62.5,-1.6137430609197536,0.0
2022-12-01,SYNCHRONY FINANCIAL,3,0,2.5,1.2247448713915907,20.0,0.40824829046386246,0.0
2023-01-01,SYNCHRONY FINANCIAL,3,0,2.6666666666666665,1.2110601416389983,12.500000000000005,0.2752409412815899,0.0
2023-02-01,SYNCHRONY FINANCIAL,5,0,2.5,1.0488088481701536,100.0,2.383656473113976,0.0
2023-03-01,SYNCHRONY FINANCIAL,6,0,3.0,1.4142135623730965,100.0,2.1213203435596406,0.0
2023-04-01,SYNCHRONY FINANCIAL,2,0,3.6666666666666665,1.7511900715418272,-45.45454545454545,-0.9517337345336007,0.0
2023-05-01,SYNCHRONY FINANCIAL,1,0,3.3333333333333335,1.8618986725025266,-70.0,-1.2532010295690068,0.0
2023-06-01,SYNCHRONY FINANCIAL,1,0,3.3333333333333335,1.8618986725025266,-70.0,-1.2532010295690068,0.0
2023-07-01,SYNCHRONY FINANCIAL,2,0,3.0,2.097617696340304,-33.33333333333333,-0.4767312946227959,0.0
2023-08-01,SYNCHRONY FINANCIAL,2,0,2.8333333333333335,2.136976056643282,-29.411764705882355,-0.38995913442395624,0.0
2023-09-01,SYNCHRONY FINANCIAL,4,0,2.3333333333333335,1.8618986725025273,71.42857142857142,0.8951435925492902,0.0
2023-10-01,SYNCHRONY FINANCIAL,2,0,2.0,1.095445115010335,0.0,0.0,0.0
2023-11-01,SYNCHRONY FINANCIAL,2,0,2.0,1.095445115010335,0.0,0.0,0.0
2023-12-01,SYNCHRONY FINANCIAL,4,0,2.1666666666666665,0.9831920802501781,84.61538461538463,1.864674634957223,0.0
2024-01-01,SYNCHRONY FINANCIAL,4,0,2.6666666666666665,1.032795558988647,50.000000000000014,1.2909944487358025,0.0
2024-02-01,SYNCHRONY FINANCIAL,8,0,3.0,1.0954451150103346,166.66666666666669,4.564354645876374,0.0
2024-03-01,SYNCHRONY FINANCIAL,5,0,4.0,2.1908902300206656,25.0,0.4564354645876382,0.0
2024-04-01,SYNCHRONY FINANCIAL,5,0,4.166666666666667,2.2286019533929045,19.999999999999993,0.37392650224713125,0.0
2024-05-01,SYNCHRONY FINANCIAL,5,0,4.666666666666667,1.966384160500351,7.142857142857135,0.16951587590520237,0.0
2024-06-01,SYNCHRONY FINANCIAL,2,0,5.166666666666667,1.4719601443879755,-61.29032258064516,-2.1513263648747305,0.0
2024-07-01,SYNCHRONY FINANCIAL,7,0,4.833333333333333,1.9407902170679525,44.827586206896555,1.1163837531806797,0.0
2024-08-01,SYNCHRONY FINANCIAL,8,0,5.333333333333333,2.0655911179772897,50.000000000000014,1.2909944487358054,0.0
2024-09-01,SYNCHRONY FINANCIAL,5,0,5.333333333333333,2.0655911179772897,-6.249999999999995,-0.1613743060919755,0.0
2024-10-01,SYNCHRONY FINANCIAL,6,0,5.333333333333333,2.0655911179772897,12.500000000000005,0.32274861218395146,0.0
2024-11-01,SYNCHRONY FINANCIAL,5,0,5.5,2.073644135332773,-9.090909090909092,-0.24112141108520596,0.0
2024-12-01,SYNCHRONY FINANCIAL,6,0,5.5,2.073644135332773,9.090909090909092,0.24112141108520596,0.0
2025-01-01,SYNCHRONY FINANCIAL,5,0,6.166666666666667,1.1690451944500133,-18.918918918918923,-0.9979654098963511,0.0
2025-02-01,SYNCHRONY FINANCIAL,9,0,5.833333333333333,1.1690451944500133,54.28571428571429,2.7087632554329524,0.0
2025-03-01,SYNCHRONY FINANCIAL,13,0,6.0,1.5491933384829675,116.66666666666667,4.518480570575318,0.0
2025-04-01,SYNCHRONY FINANCIAL,3,0,7.333333333333333,3.141125063837266,-59.09090909090909,-1.3795481699285288,0.0
2025-05-01,SYNCHRONY FINANCIAL,4,0,6.833333333333333,3.6009258068817065,-41.46341463414634,-0.7868346878790359,0.0
2025-06-01,SYNCHRONY FINANCIAL,10,0,6.666666666666667,3.7237973450050514,49.99999999999999,0.8951435925492909,0.0
2025-07-01,SYNCHRONY FINANCIAL,7,0,7.333333333333333,3.9327683210007005,-4.545454545454541,-0.08475793795260121,0.0
2025-08-01,SYNCHRONY FINANCIAL,5,0,7.666666666666667,3.777124126457412,-34.78260869565218,-0.7060045096182079,0.0
2025-09-01,SYNCHRONY FINANCIAL,9,0,7.0,3.847076812334269,28.57142857142857,0.5198752449100363,0.0
2025-10-01,SYNCHRONY FINANCIAL,4,0,6.333333333333333,2.8047578623950176,-36.84210526315789,-0.8319197049476744,0.0
2025-11-01,SYNCHRONY FINANCIAL,4,0,6.5,2.5884358211089573,-38.46153846153847,-0.9658342616078196,0.0
2025-12-01,SYNCHRONY FINANCIAL,9,0,6.5,2.5884358211089573,38.46153846153847,0.9658342616078196,0.0
2026-01-01,SYNCHRONY FINANCIAL,2,0,6.333333333333333,2.338090388900025,-68.42105263157895,-1.8533643326646527,0.0
2026-02-01,SYNCHRONY FINANCIAL,2,0,5.5,2.8809720581775875,-63.63636363636363,-1.2148677353760904,0.0
2026-03-01,SYNCHRONY FINANCIAL,5,1,5.0,3.2249030993194205,0.0,0.0,20.0
2026-04-01,SYNCHRONY FINANCIAL,3,1,4.333333333333333,2.5819888974716125,-30.769230769230766,-0.5163977794943219,33.33333333333333
2026-05-01,SYNCHRONY FINANCIAL,0,0,4.166666666666667,2.639444385977222,-100.0,-1.5786150633835043,0.0
2026-06-01,SYNCHRONY FINANCIAL,0,0,3.5,3.1464265445104562,-100.0,-1.112373020786524,0.0
2015-03-01,"TRANSUNION INTERMEDIATE HOLDINGS, INC.",2,0,,,,,0.0
2015-04-01,"TRANSUNION INTERMEDIATE HOLDINGS, INC.",4,0,,,,,0.0
2015-05-01,"TRANSUNION INTERMEDIATE HOLDINGS, INC.",2,0,,,,,0.0
2015-06-01,"TRANSUNION INTERMEDIATE HOLDINGS, INC.",2,0,2.6666666666666665,1.1547005383792515,-24.999999999999993,-0.5773502691896256,0.0
2015-07-01,"TRANSUNION INTERMEDIATE HOLDINGS, INC.",10,0,2.5,1.0,300.0,7.5,0.0
2015-08-01,"TRANSUNION INTERMEDIATE HOLDINGS, INC.",4,0,4.0,3.4641016151377544,0.0,0.0,0.0
2015-09-01,"TRANSUNION INTERMEDIATE HOLDINGS, INC.",5,0,4.0,3.0983866769659336,25.0,0.3227486121839514,0.0
2015-10-01,"TRANSUNION INTERMEDIATE HOLDINGS, INC.",5,0,4.5,2.949576240750525,11.11111111111111,0.16951587590520262,0.0
2015-11-01,"TRANSUNION INTERMEDIATE HOLDINGS, INC.",5,0,4.666666666666667,2.9439202887759492,7.142857142857135,0.11322770341445947,0.0
2015-12-01,"TRANSUNION INTERMEDIATE HOLDINGS, INC.",1,0,5.166666666666667,2.6394443859772205,-80.64516129032259,-1.5786150633835052,0.0
2016-01-01,"TRANSUNION INTERMEDIATE HOLDINGS, INC.",1,0,5.0,2.898275349237888,-80.0,-1.3801311186847083,0.0
2016-02-01,"TRANSUNION INTERMEDIATE HOLDINGS, INC.",5,0,3.5,1.9748417658131492,42.857142857142854,0.7595545253127503,0.0
2016-03-01,"TRANSUNION INTERMEDIATE HOLDINGS, INC.",7,0,3.6666666666666665,2.0655911179772883,90.90909090909092,1.6137430609197576,0.0
2016-04-01,"TRANSUNION INTERMEDIATE HOLDINGS, INC.",2,0,4.0,2.4494897427831774,-50.0,-0.8164965809277263,0.0
2016-05-01,"TRANSUNION INTERMEDIATE HOLDINGS, INC.",6,0,3.5,2.509980079602226,71.42857142857143,0.996023841111995,0.0
2016-06-01,"TRANSUNION INTERMEDIATE HOLDINGS, INC.",4,0,3.6666666666666665,2.6583202716502505,9.090909090909095,0.12539246564387987,0.0
2016-07-01,"TRANSUNION INTERMEDIATE HOLDINGS, INC.",6,0,4.166666666666667,2.3166067138525395,43.999999999999986,0.7913873867198122,0.0
2016-08-01,"TRANSUNION INTERMEDIATE HOLDINGS, INC.",3,0,5.0,1.7888543819998313,-40.0,-1.1180339887498951,0.0
2016-09-01,"TRANSUNION INTERMEDIATE HOLDINGS, INC.",4,0,4.666666666666667,1.9663841605003496,-14.28571428571429,-0.33903175181040546,0.0
2016-10-01,"TRANSUNION INTERMEDIATE HOLDINGS, INC.",11,0,4.166666666666667,1.6020819787597211,164.0,4.265283190204458,0.0
2016-11-01,"TRANSUNION INTERMEDIATE HOLDINGS, INC.",1,0,5.666666666666667,2.875181153713043,-82.35294117647058,-1.6230861351605892,0.0
2016-12-01,"TRANSUNION INTERMEDIATE HOLDINGS, INC.",5,0,4.833333333333333,3.4302575219167823,3.4482758620689715,0.04858721702431713,0.0
2017-01-01,"TRANSUNION INTERMEDIATE HOLDINGS, INC.",4,0,5.0,3.40587727318528,-20.0,-0.29361010975735174,0.0
2017-02-01,"TRANSUNION INTERMEDIATE HOLDINGS, INC.",3,0,4.666666666666667,3.386246693120078,-35.71428571428572,-0.49218701934884873,0.0
2017-03-01,"TRANSUNION INTERMEDIATE HOLDINGS, INC.",3,0,4.666666666666667,3.386246693120078,-35.71428571428572,-0.49218701934884873,0.0
2017-04-01,"TRANSUNION INTERMEDIATE HOLDINGS, INC.",8,0,4.5,3.4496376621320675,77.77777777777779,1.014599312391785,0.0
2017-05-01,"TRANSUNION INTERMEDIATE HOLDINGS, INC.",9,0,4.0,2.3664319132398455,125.0,2.1128856368212925,0.0
2017-06-01,"TRANSUNION INTERMEDIATE HOLDINGS, INC.",10,0,5.333333333333333,2.581988897471611,87.50000000000001,1.807392228230128,0.0
2017-07-01,"TRANSUNION INTERMEDIATE HOLDINGS, INC.",12,0,6.166666666666667,3.188521078284832,94.59459459459458,1.829479307212608,0.0
2017-08-01,"TRANSUNION INTERMEDIATE HOLDINGS, INC.",10,0,7.5,3.7282703764614507,33.33333333333333,0.6705522259822749,0.0
2017-09-01,"TRANSUNION INTERMEDIATE HOLDINGS, INC.",21,0,8.666666666666666,3.076794869123822,142.30769230769232,4.008500357661314,0.0
2017-10-01,"TRANSUNION INTERMEDIATE HOLDINGS, INC.",9,0,11.666666666666666,4.760952285695234,-22.857142857142854,-0.5601120336112037,0.0
2017-11-01,"TRANSUNION INTERMEDIATE HOLDINGS, INC.",5,0,11.833333333333334,4.622409184253021,-57.74647887323944,-1.4783055893476893,0.0
2017-12-01,"TRANSUNION INTERMEDIATE HOLDINGS, INC.",15,0,11.166666666666666,5.344779384283946,34.32835820895523,0.7172107691862937,0.0
2018-01-01,"TRANSUNION INTERMEDIATE HOLDINGS, INC.",13,0,12.0,5.51361950083609,8.333333333333332,0.18136906252750287,0.0
2018-02-01,"TRANSUNION INTERMEDIATE HOLDINGS, INC.",15,0,12.166666666666666,5.528712930390461,23.28767123287672,0.5124761167755606,0.0
2018-03-01,"TRANSUNION INTERMEDIATE HOLDINGS, INC.",11,0,13.0,5.513619500836091,-15.384615384615385,-0.3627381250550057,0.0
2018-04-01,"TRANSUNION INTERMEDIATE HOLDINGS, INC.",13,0,11.333333333333334,3.881580434135905,14.705882352941172,0.42937836660795353,0.0
2018-05-01,"TRANSUNION INTERMEDIATE HOLDINGS, INC.",14,0,12.0,3.7416573867739435,16.666666666666664,0.5345224838248485,0.0
2018-06-01,"TRANSUNION INTERMEDIATE HOLDINGS, INC.",7,0,13.5,1.5165750888103156,-48.148148148148145,-4.2859730770726,0.0
2018-07-01,"TRANSUNION INTERMEDIATE HOLDINGS, INC.",11,0,12.166666666666666,2.8577380332470437,-9.589041095890407,-0.40824829046386246,0.0
2018-08-01,"TRANSUNION INTERMEDIATE HOLDINGS, INC.",9,0,11.833333333333334,2.8577380332470437,-23.94366197183099,-0.9914601339836666,0.0
2018-09-01,"TRANSUNION INTERMEDIATE HOLDINGS, INC.",9,0,10.833333333333334,2.562550812504346,-16.923076923076927,-0.7154329679580645,0.0
2018-10-01,"TRANSUNION INTERMEDIATE HOLDINGS, INC.",8,0,10.5,2.6645825188948487,-23.809523809523807,-0.9382332813010009,0.0
2018-11-01,"TRANSUNION INTERMEDIATE HOLDINGS, INC.",8,0,9.666666666666666,2.5033311140691485,-17.241379310344822,-0.6657795516141332,0.0
2018-12-01,"TRANSUNION INTERMEDIATE HOLDINGS, INC.",8,0,8.666666666666666,1.366260102127952,-7.692307692307685,-0.4879500364742642,0.0
2019-01-01,"TRANSUNION INTERMEDIATE HOLDINGS, INC.",11,0,8.833333333333334,1.1690451944500186,24.528301886792445,1.8533643326646425,0.0
2019-02-01,"TRANSUNION INTERMEDIATE HOLDINGS, INC.",13,0,8.833333333333334,1.1690451944500186,47.169811320754704,3.564162178201236,0.0
2019-03-01,"TRANSUNION INTERMEDIATE HOLDINGS, INC.",10,0,9.5,2.0736441353327755,5.263157894736842,0.24112141108520566,0.0
2019-04-01,"TRANSUNION INTERMEDIATE HOLDINGS, INC.",14,0,9.666666666666666,2.0655911179772923,44.827586206896555,2.097865979195681,0.0
2019-05-01,"TRANSUNION INTERMEDIATE HOLDINGS, INC.",11,0,10.666666666666666,2.503331114069148,3.1250000000000053,0.13315591032282692,0.0
2019-06-01,"TRANSUNION INTERMEDIATE HOLDINGS, INC.",15,0,11.166666666666666,2.1369760566432845,34.32835820895523,1.7938120183501964,0.0
2019-07-01,"TRANSUNION INTERMEDIATE HOLDINGS, INC.",13,0,12.333333333333334,1.9663841605003545,5.4054054054054,0.3390317518104041,0.0
2019-08-01,"TRANSUNION INTERMEDIATE HOLDINGS, INC.",16,0,12.666666666666666,1.8618986725025306,26.315789473684216,1.7902871850985775,0.0
2019-09-01,"TRANSUNION INTERMEDIATE HOLDINGS, INC.",16,0,13.166666666666666,2.3166067138525452,21.51898734177216,1.2230532340215254,0.0
2019-10-01,"TRANSUNION INTERMEDIATE HOLDINGS, INC.",19,0,14.166666666666666,1.9407902170679585,34.117647058823536,2.490394526326124,0.0
2019-11-01,"TRANSUNION INTERMEDIATE HOLDINGS, INC.",9,0,15.0,2.75680975041805,-40.0,-2.1764287503300306,0.0
2019-12-01,"TRANSUNION INTERMEDIATE HOLDINGS, INC.",16,0,14.666666666666666,3.3862466931200825,9.090909090909095,0.3937496154790786,0.0
2020-01-01,"TRANSUNION INTERMEDIATE HOLDINGS, INC.",11,0,14.833333333333334,3.4302575219167872,-25.842696629213485,-1.1175059915592904,0.0
2020-02-01,"TRANSUNION INTERMEDIATE HOLDINGS, INC.",11,0,14.5,3.7282703764614538,-24.137931034482758,-0.9387731163751841,0.0
2020-03-01,"TRANSUNION INTERMEDIATE HOLDINGS, INC.",10,0,13.666666666666666,3.8815804341359073,-26.829268292682922,-0.9446324065374975,0.0
2020-04-01,"TRANSUNION INTERMEDIATE HOLDINGS, INC.",16,0,12.666666666666666,3.932768321000704,26.315789473684216,0.8475793795260123,0.0
2020-05-01,"TRANSUNION INTERMEDIATE HOLDINGS, INC.",31,0,12.166666666666666,3.0605010483034794,154.7945205479452,6.1536764850229915,0.0
2020-06-01,"TRANSUNION INTERMEDIATE HOLDINGS, INC.",23,0,15.833333333333334,7.884584115009917,45.263157894736835,0.9089466942236625,0.0
2020-07-01,"TRANSUNION INTERMEDIATE HOLDINGS, INC.",35,0,17.0,8.414273587185054,105.88235294117648,2.139222098436877,0.0
2020-08-01,"TRANSUNION INTERMEDIATE HOLDINGS, INC.",20,0,21.0,10.449880382090507,-4.761904761904762,-0.09569487529386908,0.0
2020-09-01,"TRANSUNION INTERMEDIATE HOLDINGS, INC.",24,0,22.5,9.311283477587827,6.666666666666667,0.1610948698544606,0.0
2020-10-01,"TRANSUNION INTERMEDIATE HOLDINGS, INC.",19,0,24.833333333333332,7.026141662866379,-23.489932885906036,-0.8302328095892064,0.0
2020-11-01,"TRANSUNION INTERMEDIATE HOLDINGS, INC.",13,0,25.333333333333332,6.345602151621761,-48.68421052631579,-1.9436033080298412,0.0
2020-12-01,"TRANSUNION INTERMEDIATE HOLDINGS, INC.",33,0,22.333333333333332,7.312090444371344,47.761194029850756,1.458771160971838,0.0
2021-01-01,"TRANSUNION INTERMEDIATE HOLDINGS, INC.",29,0,24.0,8.532291603080619,20.833333333333336,0.5860090386731192,0.0
2021-02-01,"TRANSUNION INTERMEDIATE HOLDINGS, INC.",14,0,23.0,7.238784428341545,-39.130434782608695,-1.2433026689899593,0.0
2021-03-01,"TRANSUNION INTERMEDIATE HOLDINGS, INC.",17,0,22.0,8.099382692526637,-22.727272727272727,-0.6173309979059933,0.0
2021-04-01,"TRANSUNION INTERMEDIATE HOLDINGS, INC.",15,0,20.833333333333332,8.256310717667226,-27.999999999999996,-0.7065302570130872,0.0
2021-05-01,"TRANSUNION INTERMEDIATE HOLDINGS, INC.",20,0,20.166666666666668,8.588752334691383,-0.8264462809917413,-0.01940522443445875,0.0
2021-06-01,"TRANSUNION INTERMEDIATE HOLDINGS, INC.",18,0,21.333333333333332,7.865536642001402,-15.624999999999995,-0.42378968976300624,0.0
2021-07-01,"TRANSUNION INTERMEDIATE HOLDINGS, INC.",18,0,18.833333333333332,5.4191020166321575,-4.4247787610619405,-0.1537770152279268,0.0
2021-08-01,"TRANSUNION INTERMEDIATE HOLDINGS, INC.",22,0,17.0,2.190890230020678,29.411764705882355,2.282177322938178,0.0
2021-09-01,"TRANSUNION INTERMEDIATE HOLDINGS, INC.",20,0,18.333333333333332,2.4221202832780033,9.090909090909099,0.6881023532039731,0.0
2021-10-01,"TRANSUNION INTERMEDIATE HOLDINGS, INC.",18,0,18.833333333333332,2.4013884872437266,-4.4247787610619405,-0.3470214576941768,0.0
2021-11-01,"TRANSUNION INTERMEDIATE HOLDINGS, INC.",19,0,19.333333333333332,1.6329931618554658,-1.7241379310344769,-0.20412414523192907,0.0
2021-12-01,"TRANSUNION INTERMEDIATE HOLDINGS, INC.",34,2,19.166666666666668,1.6020819787597362,77.39130434782608,9.258785461663246,5.88235294117647
2022-01-01,"TRANSUNION INTERMEDIATE HOLDINGS, INC.",39,0,21.833333333333332,6.145459028149703,78.6259541984733,2.7933904673407723,0.0
2022-02-01,"TRANSUNION INTERMEDIATE HOLDINGS, INC.",47,0,25.333333333333332,8.891943919451284,85.5263157894737,2.436662541164981,0.0
2022-03-01,"TRANSUNION INTERMEDIATE HOLDINGS, INC.",51,0,29.5,12.243365550370534,72.88135593220339,1.756053097618189,0.0
2022-04-01,"TRANSUNION INTERMEDIATE HOLDINGS, INC.",56,0,34.666666666666664,13.866025626208348,61.538461538461554,1.5385326631021752,0.0
2022-05-01,"TRANSUNION INTERMEDIATE HOLDINGS, INC.",74,0,41.0,13.401492454200758,80.48780487804879,2.46241231062709,0.0
2022-06-01,"TRANSUNION INTERMEDIATE HOLDINGS, INC.",53,0,50.166666666666664,14.133883637085258,5.647840531561467,0.20046389273356408,0.0
2022-07-01,"TRANSUNION INTERMEDIATE HOLDINGS, INC.",78,0,53.333333333333336,11.70754742320809,46.24999999999999,2.1069029895851172,0.0
2022-08-01,"TRANSUNION INTERMEDIATE HOLDINGS, INC.",78,0,59.833333333333336,12.921558213569538,30.36211699164345,1.4059191907357573,0.0
2022-09-01,"TRANSUNION INTERMEDIATE HOLDINGS, INC.",63,0,65.0,12.961481396815708,-3.076923076923077,-0.15430334996209205,0.0
2022-10-01,"TRANSUNION INTERMEDIATE HOLDINGS, INC.",78,0,67.0,11.171392035015138,16.417910447761194,0.9846579518042214,0.0
2022-11-01,"TRANSUNION INTERMEDIATE HOLDINGS, INC.",80,0,70.66666666666667,10.424330514074576,13.207547169811312,0.895341271147512,0.0
2022-12-01,"TRANSUNION INTERMEDIATE HOLDINGS, INC.",90,0,71.66666666666667,11.075498483890751,25.581395348837198,1.6553054799293283,0.0
2023-01-01,"TRANSUNION INTERMEDIATE HOLDINGS, INC.",88,0,77.83333333333333,8.635199283552536,13.06209850107067,1.1773517127776219,0.0
2023-02-01,"TRANSUNION INTERMEDIATE HOLDINGS, INC.",86,0,79.5,9.586448768965468,8.176100628930817,0.6780404461183445,0.0
2023-03-01,"TRANSUNION INTERMEDIATE HOLDINGS, INC.",93,0,80.83333333333333,9.887702800280062,15.051546391752584,1.2304846648831373,0.0
2023-04-01,"TRANSUNION INTERMEDIATE HOLDINGS, INC.",104,0,85.83333333333333,5.810909280540017,21.165048543689327,3.1263036109519877,0.0
2023-05-01,"TRANSUNION INTERMEDIATE HOLDINGS, INC.",105,0,90.16666666666667,8.060190237622562,16.451016635859514,1.8403205006372871,0.0
2023-06-01,"TRANSUNION INTERMEDIATE HOLDINGS, INC.",112,0,94.33333333333333,8.21380951000606,18.727915194346295,2.1508493282130714,0.0
2023-07-01,"TRANSUNION INTERMEDIATE HOLDINGS, INC.",114,0,98.0,10.488088481701478,16.3265306122449,1.5255401427929531,0.0
2023-08-01,"TRANSUNION INTERMEDIATE HOLDINGS, INC.",99,0,102.33333333333333,10.893423092245419,-3.2573289902280083,-0.30599503068105305,0.0
2023-09-01,"TRANSUNION INTERMEDIATE HOLDINGS, INC.",113,0,104.5,7.867655305108316,8.133971291866029,1.080372699409075,0.0
2023-10-01,"TRANSUNION INTERMEDIATE HOLDINGS, INC.",99,0,107.83333333333333,6.047037842337826,-8.191653786707878,-1.460770308313186,0.0
2023-11-01,"TRANSUNION INTERMEDIATE HOLDINGS, INC.",108,0,107.0,6.957010852370366,0.9345794392523363,0.14373989364401865,0.0
2023-12-01,"TRANSUNION INTERMEDIATE HOLDINGS, INC.",83,0,107.5,6.892024376045041,-22.790697674418606,-3.5548336255390933,0.0
2024-01-01,"TRANSUNION INTERMEDIATE HOLDINGS, INC.",108,0,102.66666666666667,11.639014849490726,5.19480519480519,0.45822893108231516,0.0
2024-02-01,"TRANSUNION INTERMEDIATE HOLDINGS, INC.",100,0,101.66666666666667,10.68955876856784,-1.6393442622950865,-0.1559153846057172,0.0
2024-03-01,"TRANSUNION INTERMEDIATE HOLDINGS, INC.",166,0,101.83333333333333,10.647378394077371,63.011456628477916,6.026522613525178,0.0
2024-04-01,"TRANSUNION INTERMEDIATE HOLDINGS, INC.",179,0,110.66666666666667,28.60536080294506,61.74698795180722,2.388829625469995,0.0
2024-05-01,"TRANSUNION INTERMEDIATE HOLDINGS, INC.",192,0,124.0,38.87930040522848,54.83870967741935,1.7490026644320837,0.0
2024-06-01,"TRANSUNION INTERMEDIATE HOLDINGS, INC.",223,0,138.0,46.36809247747851,61.59420289855072,1.8331571444584533,0.0
2024-07-01,"TRANSUNION INTERMEDIATE HOLDINGS, INC.",204,0,161.33333333333334,48.339080118126645,26.44628099173553,0.8826536740542381,0.0
2024-08-01,"TRANSUNION INTERMEDIATE HOLDINGS, INC.",202,0,177.33333333333334,42.71611717685336,13.909774436090219,0.5774557309256755,0.0
2024-09-01,"TRANSUNION INTERMEDIATE HOLDINGS, INC.",224,0,194.33333333333334,20.086479698211583,15.26586620926243,1.4769470366332063,0.0
2024-10-01,"TRANSUNION INTERMEDIATE HOLDINGS, INC.",239,0,204.0,17.515707236649035,17.15686274509804,1.9982064970101612,0.0
2024-11-01,"TRANSUNION INTERMEDIATE HOLDINGS, INC.",199,0,214.0,17.515707236649035,-7.009345794392523,-0.8563742130043548,0.0
2024-12-01,"TRANSUNION INTERMEDIATE HOLDINGS, INC.",228,0,215.16666666666666,15.917495615412182,5.96436870642913,0.806240733052718,0.0
2025-01-01,"TRANSUNION INTERMEDIATE HOLDINGS, INC.",306,0,216.0,16.528762809115488,41.66666666666667,5.445053634042451,0.0
2025-02-01,"TRANSUNION INTERMEDIATE HOLDINGS, INC.",286,0,233.0,38.95638586932825,22.746781115879827,1.3604958164696892,0.0
2025-03-01,"TRANSUNION INTERMEDIATE HOLDINGS, INC.",305,0,247.0,40.644802865803115,23.481781376518217,1.4269967107848576,0.0
2025-04-01,"TRANSUNION INTERMEDIATE HOLDINGS, INC.",361,0,260.5,44.724713526192616,38.57965451055662,2.2470797927222743,0.0
2025-05-01,"TRANSUNION INTERMEDIATE HOLDINGS, INC.",286,0,280.8333333333333,58.581282562493136,1.839762611275971,0.08819654402675474,0.0
2025-06-01,"TRANSUNION INTERMEDIATE HOLDINGS, INC.",294,0,295.3333333333333,42.958895082004396,-0.45146726862301845,-0.03103742148833459,0.0
2025-07-01,"TRANSUNION INTERMEDIATE HOLDINGS, INC.",329,0,306.3333333333333,28.175639596407752,7.39934711643091,0.8044774490072825,0.0
2025-08-01,"TRANSUNION INTERMEDIATE HOLDINGS, INC.",333,0,310.1666666666667,29.647372002703044,7.361633530360015,0.7701638219823169,0.0
2025-09-01,"TRANSUNION INTERMEDIATE HOLDINGS, INC.",219,0,318.0,28.156704352604788,-31.132075471698112,-3.5160364920634426,0.0
2025-10-01,"TRANSUNION INTERMEDIATE HOLDINGS, INC.",218,0,303.6666666666667,49.725915443223975,-28.21075740944018,-1.722777065099568,0.0
2025-11-01,"TRANSUNION INTERMEDIATE HOLDINGS, INC.",197,0,279.8333333333333,51.00359464456072,-29.60095294818344,-1.6240685369451127,0.0
2025-12-01,"TRANSUNION INTERMEDIATE HOLDINGS, INC.",134,0,265.0,60.844062980705,-49.43396226415094,-2.153044908285349,0.0
2026-01-01,"TRANSUNION INTERMEDIATE HOLDINGS, INC.",8,0,238.33333333333334,78.18354473075944,-96.64335664335665,-2.9460589709322074,0.0
2026-02-01,"TRANSUNION INTERMEDIATE HOLDINGS, INC.",3,0,184.83333333333334,107.90999335866285,-98.37691614066728,-1.6850462841654512,0.0
2026-03-01,"TRANSUNION INTERMEDIATE HOLDINGS, INC.",3,0,129.83333333333334,101.17591940114336,-97.68934531450579,-1.2535921006110475,0.0
2026-04-01,"TRANSUNION INTERMEDIATE HOLDINGS, INC.",5,0,93.83333333333333,101.53111181636226,-94.67140319715807,-0.87493706849192,0.0
2026-05-01,"TRANSUNION INTERMEDIATE HOLDINGS, INC.",0,0,58.333333333333336,85.38774307045861,-100.0,-0.6831581587207307,0.0
2026-06-01,"TRANSUNION INTERMEDIATE HOLDINGS, INC.",0,0,25.5,53.21935738056206,-100.0,-0.47914896487107284,0.0
2015-03-01,WELLS FARGO & COMPANY,2,0,,,,,0.0
2015-04-01,WELLS FARGO & COMPANY,1,0,,,,,0.0
2015-05-01,WELLS FARGO & COMPANY,1,0,,,,,0.0
2015-06-01,WELLS FARGO & COMPANY,8,0,1.3333333333333333,0.5773502691896257,500.0000000000001,11.547005383792516,0.0
2015-07-01,WELLS FARGO & COMPANY,4,0,3.0,3.366501646120693,33.33333333333333,0.2970442628930023,0.0
2015-08-01,WELLS FARGO & COMPANY,2,0,3.2,2.949576240750525,-37.50000000000001,-0.40683810217248634,0.0
2015-09-01,WELLS FARGO & COMPANY,2,0,3.0,2.6832815729997477,-33.33333333333333,-0.37267799624996495,0.0
2015-10-01,WELLS FARGO & COMPANY,6,0,3.0,2.6832815729997477,100.0,1.118033988749895,0.0
2015-11-01,WELLS FARGO & COMPANY,5,0,3.8333333333333335,2.714160398109638,30.43478260869565,0.42984440694044024,0.0
2015-12-01,WELLS FARGO & COMPANY,4,0,4.5,2.345207879911715,-11.11111111111111,-0.21320071635561041,0.0
2016-01-01,WELLS FARGO & COMPANY,2,0,3.8333333333333335,1.6020819787597222,-47.82608695652174,-1.1443442705426585,0.0
2016-02-01,WELLS FARGO & COMPANY,2,0,3.5,1.7606816861659011,-42.857142857142854,-0.851942751370597,0.0
2016-03-01,WELLS FARGO & COMPANY,3,0,3.5,1.7606816861659011,-14.285714285714285,-0.28398091712353235,0.0
2016-04-01,WELLS FARGO & COMPANY,3,1,3.6666666666666665,1.632993161855452,-18.18181818181818,-0.4082482904638629,33.33333333333333
2016-05-01,WELLS FARGO & COMPANY,3,0,3.1666666666666665,1.1690451944500122,-5.263157894736838,-0.14256648712805012,0.0
2016-06-01,WELLS FARGO & COMPANY,5,1,2.8333333333333335,0.7527726527090811,76.47058823529412,2.878248378005309,20.0
2016-07-01,WELLS FARGO & COMPANY,4,0,3.0,1.0954451150103324,33.33333333333333,0.9128709291752768,0.0
2016-08-01,WELLS FARGO & COMPANY,2,0,3.3333333333333335,1.0327955589886448,-40.0,-1.2909944487358054,0.0
2016-09-01,WELLS FARGO & COMPANY,7,1,3.3333333333333335,1.0327955589886448,109.99999999999999,3.5502347340234643,14.285714285714285
2016-10-01,WELLS FARGO & COMPANY,9,4,4.0,1.7888543819998324,125.0,2.7950849718747364,44.44444444444444
2016-11-01,WELLS FARGO & COMPANY,8,2,5.0,2.6076809620810604,60.0,1.1504474832710552,25.0
2016-12-01,WELLS FARGO & COMPANY,4,2,5.833333333333333,2.639444385977222,-31.428571428571423,-0.6945906278887418,50.0
2017-01-01,WELLS FARGO & COMPANY,1,1,5.666666666666667,2.732520204255894,-82.35294117647058,-1.7078251276599326,100.0
2017-02-01,WELLS FARGO & COMPANY,3,1,5.166666666666667,3.3115957885386123,-41.935483870967744,-0.6542666451520052,33.33333333333333
2017-03-01,WELLS FARGO & COMPANY,2,1,5.333333333333333,3.1411250638372668,-62.5,-1.0611908999450217,50.0
2017-04-01,WELLS FARGO & COMPANY,4,1,4.5,3.271085446759226,-11.11111111111111,-0.15285446012893572,25.0
2017-05-01,WELLS FARGO & COMPANY,5,1,3.6666666666666665,2.4221202832779936,36.36363636363637,0.5504818825631803,20.0
2017-06-01,WELLS FARGO & COMPANY,4,0,3.1666666666666665,1.471960144387974,26.315789473684216,0.5661385170722982,0.0
2017-07-01,WELLS FARGO & COMPANY,3,0,3.1666666666666665,1.471960144387974,-5.263157894736838,-0.11322770341445952,0.0
2017-08-01,WELLS FARGO & COMPANY,6,2,3.5,1.0488088481701514,71.42857142857143,2.383656473113981,33.33333333333333
2017-09-01,WELLS FARGO & COMPANY,4,1,4.0,1.4142135623730958,0.0,0.0,25.0
2017-10-01,WELLS FARGO & COMPANY,1,0,4.333333333333333,1.0327955589886464,-76.92307692307692,-3.2274861218395077,0.0
2017-11-01,WELLS FARGO & COMPANY,5,0,3.8333333333333335,1.7224014243685086,30.43478260869565,0.6773488747516605,0.0
2017-12-01,WELLS FARGO & COMPANY,0,0,3.8333333333333335,1.7224014243685086,-100.0,-2.2255748741840278,0.0
2018-01-01,WELLS FARGO & COMPANY,4,0,3.1666666666666665,2.31660671385254,26.315789473684216,0.35972153941809654,0.0
2018-02-01,WELLS FARGO & COMPANY,6,1,3.3333333333333335,2.338090388900024,80.0,1.140531897024402,16.666666666666664
2018-03-01,WELLS FARGO & COMPANY,4,0,3.3333333333333335,2.338090388900024,19.999999999999996,0.2851329742561005,0.0
2018-04-01,WELLS FARGO & COMPANY,1,0,3.3333333333333335,2.338090388900024,-70.0,-0.997965409896352,0.0
2018-05-01,WELLS FARGO & COMPANY,1,0,3.3333333333333335,2.338090388900024,-70.0,-0.997965409896352,0.0
2018-06-01,WELLS FARGO & COMPANY,4,0,2.6666666666666665,2.338090388900023,50.000000000000014,0.5702659485122014,0.0
2018-07-01,WELLS FARGO & COMPANY,6,0,3.3333333333333335,1.9663841605003498,80.0,1.356127007241621,0.0
2018-08-01,WELLS FARGO & COMPANY,1,0,3.6666666666666665,2.250925735484551,-72.72727272727273,-1.1846977555181846,0.0
2018-09-01,WELLS FARGO & COMPANY,6,0,2.8333333333333335,2.13697605664328,111.76470588235293,1.4818447108110346,0.0
2018-10-01,WELLS FARGO & COMPANY,6,1,3.1666666666666665,2.4832774042918895,89.47368421052633,1.1409652938638417,16.666666666666664
2018-11-01,WELLS FARGO & COMPANY,1,0,4.0,2.4494897427831788,-75.0,-1.2247448713915887,0.0
2018-12-01,WELLS FARGO & COMPANY,5,0,4.0,2.4494897427831788,25.0,0.4082482904638629,0.0
2019-01-01,WELLS FARGO & COMPANY,2,0,4.166666666666667,2.483277404291891,-52.0,-0.8725028717782314,0.0
2019-02-01,WELLS FARGO & COMPANY,2,0,3.5,2.4289915602982237,-42.857142857142854,-0.6175402271944638,0.0
2019-03-01,WELLS FARGO & COMPANY,5,1,3.6666666666666665,2.250925735484551,36.36363636363637,0.5923488777590924,20.0
2019-04-01,WELLS FARGO & COMPANY,0,0,3.5,2.0736441353327724,-100.0,-1.6878498775964421,0.0
2019-05-01,WELLS FARGO & COMPANY,4,0,2.5,2.073644135332771,60.0,0.7233642332556185,0.0
2019-06-01,WELLS FARGO & COMPANY,3,0,3.0,1.9999999999999993,0.0,0.0,0.0
2019-07-01,WELLS FARGO & COMPANY,4,0,2.6666666666666665,1.7511900715418252,50.000000000000014,0.7613869876268816,0.0
2019-08-01,WELLS FARGO & COMPANY,0,0,3.0,1.7888543819998313,-100.0,-1.6770509831248428,0.0
2019-09-01,WELLS FARGO & COMPANY,1,0,2.6666666666666665,2.1602468994692856,-62.5,-0.7715167498104599,0.0
2019-10-01,WELLS FARGO & COMPANY,0,0,2.0,1.8973665961010258,-100.0,-1.0540925533894607,0.0
2019-11-01,WELLS FARGO & COMPANY,2,0,2.0,1.8973665961010258,0.0,0.0,0.0
2019-12-01,WELLS FARGO & COMPANY,4,0,1.6666666666666667,1.6329931618554494,139.99999999999997,1.4288690166235227,0.0
2020-01-01,WELLS FARGO & COMPANY,4,0,1.8333333333333333,1.8348478592697157,118.18181818181822,1.1808426817082358,0.0
2020-02-01,WELLS FARGO & COMPANY,1,1,1.8333333333333333,1.8348478592697157,-45.45454545454545,-0.45417026219547524,100.0
2020-03-01,WELLS FARGO & COMPANY,3,0,2.0,1.673320053068149,50.0,0.5976143046671976,0.0
2020-04-01,WELLS FARGO & COMPANY,3,0,2.3333333333333335,1.6329931618554503,28.571428571428566,0.40824829046386335,0.0
2020-05-01,WELLS FARGO & COMPANY,3,0,2.8333333333333335,1.1690451944500106,5.882352941176465,0.1425664871280503,0.0
2020-06-01,WELLS FARGO & COMPANY,3,0,3.0,1.0954451150103308,0.0,0.0,0.0
2020-07-01,WELLS FARGO & COMPANY,4,0,2.8333333333333335,0.9831920802501734,41.17647058823529,1.18661113133642,0.0
2020-08-01,WELLS FARGO & COMPANY,4,0,2.8333333333333335,0.9831920802501734,41.17647058823529,1.18661113133642,0.0
2020-09-01,WELLS FARGO & COMPANY,3,0,3.3333333333333335,0.5163977794943204,-10.000000000000004,-0.6454972243679054,0.0
2020-10-01,WELLS FARGO & COMPANY,2,0,3.3333333333333335,0.5163977794943204,-40.0,-2.5819888974716205,0.0
2020-11-01,WELLS FARGO & COMPANY,2,0,3.1666666666666665,0.7527726527090794,-36.84210526315789,-1.5498260496951697,0.0
2020-12-01,WELLS FARGO & COMPANY,3,0,3.0,0.8944271909999144,0.0,0.0,0.0
2021-01-01,WELLS FARGO & COMPANY,2,0,3.0,0.8944271909999144,-33.33333333333333,-1.1180339887498967,0.0
2021-02-01,WELLS FARGO & COMPANY,4,0,2.6666666666666665,0.8164965809277239,50.000000000000014,1.6329931618554565,0.0
2021-03-01,WELLS FARGO & COMPANY,3,0,2.6666666666666665,0.8164965809277239,12.500000000000005,0.40824829046386424,0.0
2021-04-01,WELLS FARGO & COMPANY,4,0,2.6666666666666665,0.8164965809277239,50.000000000000014,1.6329931618554565,0.0
2021-05-01,WELLS FARGO & COMPANY,6,0,3.0,0.8944271909999144,100.0,3.35410196624969,0.0
2021-06-01,WELLS FARGO & COMPANY,4,0,3.6666666666666665,1.3662601021279461,9.090909090909095,0.24397501823713347,0.0
2021-07-01,WELLS FARGO & COMPANY,3,0,3.8333333333333335,1.3291601358251255,-21.73913043478261,-0.6269623282193991,0.0
2021-08-01,WELLS FARGO & COMPANY,3,0,4.0,1.0954451150103321,-25.0,-0.9128709291752769,0.0
2021-09-01,WELLS FARGO & COMPANY,4,0,3.8333333333333335,1.169045194450012,4.347826086956517,0.14256648712805015,0.0
2021-10-01,WELLS FARGO & COMPANY,5,0,4.0,1.0954451150103321,25.0,0.9128709291752769,0.0
2021-11-01,WELLS FARGO & COMPANY,4,0,4.166666666666667,1.169045194450012,-4.000000000000007,-0.14256648712805053,0.0
2021-12-01,WELLS FARGO & COMPANY,5,0,3.8333333333333335,0.7527726527090806,30.43478260869565,1.5498260496951675,0.0
2022-01-01,WELLS FARGO & COMPANY,2,0,4.0,0.8944271909999155,-50.0,-2.2360679774997907,0.0
2022-02-01,WELLS FARGO & COMPANY,2,0,3.8333333333333335,1.1690451944500118,-47.82608695652174,-1.5682313584085534,0.0
2022-03-01,WELLS FARGO & COMPANY,8,0,3.6666666666666665,1.3662601021279461,118.18181818181822,3.171675237082734,0.0
2022-04-01,WELLS FARGO & COMPANY,5,0,4.333333333333333,2.250925735484551,15.384615384615394,0.2961744388795463,0.0
2022-05-01,WELLS FARGO & COMPANY,2,0,4.333333333333333,2.250925735484551,-53.84615384615385,-1.0366105360784115,0.0
2022-06-01,WELLS FARGO & COMPANY,2,0,4.0,2.449489742783178,-50.0,-0.8164965809277261,0.0
2022-07-01,WELLS FARGO & COMPANY,6,0,3.5,2.5099800796022262,71.42857142857143,0.9960238411119948,0.0
2022-08-01,WELLS FARGO & COMPANY,3,0,4.166666666666667,2.562550812504343,-28.000000000000004,-0.4552755250642234,0.0
2022-09-01,WELLS FARGO & COMPANY,5,0,4.333333333333333,2.4221202832779936,15.384615384615394,0.27524094128159027,0.0
2022-10-01,WELLS FARGO & COMPANY,6,0,3.8333333333333335,1.7224014243685084,56.52173913043478,1.2579336245387982,0.0
2022-11-01,WELLS FARGO & COMPANY,8,0,4.0,1.8973665961010275,100.0,2.1081851067789197,0.0
2022-12-01,WELLS FARGO & COMPANY,6,0,5.0,2.1908902300206647,20.0,0.4564354645876384,0.0
2023-01-01,WELLS FARGO & COMPANY,31,0,5.666666666666667,1.6329931618554523,447.0588235294117,15.513435037626792,0.0
2023-02-01,WELLS FARGO & COMPANY,11,0,9.833333333333334,10.496030995889193,11.86440677966101,0.11115312703664797,0.0
2023-03-01,WELLS FARGO & COMPANY,11,0,11.166666666666666,9.948199167018455,-1.4925373134328306,-0.016753450938057288,0.0
2023-04-01,WELLS FARGO & COMPANY,11,0,12.166666666666666,9.495613022162745,-9.589041095890407,-0.12286375444572857,0.0
2023-05-01,WELLS FARGO & COMPANY,5,0,13.0,9.055385138137419,-61.53846153846154,-0.8834522085987722,0.0
2023-06-01,WELLS FARGO & COMPANY,7,0,12.5,9.460443964212251,-44.0,-0.5813680648398589,0.0
2023-07-01,WELLS FARGO & COMPANY,8,0,12.666666666666666,9.33095207718198,-36.84210526315789,-0.5001275998489573,0.0
2023-08-01,WELLS FARGO & COMPANY,11,0,8.833333333333334,2.5625508125043424,24.528301886792445,0.845511689404986,0.0
2023-09-01,WELLS FARGO & COMPANY,3,0,8.833333333333334,2.5625508125043424,-66.03773584905662,-2.276377625321117,0.0
2023-10-01,WELLS FARGO & COMPANY,10,0,7.5,3.2093613071762412,33.33333333333333,0.778971191062195,0.0
2023-11-01,WELLS FARGO & COMPANY,7,0,7.333333333333333,3.0110906108363227,-4.545454545454541,-0.11070186069251187,0.0
2023-12-01,WELLS FARGO & COMPANY,6,0,7.666666666666667,2.8047578623950162,-21.73913043478261,-0.5942283606769108,0.0
2024-01-01,WELLS FARGO & COMPANY,5,0,7.5,2.8809720581775853,-33.33333333333333,-0.8677626681257795,0.0
2024-02-01,WELLS FARGO & COMPANY,8,0,7.0,3.0331501776206182,14.285714285714285,0.3296902366978937,0.0
2024-03-01,WELLS FARGO & COMPANY,7,0,6.5,2.4289915602982206,7.6923076923076925,0.20584674239815484,0.0
2024-04-01,WELLS FARGO & COMPANY,5,0,7.166666666666667,1.7224014243685053,-30.232558139534888,-1.2579336245388006,0.0
2024-05-01,WELLS FARGO & COMPANY,12,0,6.333333333333333,1.2110601416389901,89.47368421052633,4.679096001787058,0.0
2024-06-01,WELLS FARGO & COMPANY,11,0,7.166666666666667,2.6394443859772183,53.48837209302325,1.4523258583128258,0.0
2024-07-01,WELLS FARGO & COMPANY,3,0,8.0,2.966479394838264,-62.5,-1.685499656158106,0.0
2024-08-01,WELLS FARGO & COMPANY,6,0,7.666666666666667,3.4448028487370155,-21.73913043478261,-0.483820624822615,0.0
2024-09-01,WELLS FARGO & COMPANY,8,0,7.333333333333333,3.5023801430836508,9.090909090909095,0.19034674690672043,0.0
2024-10-01,WELLS FARGO & COMPANY,9,0,7.5,3.507135583350035,20.0,0.427699461384151,0.0
2024-11-01,WELLS FARGO & COMPANY,5,0,8.166666666666666,3.31159578853861,-38.77551020408163,-0.9562358659913925,0.0
2024-12-01,WELLS FARGO & COMPANY,7,0,7.0,2.8982753492378857,0.0,0.0,0.0
2025-01-01,WELLS FARGO & COMPANY,10,0,6.333333333333333,2.1602468994692825,57.89473684210527,1.6973368495830146,0.0
2025-02-01,WELLS FARGO & COMPANY,8,0,7.5,1.8708286933869682,6.666666666666667,0.26726124191242473,0.0
2025-03-01,WELLS FARGO & COMPANY,9,0,7.833333333333333,1.7224014243685064,14.8936170212766,0.6773488747516616,0.0
2025-04-01,WELLS FARGO & COMPANY,11,0,8.0,1.7888543819998302,37.5,1.6770509831248437,0.0
2025-05-01,WELLS FARGO & COMPANY,10,0,8.333333333333334,2.1602468994692856,19.999999999999993,0.7715167498104597,0.0
2025-06-01,WELLS FARGO & COMPANY,17,0,9.166666666666666,1.4719601443879753,85.45454545454547,5.3217020604795975,0.0
2025-07-01,WELLS FARGO & COMPANY,9,0,10.833333333333334,3.188521078284833,-16.923076923076927,-0.5749792108382483,0.0
2025-08-01,WELLS FARGO & COMPANY,9,0,10.666666666666666,3.2659863237109055,-15.624999999999995,-0.5103103630798284,0.0
2025-09-01,WELLS FARGO & COMPANY,10,0,10.833333333333334,3.125166662222461,-7.692307692307697,-0.26665244558212114,0.0
2025-10-01,WELLS FARGO & COMPANY,7,0,11.0,3.0331501776206222,-36.36363636363637,-1.318760946791573,0.0
2025-11-01,WELLS FARGO & COMPANY,7,0,10.333333333333334,3.4448028487370186,-32.25806451612904,-0.9676412496452291,0.0
2025-12-01,WELLS FARGO & COMPANY,7,0,9.833333333333334,3.7103458958251694,-28.813559322033903,-0.7636305112473104,0.0
2026-01-01,WELLS FARGO & COMPANY,7,0,8.166666666666666,1.3291601358251315,-14.28571428571428,-0.8777472595071543,0.0
2026-02-01,WELLS FARGO & COMPANY,3,0,7.833333333333333,1.3291601358251317,-61.702127659574465,-3.636381503672497,0.0
2026-03-01,WELLS FARGO & COMPANY,9,0,6.833333333333333,2.2286019533929085,31.70731707317074,0.97220890584254,0.0
2026-04-01,WELLS FARGO & COMPANY,4,0,6.666666666666667,1.9663841605003554,-40.0,-1.3561270072416174,0.0
2026-05-01,WELLS FARGO & COMPANY,0,0,6.166666666666667,2.2286019533929085,-100.0,-2.7670561166287677,0.0
2026-06-01,WELLS FARGO & COMPANY,0,0,5.0,3.2863353450310004,-100.0,-1.5214515486254596,0.0
