Month,Company,Complaint_count,Untimely_count,Untimely_rate,Previous_6_month_average,Previous_6_month_std,Complaint_growth_percentage,Complaint_z_score,Previous_6_month_complaints,Previous_6_month_untimely,Previous_6_month_untimely_rate,Untimely_rate_change,Monthly_complaint_share
2025-06-01,ALLY FINANCIAL INC.,410,0,0.0,,,,,,,0.0,0.0,0.0520232607418517
2025-07-01,ALLY FINANCIAL INC.,512,0,0.0,,,,,,,0.0,0.0,0.06496563292640993
2025-08-01,ALLY FINANCIAL INC.,482,0,0.0,,,,,,,0.0,0.0,0.06115905287212809
2025-09-01,ALLY FINANCIAL INC.,460,0,0.0,468.0,52.421369688324624,-1.7094017094017095,-0.15260951874330314,1404.0,0.0,0.0,0.0,0.05836756083232141
2025-10-01,ALLY FINANCIAL INC.,437,0,0.0,466.0,42.988370520409354,-6.223175965665236,-0.6746010525388914,1864.0,0.0,0.0,0.0,0.05544918279070535
2025-11-01,ALLY FINANCIAL INC.,453,0,0.0,460.2,39.42334333868704,-1.5645371577574945,-0.18263291213392502,2301.0,0.0,0.0,0.0,0.05747935881965566
2025-12-01,ALLY FINANCIAL INC.,572,0,0.0,459.0,35.38361202590826,24.618736383442265,3.1935688170348517,2754.0,0.0,0.0,0.0,0.0725787930349736
2026-01-01,ALLY FINANCIAL INC.,578,0,0.0,486.0,49.50555524383096,18.930041152263374,1.8583772982015871,2916.0,0.0,0.0,0.0,0.07334010904582995
2026-02-01,ALLY FINANCIAL INC.,521,0,0.0,497.0,62.15464584405577,4.82897384305835,0.38613364574894876,2982.0,0.0,0.0,0.0,0.06610760694269448
2026-03-01,ALLY FINANCIAL INC.,595,0,0.0,503.5,62.31131518432266,18.17279046673287,1.4684331365713355,3021.0,0.0,0.0,0.0,0.07549717107658965
2026-04-01,ALLY FINANCIAL INC.,532,0,0.0,526.0,67.61065004864248,1.1406844106463878,0.08874341535961125,3156.0,0.0,0.0,0.0,0.06750335296259782
2026-05-01,ALLY FINANCIAL INC.,505,0,0.0,541.8333333333334,51.897655695288066,-6.797908335896653,-0.7097301957066545,3251.0,0.0,0.0,0.0,0.06407743091374417
2026-06-01,ALLY FINANCIAL INC.,542,0,0.0,550.5,36.00416642556804,-1.544050862851953,-0.23608378817968692,3303.0,0.0,0.0,0.0,0.06877221298069176
2025-06-01,AMERICAN EXPRESS COMPANY,873,0,0.0,,,,,,,0.0,0.0,0.11077147957960129
2025-07-01,AMERICAN EXPRESS COMPANY,912,0,0.0,,,,,,,0.0,0.0,0.11572003365016767
2025-08-01,AMERICAN EXPRESS COMPANY,815,2,0.245398773006135,,,,,,,0.0,0.245398773006135,0.10341209147465642
2025-09-01,AMERICAN EXPRESS COMPANY,856,0,0.0,866.6666666666666,48.809152147249314,-1.2307692307692264,-0.21853824943500394,2600.0,2.0,0.07692307692307693,-0.07692307692307693,0.10861441754884159
2025-10-01,AMERICAN EXPRESS COMPANY,871,3,0.3444316877152698,864.0,40.207793606049385,0.8101851851851851,0.17409560118083248,3456.0,2.0,0.057870370370370364,0.2865613173448994,0.1105177075759825
2025-11-01,AMERICAN EXPRESS COMPANY,886,8,0.9029345372460496,865.4,34.96140729432955,2.380402126184426,0.5892211325069049,4327.0,5.0,0.11555350127108852,0.787381035974961,0.11242099760312343
2025-12-01,AMERICAN EXPRESS COMPANY,1058,74,6.994328922495274,868.8333333333334,32.38157912558722,21.77249184730481,5.841798694653258,5213.0,13.0,0.24937655860349126,6.744952363891783,0.13424538991433926
2026-01-01,AMERICAN EXPRESS COMPANY,1102,49,4.4464609800362975,899.6666666666666,84.03015331811953,22.489811041126348,2.4078658117800193,5398.0,87.0,1.6117080400148203,2.8347529400214775,0.1398283739939526
2026-02-01,AMERICAN EXPRESS COMPANY,944,0,0.0,931.3333333333334,118.38524682859216,1.3600572655690724,0.10699531407833668,5588.0,136.0,2.4337866857551895,-2.4337866857551895,0.1197803857080683
2026-03-01,AMERICAN EXPRESS COMPANY,1066,0,0.0,952.8333333333334,103.85454571980323,11.876858492216193,1.0896650298965946,5717.0,134.0,2.343886653839426,-2.343886653839426,0.1352604779288144
2026-04-01,AMERICAN EXPRESS COMPANY,1124,0,0.0,987.8333333333334,100.00883294322915,13.784376581744553,1.361546402045935,5927.0,134.0,2.260840222709634,-2.260840222709634,0.14261986603375928
2026-05-01,AMERICAN EXPRESS COMPANY,1042,0,0.0,1030.0,94.05530288080554,1.1650485436893203,0.12758451286056,6180.0,131.0,2.119741100323625,-2.119741100323625,0.13221521388538895
2026-06-01,AMERICAN EXPRESS COMPANY,995,0,0.0,1056.0,62.58434308994608,-5.776515151515151,-0.9746846733268564,6336.0,123.0,1.941287878787879,-1.941287878787879,0.12625157180034743
2025-06-01,"Affirm Holdings, Inc",374,0,0.0,,,,,,,0.0,0.0,0.047455364676713505
2025-07-01,"Affirm Holdings, Inc",504,1,0.1984126984126984,,,,,,,0.0,0.1984126984126984,0.06395054491193476
2025-08-01,"Affirm Holdings, Inc",424,1,0.2358490566037736,,,,,,,0.0,0.2358490566037736,0.05379966476718322
2025-09-01,"Affirm Holdings, Inc",490,0,0.0,434.0,65.57438524302,12.903225806451612,0.8539919938625862,1302.0,2.0,0.15360983102918588,-0.15360983102918588,0.06217414088660325
2025-10-01,"Affirm Holdings, Inc",510,0,0.0,448.0,60.42074698865172,13.839285714285715,1.0261375949497098,1792.0,2.0,0.11160714285714285,-0.11160714285714285,0.06471186092279115
2025-11-01,"Affirm Holdings, Inc",605,0,0.0,460.4,59.218240433163835,31.40747176368376,2.441815206637245,2302.0,2.0,0.08688097306689835,-0.08688097306689835,0.0767660310946836
2025-12-01,"Affirm Holdings, Inc",694,1,0.1440922190201729,484.5,79.31141153705437,43.24045407636739,2.6414862116294753,2907.0,2.0,0.06879944960440317,0.07529276941576975,0.0880588852557197
2026-01-01,"Affirm Holdings, Inc",798,0,0.0,537.8333333333334,95.98420008869515,48.37310195227765,2.7105155476240577,3227.0,3.0,0.09296560272699102,-0.09296560272699102,0.10125502944389672
2026-02-01,"Affirm Holdings, Inc",691,0,0.0,586.8333333333334,140.1433789612148,17.750639023004823,0.7432863931124076,3521.0,2.0,0.05680204487361545,-0.05680204487361545,0.08767822725029152
2026-03-01,"Affirm Holdings, Inc",736,0,0.0,631.3333333333334,118.87416315863871,16.57866948257655,0.8804828895155961,3788.0,1.0,0.026399155227032733,-0.026399155227032733,0.09338809733171427
2026-04-01,"Affirm Holdings, Inc",803,0,0.0,672.3333333333334,101.5375135930886,19.434804164600887,1.2868807009625334,4034.0,1.0,0.024789291026276646,-0.024789291026276646,0.1018894594529437
2026-05-01,"Affirm Holdings, Inc",772,0,0.0,721.1666666666666,74.7834651956343,7.048763577536405,0.6797402768159092,4327.0,1.0,0.023110700254217704,-0.023110700254217704,0.09795599339685246
2026-06-01,"Affirm Holdings, Inc",1094,0,0.0,749.0,49.80762993759065,46.061415220293725,6.926649600318018,4494.0,1.0,0.022251891410769914,-0.022251891410769914,0.13881328597947745
2025-06-01,"BANK OF AMERICA, NATIONAL ASSOCIATION",1397,4,0.28632784538296346,,,,,,,0.0,0.28632784538296346,0.17725974452772397
2025-07-01,"BANK OF AMERICA, NATIONAL ASSOCIATION",1705,6,0.3519061583577713,,,,,,,0.0,0.3519061583577713,0.21634063308501741
2025-08-01,"BANK OF AMERICA, NATIONAL ASSOCIATION",1693,11,0.6497341996455995,,,,,,,0.0,0.6497341996455995,0.2148180010633047
2025-09-01,"BANK OF AMERICA, NATIONAL ASSOCIATION",1558,9,0.5776636713735559,1598.3333333333333,174.46298556809504,-2.523461939520329,-0.23118561912716246,4795.0,21.0,0.43795620437956206,0.13970746699399383,0.19768839081903644
2025-10-01,"BANK OF AMERICA, NATIONAL ASSOCIATION",1666,6,0.36014405762304924,1588.25,143.86886390042844,4.895325043286636,0.5404227008688324,6353.0,30.0,0.4722178498347237,-0.11207379221167446,0.21139207901445106
2025-11-01,"BANK OF AMERICA, NATIONAL ASSOCIATION",1722,6,0.34843205574912894,1603.8,129.35493805804248,7.36999625888515,0.9137648842362931,8019.0,36.0,0.44893378226711567,-0.10050172651798672,0.21849769511577713
2025-12-01,"BANK OF AMERICA, NATIONAL ASSOCIATION",2086,11,0.5273250239693192,1623.5,125.35828652306957,28.487834924545734,3.6894250298713724,9741.0,42.0,0.4311672312904219,0.09615779267889735,0.26468419977439667
2026-01-01,"BANK OF AMERICA, NATIONAL ASSOCIATION",2289,5,0.218435998252512,1738.3333333333333,180.03184903418253,31.677852348993298,3.0587180525047657,10430.0,49.0,0.4697986577181208,-0.25136265946560876,0.29044205814170376
2026-02-01,"BANK OF AMERICA, NATIONAL ASSOCIATION",1889,24,1.270513499205929,1835.6666666666667,285.4250631368358,2.905393136008712,0.18685581689007,11014.0,48.0,0.43580897040130745,0.8347045288046215,0.239687657417946
2026-03-01,"BANK OF AMERICA, NATIONAL ASSOCIATION",2222,16,0.7200720072007201,1868.3333333333333,276.9206865993703,18.92952720785014,1.2771406535558942,11210.0,61.0,0.544157002676182,0.17591500452453812,0.28194069602047434
2026-04-01,"BANK OF AMERICA, NATIONAL ASSOCIATION",2299,34,1.4789038712483689,1979.0,260.2752389298682,16.16978271854472,1.229467702404933,11874.0,68.0,0.5726798046151255,0.9062240666332434,0.29171091815979766
2026-05-01,"BANK OF AMERICA, NATIONAL ASSOCIATION",2214,22,0.9936766034327009,2084.5,235.10231815105524,6.212520988246582,0.5508240030061938,12507.0,96.0,0.7675701607100024,0.22610644272269853,0.28092560800599914
2026-06-01,"BANK OF AMERICA, NATIONAL ASSOCIATION",2146,0,0.0,2166.5,155.8111035837947,-0.946226632817909,-0.13156957064343727,12999.0,112.0,0.8616047388260636,-0.8616047388260636,0.27229735988296033
2025-06-01,BARCLAYS BANK DELAWARE,384,0,0.0,,,,,,,0.0,0.0,0.048724224694807444
2025-07-01,BARCLAYS BANK DELAWARE,479,0,0.0,,,,,,,0.0,0.0,0.06077839486669991
2025-08-01,BARCLAYS BANK DELAWARE,363,0,0.0,,,,,,,0.0,0.0,0.046059618656810165
2025-09-01,BARCLAYS BANK DELAWARE,420,0,0.0,408.6666666666667,61.8088451059663,2.773246329526912,0.18336102727535558,1226.0,0.0,0.0,0.0,0.05329212075994564
2025-10-01,BARCLAYS BANK DELAWARE,461,0,0.0,411.5,50.78385570237849,12.029161603888214,0.9747192156912505,1646.0,0.0,0.0,0.0,0.05849444683413081
2025-11-01,BARCLAYS BANK DELAWARE,471,0,0.0,421.4,49.237181072843725,11.770289511153305,1.0073687997413892,2107.0,0.0,0.0,0.0,0.05976330685222475
2025-12-01,BARCLAYS BANK DELAWARE,529,0,0.0,429.6666666666667,48.471297348705946,23.118696664080677,2.04932276969445,2578.0,0.0,0.0,0.0,0.06712269495716963
2026-01-01,BARCLAYS BANK DELAWARE,518,0,0.0,453.8333333333333,56.61242502019031,14.138817480719798,1.1334378741730675,2723.0,0.0,0.0,0.0,0.06572694893726629
2026-02-01,BARCLAYS BANK DELAWARE,433,0,0.0,460.3333333333333,62.05696307963088,-5.937726285300503,-0.44045554240640894,2762.0,0.0,0.0,0.0,0.05494163878346777
2026-03-01,BARCLAYS BANK DELAWARE,575,0,0.0,472.0,44.07266726668586,21.822033898305087,2.3370493865674606,2832.0,0.0,0.0,0.0,0.07295945104040177
2026-04-01,BARCLAYS BANK DELAWARE,497,0,0.0,497.8333333333333,52.178220232839244,-0.16739203213926637,-0.015970903752842876,2987.0,0.0,0.0,0.0,0.06306234289926901
2026-05-01,BARCLAYS BANK DELAWARE,493,0,0.0,503.8333333333333,49.073074762711535,-2.150181938471713,-0.22075921237291385,3023.0,0.0,0.0,0.0,0.06255479889203143
2026-06-01,BARCLAYS BANK DELAWARE,493,0,0.0,507.5,46.90309158253867,-2.857142857142857,-0.309148064887862,3045.0,0.0,0.0,0.0,0.06255479889203143
2025-06-01,"Block, Inc.",1194,354,29.64824120603015,,,,,,,0.0,29.64824120603015,0.1515018861604169
2025-07-01,"Block, Inc.",1272,232,18.238993710691823,,,,,,,0.0,18.238993710691823,0.16139899430154966
2025-08-01,"Block, Inc.",1254,33,2.631578947368421,,,,,,,0.0,2.631578947368421,0.15911504626898057
2025-09-01,"Block, Inc.",1022,21,2.054794520547945,1240.0,40.84115571332428,-17.580645161290324,-5.33775296493087,3720.0,619.0,16.63978494623656,-14.584990425688614,0.12967749384920105
2025-10-01,"Block, Inc.",1234,12,0.9724473257698543,1185.5,113.98684134583254,4.091100801349642,0.42548770917208334,4742.0,640.0,13.496415014761704,-12.52396768899185,0.15657732623279266
2025-11-01,"Block, Inc.",1095,36,3.287671232876712,1195.2,101.07027258299048,-8.383534136546187,-0.9913894307322082,5976.0,652.0,10.910307898259704,-7.622636665382992,0.13894017198128686
2025-12-01,"Block, Inc.",1416,16,1.1299435028248588,1178.5,99.22449294403071,20.15273652948664,2.39356224409195,7071.0,688.0,9.729882619148636,-8.599939116323778,0.17967057856210245
2026-01-01,"Block, Inc.",1484,29,1.954177897574124,1215.5,139.4126966958175,22.089675030851502,1.9259364918952555,7293.0,350.0,4.79912244618127,-2.8449445486071463,0.18829882668514125
2026-02-01,"Block, Inc.",1112,6,0.539568345323741,1250.8333333333333,178.0948249294927,-11.099267155229843,-0.7795472630285414,7505.0,147.0,1.9586942038640907,-1.4191258585403497,0.14109723401204655
2026-03-01,"Block, Inc.",1424,11,0.7724719101123595,1227.1666666666667,186.81158065459076,16.039657748200455,1.0536463138078813,7363.0,120.0,1.6297704739915795,-0.85729856387922,0.18068566657657759
2026-04-01,"Block, Inc.",1416,10,0.7062146892655368,1294.1666666666667,169.82863912387282,9.41403734707018,0.7173897992815461,7765.0,110.0,1.4166130070830651,-0.7103983178175284,0.17967057856210245
2026-05-01,"Block, Inc.",1193,4,0.3352891869237217,1324.5,173.15397771925407,-9.92827482068705,-0.7594396717423934,7947.0,108.0,1.3590033975084939,-1.023714210584772,0.1513750001586075
2026-06-01,"Block, Inc.",1388,12,0.8645533141210375,1340.8333333333333,150.28827854049894,3.517712865133629,0.3138412863911839,8045.0,76.0,0.944686140459913,-0.08013282633887542,0.1761177705114394
2025-06-01,"Bread Financial Holdings, Inc.",697,0,0.0,,,,,,,0.0,0.0,0.08843954326114788
2025-07-01,"Bread Financial Holdings, Inc.",780,0,0.0,,,,,,,0.0,0.0,0.09897108141132761
2025-08-01,"Bread Financial Holdings, Inc.",705,0,0.0,,,,,,,0.0,0.0,0.08945463127562304
2025-09-01,"Bread Financial Holdings, Inc.",838,0,0.0,727.3333333333334,45.78573285788198,15.215398716773596,2.4170557018312624,2182.0,0.0,0.0,0.0,0.10633046951627248
2025-10-01,"Bread Financial Holdings, Inc.",849,0,0.0,755.0,66.77823996882017,12.450331125827814,1.4076441673798246,3020.0,0.0,0.0,0.0,0.10772621553617583
2025-11-01,"Bread Financial Holdings, Inc.",891,0,0.0,773.8,71.49615374270144,15.146032566554672,1.6392490206085275,3869.0,0.0,0.0,0.0,0.1130554276121704
2025-12-01,"Bread Financial Holdings, Inc.",1182,0,0.0,793.3333333333334,79.86655536998369,48.99159663865545,4.866450855006319,4760.0,0.0,0.0,0.0,0.14997925413870417
2026-01-01,"Bread Financial Holdings, Inc.",1082,0,0.0,874.1666666666666,163.9944104738533,23.77502383222117,1.267319616155269,5245.0,0.0,0.0,0.0,0.1372906539577647
2026-02-01,"Bread Financial Holdings, Inc.",927,0,0.0,924.5,175.26979203502242,0.2704164413196322,0.014263724347321927,5547.0,0.0,0.0,0.0,0.1176233236773086
2026-03-01,"Bread Financial Holdings, Inc.",1088,0,0.0,961.5,139.43421387880386,13.156526261050441,0.907237875704981,5769.0,0.0,0.0,0.0,0.1380519699686211
2026-04-01,"Bread Financial Holdings, Inc.",1036,0,0.0,1003.1666666666666,132.31994054815274,3.272968931716236,0.2481359438140387,6019.0,0.0,0.0,0.0,0.13145389787453257
2026-05-01,"Bread Financial Holdings, Inc.",1034,0,0.0,1034.3333333333333,108.65112363278476,-0.032226877215590484,-0.003067923480109104,6206.0,0.0,0.0,0.0,0.13120012587091381
2026-06-01,"Bread Financial Holdings, Inc.",1049,0,0.0,1058.1666666666667,83.75300989616242,-0.8662781540400134,-0.10944880283146409,6349.0,0.0,0.0,0.0,0.13310341589805472
2025-06-01,"CAINE & WEINER COMPANY, INC.",264,0,0.0,,,,,,,0.0,0.0,0.03349790447768012
2025-07-01,"CAINE & WEINER COMPANY, INC.",323,0,0.0,,,,,,,0.0,0.0,0.040984178584434386
2025-08-01,"CAINE & WEINER COMPANY, INC.",312,4,1.282051282051282,,,,,,,0.0,1.282051282051282,0.03958843256453105
2025-09-01,"CAINE & WEINER COMPANY, INC.",320,0,0.0,299.6666666666667,31.374086972106983,6.785317018909893,0.6480932290208345,899.0,4.0,0.44493882091212456,-0.44493882091212456,0.0406035205790062
2025-10-01,"CAINE & WEINER COMPANY, INC.",387,3,0.7751937984496124,304.75,27.560539423845338,26.989335520918782,2.9843392661914816,1219.0,4.0,0.3281378178835111,0.44705598056610135,0.04910488270023562
2025-11-01,"CAINE & WEINER COMPANY, INC.",422,1,0.23696682464454977,321.2,43.84860317045459,31.382316313823168,2.2988189522971982,1606.0,7.0,0.43586550435865506,-0.1988986797141053,0.05354589276356443
2025-12-01,"CAINE & WEINER COMPANY, INC.",470,3,0.6382978723404255,338.0,56.847163517628566,39.053254437869825,2.322015591139674,2028.0,8.0,0.39447731755424065,0.2438205547861848,0.059636420850415366
2026-01-01,"CAINE & WEINER COMPANY, INC.",544,0,0.0,372.3333333333333,64.85882103975268,46.105640107430624,2.646774392668197,2234.0,11.0,0.4923903312444047,-0.4923903312444047,0.06902598498431055
2026-02-01,"CAINE & WEINER COMPANY, INC.",583,0,0.0,409.1666666666667,89.36311692564591,42.48472505091649,1.9452469801156373,2455.0,11.0,0.4480651731160896,-0.4480651731160896,0.07397453905487693
2026-03-01,"CAINE & WEINER COMPANY, INC.",744,3,0.4032258064516129,454.3333333333333,98.45337305885796,63.75641966250918,2.9421710772011487,2726.0,7.0,0.25678650036683787,0.146439306084775,0.09440318534618942
2026-04-01,"CAINE & WEINER COMPANY, INC.",616,2,0.3246753246753247,525.0,129.89534248771196,17.333333333333336,0.7005639944989449,3150.0,10.0,0.31746031746031744,0.00721500721500723,0.07816177711458694
2026-05-01,"CAINE & WEINER COMPANY, INC.",660,2,0.30303030303030304,563.1666666666666,113.89541986694044,17.19443622373484,0.8501951478510722,3379.0,9.0,0.2663509914175792,0.036679311612723864,0.0837447611942003
2026-06-01,"CAINE & WEINER COMPANY, INC.",645,0,0.0,602.8333333333334,94.72996709946987,6.994747027923687,0.445124895086157,3617.0,10.0,0.27647221454243853,-0.27647221454243853,0.08184147116705938
2025-06-01,CAPITAL ONE FINANCIAL CORPORATION,2291,0,0.0,,,,,,,0.0,0.0,0.2906958301453226
2025-07-01,CAPITAL ONE FINANCIAL CORPORATION,2505,0,0.0,,,,,,,0.0,0.0,0.31784943453253295
2025-08-01,CAPITAL ONE FINANCIAL CORPORATION,2446,1,0.04088307440719542,,,,,,,0.0,0.04088307440719542,0.31036316042577866
2025-09-01,CAPITAL ONE FINANCIAL CORPORATION,2580,0,0.0,2414.0,110.53053876644228,6.876553438276719,1.5018473794900074,7242.0,1.0,0.013808340237503451,-0.013808340237503451,0.3273658846682375
2025-10-01,CAPITAL ONE FINANCIAL CORPORATION,2374,0,0.0,2455.5,122.61185369558143,-3.319079617185909,-0.6646991913387654,9822.0,1.0,0.010181225819588679,-0.010181225819588679,0.3012273682955023
2025-11-01,CAPITAL ONE FINANCIAL CORPORATION,2456,1,0.04071661237785017,2439.2,112.26620150339103,0.6887504099704896,0.14964432549624238,12196.0,1.0,0.008199409642505739,0.032517202735344426,0.3116320204438726
2025-12-01,CAPITAL ONE FINANCIAL CORPORATION,2752,0,0.0,2442.0,100.64790112068904,12.694512694512694,3.0800443580862398,14652.0,2.0,0.013650013650013651,-0.013650013650013651,0.3491902769794534
2026-01-01,CAPITAL ONE FINANCIAL CORPORATION,2993,0,0.0,2518.8333333333335,133.06301765203847,18.824852775755964,3.5634744727240335,15113.0,2.0,0.013233639912657975,-0.013233639912657975,0.37976980341551736
2026-02-01,CAPITAL ONE FINANCIAL CORPORATION,2689,0,0.0,2600.1666666666665,233.87211605205698,3.416447663611313,0.3798372154530825,15601.0,2.0,0.012819691045445804,-0.012819691045445804,0.3411964588654615
2026-03-01,CAPITAL ONE FINANCIAL CORPORATION,2888,0,0.0,2640.6666666666665,222.60428267817954,9.366321635950523,1.1110897344724715,15844.0,1.0,0.006311537490532694,-0.006311537490532694,0.366446773225531
2026-04-01,CAPITAL ONE FINANCIAL CORPORATION,3278,0,0.0,2692.0,240.60174562957823,21.768202080237742,2.4355600515974,16152.0,1.0,0.006191183754333828,-0.006191183754333828,0.4159323139311948
2026-05-01,CAPITAL ONE FINANCIAL CORPORATION,3252,0,0.0,2842.6666666666665,281.2526740613627,14.39962476547843,1.4553935698546516,17056.0,1.0,0.005863039399624765,-0.005863039399624765,0.4126332778841505
2026-06-01,CAPITAL ONE FINANCIAL CORPORATION,3997,0,0.0,2975.3333333333335,248.17547555442974,34.33788931212188,4.116710824807486,17852.0,0.0,0.0,0.0,0.5071633492321493
2025-06-01,"CBC Companies, Inc.",2654,0,0.0,,,,,,,0.0,0.0,0.3367554488021327
2025-07-01,"CBC Companies, Inc.",3135,0,0.0,,,,,,,0.0,0.0,0.39778761567245147
2025-08-01,"CBC Companies, Inc.",2690,0,0.0,,,,,,,0.0,0.0,0.3413233448672709
2025-09-01,"CBC Companies, Inc.",2251,0,0.0,2826.3333333333335,267.9185199521178,-20.35617407713174,-2.1474190490308644,8479.0,0.0,0.0,0.0,0.28562039007294676
2025-10-01,"CBC Companies, Inc.",2380,0,0.0,2682.5,361.3940600876925,-11.276794035414724,-0.8370364469371694,10730.0,0.0,0.0,0.0,0.3019886843063586
2025-11-01,"CBC Companies, Inc.",2425,0,0.0,2622.0,340.9626079205754,-7.513348588863463,-0.5777759655272511,13110.0,0.0,0.0,0.0,0.3076985543877814
2025-12-01,"CBC Companies, Inc.",2210,0,0.0,2589.1666666666665,315.3927181573263,-14.64435146443514,-1.2022048856484,15535.0,0.0,0.0,0.0,0.28041806399876157
2026-01-01,"CBC Companies, Inc.",4644,0,0.0,2515.1666666666665,347.5833233437224,84.63985156715924,6.124670518867636,15091.0,0.0,0.0,0.0,0.5892585924028275
2026-02-01,"CBC Companies, Inc.",7453,0,0.0,2766.6666666666665,935.1251609633156,169.38554216867473,5.011450369387693,16600.0,0.0,0.0,0.0,0.9456813714854163
2026-03-01,"CBC Companies, Inc.",870,0,0.0,3560.5,2123.539945468415,-75.56522960258391,-1.266988174977101,21363.0,0.0,0.0,0.0,0.11039082157417311
2026-04-01,"CBC Companies, Inc.",736,0,0.0,3330.3333333333335,2355.981720359194,-77.90011009908918,-1.1011687021653973,19982.0,0.0,0.0,0.0,0.09338809733171427
2026-05-01,"CBC Companies, Inc.",1011,0,0.0,3056.3333333333335,2574.110538937026,-66.92114734431236,-0.7945786718926026,18338.0,0.0,0.0,0.0,0.12828174782929772
2026-06-01,"CBC Companies, Inc.",4564,0,0.0,2820.6666666666665,2704.8770520426,61.80571968801702,0.64451481519903,16924.0,0.0,0.0,0.0,0.579107712258076
2025-06-01,"CCS Financial Services, Inc.",590,230,38.983050847457626,,,,,,,0.0,38.983050847457626,0.07486274106754269
2025-07-01,"CCS Financial Services, Inc.",664,90,13.55421686746988,,,,,,,0.0,13.55421686746988,0.08425230520143787
2025-08-01,"CCS Financial Services, Inc.",649,358,55.1617873651772,,,,,,,0.0,55.1617873651772,0.08234901517429696
2025-09-01,"CCS Financial Services, Inc.",702,29,4.131054131054131,634.3333333333334,39.1194751157698,10.667367314766151,1.729743726530444,1903.0,678.0,35.62795585916973,-31.4969017281156,0.08907397327019485
2025-10-01,"CCS Financial Services, Inc.",786,37,4.707379134860051,651.25,46.5286649998328,20.690978886756238,2.896064178941825,2605.0,707.0,27.140115163147794,-22.432736028287742,0.099732397422184
2025-11-01,"CCS Financial Services, Inc.",841,26,3.0915576694411415,678.2,72.49275825901508,24.004718372161594,2.24574155970613,3391.0,744.0,21.940430551459748,-18.848872882018608,0.10671112752170069
2025-12-01,"CCS Financial Services, Inc.",994,0,0.0,705.3333333333334,92.85185332919674,40.926275992438555,3.108895044272606,4232.0,770.0,18.19470699432892,-18.19470699432892,0.12612468579853803
2026-01-01,"CCS Financial Services, Inc.",1102,1,0.09074410163339383,772.6666666666666,131.09640218810983,42.62295081967214,2.5121462361779687,4636.0,540.0,11.647972389991372,-11.557228288357978,0.1398283739939526
2026-02-01,"CCS Financial Services, Inc.",1108,2,0.18050541516245489,845.6666666666666,173.55652297354496,31.020890815924325,1.5115152622256702,5074.0,451.0,8.888450926290895,-8.70794551112844,0.14058969000480898
2026-03-01,"CCS Financial Services, Inc.",1396,2,0.14326647564469913,922.1666666666666,170.66741536294097,51.38261341044642,2.776355007929782,5533.0,95.0,1.716970901861558,-1.573704426216859,0.17713285852591457
2026-04-01,"CCS Financial Services, Inc.",1013,1,0.09871668311944717,1037.8333333333333,219.73112357303094,-2.3928055243295256,-0.1130169132598074,6227.0,68.0,1.0920186285530753,-0.9933019454336282,0.1285355198329165
2026-05-01,"CCS Financial Services, Inc.",866,0,0.0,1075.6666666666667,184.40028922609255,-19.49178803842579,-1.1370191855263045,6454.0,32.0,0.4958165478772854,-0.4958165478772854,0.10988327756693554
2026-06-01,"CCS Financial Services, Inc.",799,0,0.0,1079.8333333333333,178.2160673639349,-26.007099861089667,-1.5758025496087493,6479.0,6.0,0.09260688377836086,-0.09260688377836086,0.10138191544570611
2025-06-01,"CITIBANK, N.A.",1442,0,0.0,,,,,,,0.0,0.0,0.1829696146091467
2025-07-01,"CITIBANK, N.A.",1692,0,0.0,,,,,,,0.0,0.0,0.2146911150614953
2025-08-01,"CITIBANK, N.A.",1577,0,0.0,,,,,,,0.0,0.0,0.20009922485341494
2025-09-01,"CITIBANK, N.A.",1673,0,0.0,1570.3333333333333,125.13326229797309,6.537890044576527,0.8204586436993239,4711.0,0.0,0.0,0.0,0.2122802810271168
2025-10-01,"CITIBANK, N.A.",1755,1,0.056980056980056974,1596.0,114.34159348198713,9.962406015037594,1.3905700905335743,6384.0,0.0,0.0,0.056980056980056974,0.22268493317548713
2025-11-01,"CITIBANK, N.A.",1843,0,0.0,1627.8,121.90857229907995,13.2202973338248,1.7652573231031448,8139.0,1.0,0.012286521685710776,-0.012286521685710776,0.23385090133471384
2025-12-01,"CITIBANK, N.A.",2105,0,0.0,1663.6666666666667,140.02809241958087,26.527749949909836,3.1517485220816965,9982.0,1.0,0.010018032458425166,-0.010018032458425166,0.2670950338087752
2026-01-01,"CITIBANK, N.A.",2208,0,0.0,1774.1666666666667,184.61681035774268,24.452794739314225,2.349912407719911,10645.0,1.0,0.009394081728511038,-0.009394081728511038,0.2801642919951428
2026-02-01,"CITIBANK, N.A.",1914,0,0.0,1860.1666666666667,247.9922713849501,2.8940059134486114,0.21707665740022025,11161.0,1.0,0.008959770629871874,-0.008959770629871874,0.24285980746318087
2026-03-01,"CITIBANK, N.A.",2021,0,0.0,1916.3333333333333,205.56620993409098,5.461819446860328,0.5091627982061117,11498.0,1.0,0.008697164724299879,-0.008697164724299879,0.25643660965678605
2026-04-01,"CITIBANK, N.A.",2213,0,0.0,1974.3333333333333,169.0250474535263,12.088468681411452,1.4120195217356086,11846.0,1.0,0.008441668073611346,-0.008441668073611346,0.2807987220041898
2026-05-01,"CITIBANK, N.A.",2127,0,0.0,2050.6666666666665,152.8013961541807,3.7223667100130116,0.49955913528637597,12304.0,0.0,0.0,0.0,0.26988652584858186
2026-06-01,"CITIBANK, N.A.",2126,0,0.0,2098.0,114.89125293076151,1.334604385128694,0.24370871833797497,12588.0,0.0,0.0,0.0,0.2697596398467725
2025-06-01,CL Holdings LLC,1200,0,0.0,,,,,,,0.0,0.0,0.15226320217127326
2025-07-01,CL Holdings LLC,1338,0,0.0,,,,,,,0.0,0.0,0.16977347042096969
2025-08-01,CL Holdings LLC,1280,0,0.0,,,,,,,0.0,0.0,0.1624140823160248
2025-09-01,CL Holdings LLC,1344,0,0.0,1272.6666666666667,69.29165413910489,5.6050288108957504,1.0294650087314936,3818.0,0.0,0.0,0.0,0.17053478643182604
2025-10-01,CL Holdings LLC,1499,0,0.0,1290.5,66.88049042882385,16.156528477334366,3.117501062912984,5162.0,0.0,0.0,0.0,0.19020211671228218
2025-11-01,CL Holdings LLC,1414,0,0.0,1332.2,109.76884803986965,6.140219186308358,0.7452023179681088,6661.0,0.0,0.0,0.0,0.17941680655848366
2025-12-01,CL Holdings LLC,1731,0,0.0,1345.8333333333333,103.7042268505323,28.61919504643964,3.7140884066548514,8075.0,0.0,0.0,0.0,0.21963966913206168
2026-01-01,CL Holdings LLC,2180,0,0.0,1434.3333333333333,163.6247740003531,51.98698582384383,4.557174616265979,8606.0,0.0,0.0,0.0,0.27661148394447976
2026-02-01,CL Holdings LLC,2808,0,0.0,1574.6666666666667,335.3933014636199,78.32345469940726,3.6772747933581282,9448.0,0.0,0.0,0.0,0.3562958930807794
2026-03-01,CL Holdings LLC,3567,0,0.0,1829.3333333333333,567.0265131955176,94.98906705539359,3.0645245437888335,10976.0,0.0,0.0,0.0,0.4526023684541098
2026-04-01,CL Holdings LLC,2739,1,0.03650967506389193,2199.8333333333335,844.7379278016741,24.509432532767626,0.6382650156004964,13199.0,0.0,0.0,0.03650967506389193,0.34754075895593123
2026-05-01,CL Holdings LLC,2580,0,0.0,2406.5,788.8190540295029,7.209640556825265,0.21994904802782675,14439.0,1.0,0.006925687374471916,-0.006925687374471916,0.3273658846682375
2026-06-01,CL Holdings LLC,2692,0,0.0,2600.8333333333335,621.2295603612777,3.5052867670618335,0.14675197782547292,15605.0,1.0,0.006408202499198975,-0.006408202499198975,0.3415771168708897
2025-06-01,CREDIT ACCEPTANCE CORPORATION,248,0,0.0,,,,,,,0.0,0.0,0.031467728448729804
2025-07-01,CREDIT ACCEPTANCE CORPORATION,317,2,0.6309148264984227,,,,,,,0.0,0.6309148264984227,0.040222862573578023
2025-08-01,CREDIT ACCEPTANCE CORPORATION,291,0,0.0,,,,,,,0.0,0.0,0.03692382652653377
2025-09-01,CREDIT ACCEPTANCE CORPORATION,338,1,0.2958579881656805,285.3333333333333,34.847285881877994,18.457943925233653,1.5113563462357191,856.0,2.0,0.23364485981308408,0.0622131283525964,0.0428874686115753
2025-10-01,CREDIT ACCEPTANCE CORPORATION,265,1,0.37735849056603776,298.5,38.76854394996026,-11.222780569514237,-0.8641026096631194,1194.0,3.0,0.25125628140703515,0.1261022091590026,0.03362479047948951
2025-11-01,CREDIT ACCEPTANCE CORPORATION,322,0,0.0,291.8,36.765472933174685,10.349554489376281,0.8214228620121882,1459.0,4.0,0.2741603838245374,-0.2741603838245374,0.04085729258262499
2025-12-01,CREDIT ACCEPTANCE CORPORATION,360,0,0.0,296.8333333333333,35.11932041863377,21.280179674340268,1.7986300963031001,1781.0,4.0,0.22459292532285235,-0.22459292532285235,0.04567896065138198
2026-01-01,CREDIT ACCEPTANCE CORPORATION,344,0,0.0,315.5,33.709049230139954,9.033280507131538,0.8454703010287684,1893.0,4.0,0.21130480718436345,-0.21130480718436345,0.04364878462243167
2026-02-01,CREDIT ACCEPTANCE CORPORATION,318,1,0.3144654088050315,320.0,35.693136595149475,-0.625,-0.05603318146805261,1920.0,2.0,0.10416666666666667,0.2102987421383648,0.040349748575387416
2026-03-01,CREDIT ACCEPTANCE CORPORATION,340,2,0.5882352941176471,324.5,32.898328225002544,4.776579352850539,0.47114856092353313,1947.0,3.0,0.15408320493066258,0.4341520891869845,0.04314124061519409
2026-04-01,CREDIT ACCEPTANCE CORPORATION,287,0,0.0,324.8333333333333,33.072143363662796,-11.646998460749098,-1.143963755760135,1949.0,4.0,0.2052334530528476,-0.2052334530528476,0.03641628251929619
2026-05-01,CREDIT ACCEPTANCE CORPORATION,267,0,0.0,328.5,25.453879861427776,-18.72146118721461,-2.416134606386498,1971.0,3.0,0.15220700152207,-0.15220700152207,0.033878562483108304
2026-06-01,CREDIT ACCEPTANCE CORPORATION,258,1,0.3875968992248062,319.3333333333333,35.98703470232948,-19.206680584551144,-1.704317508810003,1916.0,3.0,0.15657620041753653,0.2310206988072697,0.03273658846682375
2025-06-01,Chime Financial Inc,572,0,0.0,,,,,,,0.0,0.0,0.0725787930349736
2025-07-01,Chime Financial Inc,611,0,0.0,,,,,,,0.0,0.0,0.07752734710553998
2025-08-01,Chime Financial Inc,699,0,0.0,,,,,,,0.0,0.0,0.08869331526476668
2025-09-01,Chime Financial Inc,693,0,0.0,627.3333333333334,65.056385799807,10.467587672688621,1.0093807988156243,1882.0,0.0,0.0,0.0,0.08793199925391032
2025-10-01,Chime Financial Inc,1513,0,0.0,643.75,62.44664389167229,135.02912621359224,13.919883372882442,2575.0,0.0,0.0,0.0,0.1919785207376137
2025-11-01,Chime Financial Inc,946,0,0.0,817.6,392.4841398069481,15.704500978473579,0.3271469773610631,4088.0,0.0,0.0,0.0,0.1200341577116871
2025-12-01,Chime Financial Inc,1080,0,0.0,839.0,354.9405584037981,28.72467222884386,0.678986929765931,5034.0,0.0,0.0,0.0,0.13703688195414593
2026-01-01,Chime Financial Inc,985,0,0.0,923.6666666666666,338.73155546341803,6.640202093107186,0.18106766949841255,5542.0,0.0,0.0,0.0,0.12498271178225347
2026-02-01,Chime Financial Inc,850,0,0.0,986.0,302.1205057588776,-13.793103448275861,-0.4501515038126595,5916.0,0.0,0.0,0.0,0.10785310153798523
2026-03-01,Chime Financial Inc,1052,1,0.09505703422053231,1011.1666666666666,278.8228230734827,4.038239657161698,0.14644903485024932,6067.0,0.0,0.0,0.09505703422053231,0.13348407390348288
2026-04-01,Chime Financial Inc,1021,0,0.0,1071.0,231.3732914577652,-4.6685340802987865,-0.21610100148109354,6426.0,1.0,0.015561780267662622,-0.015561780267662622,0.12955060784739167
2026-05-01,Chime Financial Inc,1130,0,0.0,989.0,83.0180703220691,14.256825075834175,1.6984254085043131,5934.0,1.0,0.016852039096730706,-0.016852039096730706,0.14338118204461567
2026-06-01,Chime Financial Inc,1179,0,0.0,1019.6666666666666,96.79807160613616,15.626021575678331,1.6460383010691404,6118.0,1.0,0.016345210853220007,-0.016345210853220007,0.14959859613327597
2025-06-01,DISCOVER BANK,733,0,0.0,,,,,,,0.0,0.0,0.09300743932628609
2025-07-01,DISCOVER BANK,854,0,0.0,,,,,,,0.0,0.0,0.1083606455452228
2025-08-01,DISCOVER BANK,783,0,0.0,,,,,,,0.0,0.0,0.09935173941675579
2025-09-01,DISCOVER BANK,693,0,0.0,790.0,60.802960454241045,-12.278481012658228,-1.5953170581718639,2370.0,0.0,0.0,0.0,0.08793199925391032
2025-10-01,DISCOVER BANK,529,0,0.0,765.75,69.4040104508858,-30.917401240613778,-3.41118616146163,3063.0,0.0,0.0,0.0,0.06712269495716963
2025-11-01,DISCOVER BANK,579,0,0.0,718.4,121.74892196647984,-19.404231625835187,-1.1449793373807438,3592.0,0.0,0.0,0.0,0.07346699504763936
2025-12-01,DISCOVER BANK,678,0,0.0,695.1666666666666,122.86971419624392,-2.4694317909374197,-0.13971438591652074,4171.0,0.0,0.0,0.0,0.0860287092267694
2026-01-01,DISCOVER BANK,698,0,0.0,686.0,121.52695174322443,1.749271137026239,0.09874352831094559,4116.0,0.0,0.0,0.0,0.08856642926295728
2026-02-01,DISCOVER BANK,659,0,0.0,660.0,91.33236009213817,-0.15151515151515152,-0.010949021781449391,3960.0,0.0,0.0,0.0,0.0836178751923909
2026-03-01,DISCOVER BANK,532,0,0.0,639.3333333333334,69.3070462988191,-16.788321167883215,-1.5486640834549918,3836.0,0.0,0.0,0.0,0.06750335296259782
2026-04-01,DISCOVER BANK,0,0,0.0,612.5,75.2828001604615,-100.0,-8.135988548439844,3675.0,0.0,0.0,0.0,0.0
2026-05-01,DISCOVER BANK,0,0,0.0,524.3333333333334,264.53027551996126,-100.0,-1.9821297668204618,3146.0,0.0,0.0,0.0,0.0
2026-06-01,DISCOVER BANK,0,0,0.0,427.8333333333333,336.43567983593323,-100.0,-1.2716645676284133,2567.0,0.0,0.0,0.0,0.0
2025-06-01,ENCORE CAPITAL GROUP INC.,1173,0,0.0,,,,,,,0.0,0.0,0.14883728012241962
2025-07-01,ENCORE CAPITAL GROUP INC.,1390,2,0.14388489208633093,,,,,,,0.0,0.14388489208633093,0.17637154251505818
2025-08-01,ENCORE CAPITAL GROUP INC.,1446,0,0.0,,,,,,,0.0,0.0,0.18347715861638428
2025-09-01,ENCORE CAPITAL GROUP INC.,1573,0,0.0,1336.3333333333333,144.19546918448353,17.710152157645304,1.6412905898164918,4009.0,2.0,0.04988775255674732,-0.04988775255674732,0.19959168084617734
2025-10-01,ENCORE CAPITAL GROUP INC.,1746,0,0.0,1395.5,166.92613136754036,25.116445718380508,2.0997311632908096,5582.0,2.0,0.03582945180938731,-0.03582945180938731,0.22154295915920258
2025-11-01,ENCORE CAPITAL GROUP INC.,1726,0,0.0,1465.6,213.23297118410187,17.767467248908304,1.2211995103476516,7328.0,2.0,0.02729257641921397,-0.02729257641921397,0.21900523912301473
2025-12-01,ENCORE CAPITAL GROUP INC.,2076,0,0.0,1509.0,218.34834553987355,37.57455268389662,2.596768015796381,9054.0,2.0,0.02208968411751712,-0.02208968411751712,0.2634153397563027
2026-01-01,ENCORE CAPITAL GROUP INC.,2175,0,0.0,1659.5,249.42794550731483,31.063573365471527,2.066729126728433,9957.0,2.0,0.02008637139700713,-0.02008637139700713,0.2759770539354328
2026-02-01,ENCORE CAPITAL GROUP INC.,2027,0,0.0,1790.3333333333333,283.36454730023416,13.21913982498604,0.8352021059850883,10742.0,0.0,0.0,0.0,0.25719792566764244
2026-03-01,ENCORE CAPITAL GROUP INC.,2603,0,0.0,1887.1666666666667,237.76578110961765,37.93164355736111,3.010665916653966,11323.0,0.0,0.0,0.0,0.33028426270985356
2026-04-01,ENCORE CAPITAL GROUP INC.,2074,0,0.0,2058.8333333333335,322.354721799862,0.7366631587468556,0.04704961845132497,12353.0,0.0,0.0,0.0,0.26316156775268396
2026-05-01,ENCORE CAPITAL GROUP INC.,2131,0,0.0,2113.5,284.2525285727458,0.8280104092737165,0.06156497564988734,12681.0,0.0,0.0,0.0,0.27039406985581943
2026-06-01,ENCORE CAPITAL GROUP INC.,2321,0,0.0,2181.0,212.98356744124558,6.419073819348922,0.6573277069303523,13086.0,0.0,0.0,0.0,0.2945024101996044
2025-06-01,"EQUIFAX, INC.",134360,0,0.0,,,,,,,0.0,0.0,17.04840320311023
2025-07-01,"EQUIFAX, INC.",154895,0,0.0,,,,,,,0.0,0.0,19.654007250266144
2025-08-01,"EQUIFAX, INC.",158874,0,0.0,,,,,,,0.0,0.0,20.158886651465725
2025-09-01,"EQUIFAX, INC.",161574,0,0.0,149376.33333333334,13155.827998774279,8.16572906462201,0.927168298932086,448129.0,0.0,0.0,0.0,20.50147885635109
2025-10-01,"EQUIFAX, INC.",167451,0,0.0,152425.75,12352.313207789593,9.857422384341229,1.2163915978526842,609703.0,0.0,0.0,0.0,21.2471878889849
2025-11-01,"EQUIFAX, INC.",157920,0,0.0,155430.8,12632.749451326896,1.6014843904811737,0.19704340765964892,777154.0,0.0,0.0,0.0,20.037837405739563
2025-12-01,"EQUIFAX, INC.",159141,0,0.0,155845.66666666666,11344.680386272092,2.1144850567976503,0.2904738803678367,935074.0,0.0,0.0,0.0,20.19276521394883
2026-01-01,"EQUIFAX, INC.",152968,0,0.0,159975.83333333334,4251.695069812365,-4.380557480036053,-1.648244574990796,959855.0,0.0,0.0,0.0,19.40949792477944
2026-02-01,"EQUIFAX, INC.",141995,0,0.0,159654.66666666666,4755.218761178788,-11.061165348543936,-3.7137443204166996,957928.0,0.0,0.0,0.0,18.017177826924957
2026-03-01,"EQUIFAX, INC.",170364,0,0.0,156841.5,8681.376313695879,8.621761459817714,1.5576447226077146,941049.0,0.0,0.0,0.0,21.616806812255664
2026-04-01,"EQUIFAX, INC.",167283,0,0.0,158306.5,10241.245759183788,5.670329392665494,0.8765046959204515,949839.0,0.0,0.0,0.0,21.22587104068092
2026-05-01,"EQUIFAX, INC.",172787,0,0.0,158278.5,10211.430276900486,9.16643763998269,1.4208097794899521,949671.0,0.0,0.0,0.0,21.924251594639827
2026-06-01,"EQUIFAX, INC.",195317,0,0.0,160756.33333333334,11788.949430151391,21.498790094324942,2.9316154820610536,964538.0,0.0,0.0,0.0,24.782993215405483
2025-06-01,"Early Warning Services, LLC",468,0,0.0,,,,,,,0.0,0.0,0.059382648846796574
2025-07-01,"Early Warning Services, LLC",589,0,0.0,,,,,,,0.0,0.0,0.0747358550657333
2025-08-01,"Early Warning Services, LLC",579,0,0.0,,,,,,,0.0,0.0,0.07346699504763936
2025-09-01,"Early Warning Services, LLC",455,2,0.43956043956043955,545.3333333333334,67.15901527965796,-16.564792176039127,-1.3450663765270359,1636.0,0.0,0.0,0.43956043956043955,0.05773313082327445
2025-10-01,"Early Warning Services, LLC",1249,0,0.0,522.75,71.04165444770179,138.92874222859876,10.22287565859883,2091.0,2.0,0.09564801530368246,-0.09564801530368246,0.1584806162599336
2025-11-01,"Early Warning Services, LLC",451,0,0.0,668.0,330.5646684084674,-32.48502994011976,-0.6564524909596828,3340.0,2.0,0.059880239520958084,-0.059880239520958084,0.05722558681603687
2025-12-01,"Early Warning Services, LLC",611,0,0.0,631.8333333333334,308.6528254636051,-3.297283038776054,-0.06749762715452588,3791.0,2.0,0.052756528620416784,-0.052756528620416784,0.07752734710553998
2026-01-01,"Early Warning Services, LLC",535,0,0.0,655.6666666666666,298.83685627222536,-18.403660396542953,-0.4037877662477662,3934.0,2.0,0.05083884087442806,-0.05083884087442806,0.067884010968026
2026-02-01,"Early Warning Services, LLC",468,0,0.0,646.6666666666666,302.042160412527,-27.62886597938144,-0.5915288992193838,3880.0,2.0,0.051546391752577324,-0.051546391752577324,0.059382648846796574
2026-03-01,"Early Warning Services, LLC",528,0,0.0,628.1666666666666,310.30205714217664,-15.94587423719819,-0.32280374674013673,3769.0,2.0,0.05306447333510214,-0.05306447333510214,0.06699580895536024
2026-04-01,"Early Warning Services, LLC",581,0,0.0,640.3333333333334,303.5112298855953,-9.266007287870906,-0.19548974631251145,3842.0,0.0,0.0,0.0,0.07372076705125813
2026-05-01,"Early Warning Services, LLC",533,0,0.0,529.0,62.08059278067504,0.7561436672967864,0.06443237444802803,3174.0,0.0,0.0,0.0,0.0676302389644072
2026-06-01,"Early Warning Services, LLC",461,0,0.0,542.6666666666666,49.15553546312631,-15.049140049140044,-1.6613930841609552,3256.0,0.0,0.0,0.0,0.05849444683413081
2025-06-01,Experian Information Solutions Inc.,107583,0,0.0,,,,,,,0.0,0.0,13.650776732660075
2025-07-01,Experian Information Solutions Inc.,123383,0,0.0,,,,,,,0.0,0.0,15.655575561248508
2025-08-01,Experian Information Solutions Inc.,123539,0,0.0,,,,,,,0.0,0.0,15.675369777530774
2025-09-01,Experian Information Solutions Inc.,126060,0,0.0,118168.33333333333,9167.499404599565,6.678326116697936,0.8608308894688582,354505.0,0.0,0.0,0.0,15.995249388092256
2025-10-01,Experian Information Solutions Inc.,130273,0,0.0,120141.25,8461.577724238747,8.433198422689959,1.1973830803417351,480565.0,0.0,0.0,0.0,16.529820113715235
2025-11-01,Experian Information Solutions Inc.,125933,0,0.0,122167.6,8615.636645077368,3.0821592631761563,0.4370425721413628,610838.0,0.0,0.0,0.0,15.979134865862463
2025-12-01,Experian Information Solutions Inc.,128348,27,0.02103655686103406,122795.16666666667,7857.887462076985,4.522029232963834,0.7066572739978656,736771.0,0.0,0.0,0.02103655686103406,16.285564560232153
2026-01-01,Experian Information Solutions Inc.,142315,0,0.0,126256.0,2694.131251442656,12.719395513876568,5.960734092446577,757536.0,27.0,0.0035641870485363073,-0.0035641870485363073,18.057781347503962
2026-02-01,Experian Information Solutions Inc.,143472,0,0.0,129411.33333333333,6725.95416774948,10.86509682305002,2.0905088432042356,776468.0,27.0,0.0034772843182204545,-0.0034772843182204545,18.20458845159743
2026-03-01,Experian Information Solutions Inc.,166819,0,0.0,132733.5,8039.771109925945,25.679651331427255,4.239610746867887,796401.0,27.0,0.0033902518957158517,-0.0033902518957158517,21.166995935841364
2026-04-01,Experian Information Solutions Inc.,170809,10,0.0058544924447775,139526.66666666666,15255.114718240118,22.4203258636342,2.0506127886360583,837160.0,27.0,0.0032251899278513065,0.0026293025169261933,21.673271083060847
2026-05-01,Experian Information Solutions Inc.,181834,0,0.0,146282.66666666666,18882.189710588813,24.303175586991404,1.8827971690908685,877696.0,37.0,0.004215582616304506,-0.004215582616304506,23.072189253009416
2026-06-01,Experian Information Solutions Inc.,226785,0,0.0,155599.5,20550.68616615997,45.74918299866002,3.46389893867478,933597.0,37.0,0.003963166119856855,-0.003963166119856855,28.775841920343503
2025-06-01,"Fidelity National Information Services, Inc. (FNIS)",452,0,0.0,,,,,,,0.0,0.0,0.05735247281784626
2025-07-01,"Fidelity National Information Services, Inc. (FNIS)",654,0,0.0,,,,,,,0.0,0.0,0.08298344518334393
2025-08-01,"Fidelity National Information Services, Inc. (FNIS)",589,0,0.0,,,,,,,0.0,0.0,0.0747358550657333
2025-09-01,"Fidelity National Information Services, Inc. (FNIS)",539,0,0.0,565.0,103.11643903859365,-4.601769911504425,-0.2521421437979342,1695.0,0.0,0.0,0.0,0.06839155497526357
2025-10-01,"Fidelity National Information Services, Inc. (FNIS)",462,0,0.0,558.5,85.19194015085387,-17.278424350940018,-1.1327362638897807,2234.0,0.0,0.0,0.0,0.05862133283594021
2025-11-01,"Fidelity National Information Services, Inc. (FNIS)",575,0,0.0,539.2,85.47338767125122,6.63946587537091,0.4188438176534473,2696.0,0.0,0.0,0.0,0.07295945104040177
2025-12-01,"Fidelity National Information Services, Inc. (FNIS)",623,0,0.0,545.1666666666666,77.8342255480625,14.276979516967298,0.9999885369871306,3271.0,0.0,0.0,0.0,0.0790499791272527
2026-01-01,"Fidelity National Information Services, Inc. (FNIS)",668,0,0.0,573.6666666666666,67.52086097397353,16.443927948866946,1.3970990886756456,3442.0,0.0,0.0,0.0,0.08475984920867545
2026-02-01,"Fidelity National Information Services, Inc. (FNIS)",730,0,0.0,576.0,71.00422522639053,26.73611111111111,2.1688850136591866,3456.0,0.0,0.0,0.0,0.0926267813208579
2026-03-01,"Fidelity National Information Services, Inc. (FNIS)",706,0,0.0,599.5,95.3325757545656,17.764804003336113,1.1171417446454506,3597.0,0.0,0.0,0.0,0.08958151727743244
2026-04-01,"Fidelity National Information Services, Inc. (FNIS)",608,0,0.0,627.3333333333334,98.46352962730235,-3.081827842720516,-0.19635019592038422,3764.0,0.0,0.0,0.0,0.07714668910011178
2026-05-01,"Fidelity National Information Services, Inc. (FNIS)",662,0,0.0,651.6666666666666,59.93552090927915,1.5856777493606196,0.17240750020299858,3910.0,0.0,0.0,0.0,0.08399853319781908
2026-06-01,"Fidelity National Information Services, Inc. (FNIS)",654,0,0.0,666.1666666666666,46.75218354971916,-1.826369777332994,-0.2602373994730715,3997.0,0.0,0.0,0.0,0.08298344518334393
2025-06-01,GOLDMAN SACHS BANK USA,439,0,0.0,,,,,,,0.0,0.0,0.05570295479432413
2025-07-01,GOLDMAN SACHS BANK USA,453,0,0.0,,,,,,,0.0,0.0,0.05747935881965566
2025-08-01,GOLDMAN SACHS BANK USA,419,1,0.23866348448687352,,,,,,,0.0,0.23866348448687352,0.05316523475813624
2025-09-01,GOLDMAN SACHS BANK USA,384,0,0.0,437.0,17.08800749063506,-12.128146453089245,-3.1015904006974604,1311.0,1.0,0.07627765064836003,-0.07627765064836003,0.048724224694807444
2025-10-01,GOLDMAN SACHS BANK USA,441,0,0.0,423.75,29.948567021923882,4.070796460176991,0.5759874917344833,1695.0,1.0,0.058997050147492625,-0.058997050147492625,0.05595672679794292
2025-11-01,GOLDMAN SACHS BANK USA,517,0,0.0,427.2,27.059194370860343,21.020599250936336,3.31865017003996,2136.0,1.0,0.04681647940074907,-0.04681647940074907,0.06560006293545691
2025-12-01,GOLDMAN SACHS BANK USA,633,0,0.0,442.1666666666667,43.929109559228124,43.15868827742178,4.344120225702258,2653.0,1.0,0.03769317753486619,-0.03769317753486619,0.08031883914534664
2026-01-01,GOLDMAN SACHS BANK USA,662,0,0.0,474.5,89.20033632223594,39.51527924130664,2.1020100117409517,2847.0,1.0,0.035124692658939236,-0.035124692658939236,0.08399853319781908
2026-02-01,GOLDMAN SACHS BANK USA,542,1,0.18450184501845018,509.3333333333333,115.92871372816433,6.41361256544503,0.28178236104012316,3056.0,1.0,0.032722513089005235,0.15177933192944495,0.06877221298069176
2026-03-01,GOLDMAN SACHS BANK USA,684,0,0.0,529.8333333333334,107.31526763078344,29.097200377477183,1.4365771997799486,3179.0,1.0,0.031456432840515886,-0.031456432840515886,0.08679002523762576
2026-04-01,GOLDMAN SACHS BANK USA,531,0,0.0,579.8333333333334,94.95560366121993,-8.421960333429153,-0.5142754239924548,3479.0,1.0,0.028743891922966367,-0.028743891922966367,0.06737646696078842
2026-05-01,GOLDMAN SACHS BANK USA,522,1,0.19157088122605362,594.8333333333334,73.27050338756167,-12.244326141776414,-0.9940334782208892,3569.0,1.0,0.02801905295601009,0.16355182827004353,0.06623449294450387
2026-06-01,GOLDMAN SACHS BANK USA,513,0,0.0,595.6666666666666,72.22926461391314,-13.878007834359257,-1.1445037840070018,3574.0,2.0,0.05595970900951316,-0.05595970900951316,0.06509251892821932
2025-06-01,"I.C. System, Inc.",424,0,0.0,,,,,,,0.0,0.0,0.05379966476718322
2025-07-01,"I.C. System, Inc.",488,0,0.0,,,,,,,0.0,0.0,0.06192036888298447
2025-08-01,"I.C. System, Inc.",396,0,0.0,,,,,,,0.0,0.0,0.05024685671652018
2025-09-01,"I.C. System, Inc.",395,0,0.0,436.0,47.15930449020638,-9.403669724770642,-0.8693936529219702,1308.0,0.0,0.0,0.0,0.05011997071471078
2025-10-01,"I.C. System, Inc.",458,0,0.0,425.75,43.62243306679107,7.574867880211392,0.739298515298802,1703.0,0.0,0.0,0.0,0.058113788828702634
2025-11-01,"I.C. System, Inc.",495,0,0.0,432.2,40.43760625952036,14.530310041647388,1.5530098294385266,2161.0,0.0,0.0,0.0,0.06280857089565023
2025-12-01,"I.C. System, Inc.",538,0,0.0,442.6666666666667,44.33358395919134,21.536144578313248,2.1503637833811675,2656.0,0.0,0.0,0.0,0.06826466897345418
2026-01-01,"I.C. System, Inc.",751,0,0.0,461.6666666666667,57.273612306774126,62.67148014440432,5.051773786915689,2770.0,0.0,0.0,0.0,0.09529138735885519
2026-02-01,"I.C. System, Inc.",703,0,0.0,505.5,132.58468991554042,39.0702274975272,1.4896139224356308,3033.0,0.0,0.0,0.0,0.08920085927200426
2026-03-01,"I.C. System, Inc.",1003,0,0.0,556.6666666666666,140.8554814931484,80.17964071856288,3.1687324383967566,3340.0,0.0,0.0,0.0,0.12726665981482255
2026-04-01,"I.C. System, Inc.",714,0,0.0,658.0,205.26470714665004,8.51063829787234,0.27281845368571406,3948.0,0.0,0.0,0.0,0.09059660529190759
2026-05-01,"I.C. System, Inc.",714,0,0.0,700.6666666666666,180.4889654983558,1.9029495718363518,0.07387339883365243,4204.0,0.0,0.0,0.0,0.09059660529190759
2026-06-01,"I.C. System, Inc.",780,0,0.0,737.1666666666666,150.17778353227442,5.8105358354058385,0.28521750904738946,4423.0,0.0,0.0,0.0,0.09897108141132761
2025-06-01,JPMORGAN CHASE & CO.,1856,0,0.0,,,,,,,0.0,0.0,0.23550041935823599
2025-07-01,JPMORGAN CHASE & CO.,2177,0,0.0,,,,,,,0.0,0.0,0.27623082593905157
2025-08-01,JPMORGAN CHASE & CO.,2009,0,0.0,,,,,,,0.0,0.0,0.2549139776350733
2025-09-01,JPMORGAN CHASE & CO.,2032,0,0.0,2014.0,160.5584005899411,0.893743793445879,0.112108740083748,6042.0,0.0,0.0,0.0,0.2578323556766894
2025-10-01,JPMORGAN CHASE & CO.,2073,0,0.0,2018.5,131.403957322449,2.7000247708694576,0.41475158823614244,8074.0,0.0,0.0,0.0,0.2630346817508746
2025-11-01,JPMORGAN CHASE & CO.,2069,0,0.0,2029.4,116.37998109640678,1.9513156598009218,0.3402647055527194,10147.0,0.0,0.0,0.0,0.26252713774363695
2025-12-01,JPMORGAN CHASE & CO.,2402,0,0.0,2036.0,105.341349905913,17.976424361493123,3.474419117724404,12216.0,0.0,0.0,0.0,0.3047801763461653
2026-01-01,JPMORGAN CHASE & CO.,2554,0,0.0,2127.0,146.52917798172484,20.07522331922896,2.914095375961609,12762.0,0.0,0.0,0.0,0.3240668486211933
2026-02-01,JPMORGAN CHASE & CO.,2187,0,0.0,2189.8333333333335,229.5625550185976,-0.12938579800594344,-0.01234231485663656,13139.0,0.0,0.0,0.0,0.2774996859571455
2026-03-01,JPMORGAN CHASE & CO.,2453,0,0.0,2219.5,212.37772952925167,10.520387474656454,1.0994561459789929,13317.0,0.0,0.0,0.0,0.3112513624384444
2026-04-01,JPMORGAN CHASE & CO.,2407,0,0.0,2289.6666666666665,207.53184494594234,5.124472266705495,0.5653750794915178,13738.0,0.0,0.0,0.0,0.3054146063552123
2026-05-01,JPMORGAN CHASE & CO.,2236,0,0.0,2345.3333333333335,180.8741735756287,-4.661739624786817,-0.604471778208944,14072.0,0.0,0.0,0.0,0.28371710004580586
2026-06-01,JPMORGAN CHASE & CO.,2395,0,0.0,2373.1666666666665,137.4938786516209,0.9200084275581215,0.15879494816386938,14239.0,0.0,0.0,0.0,0.30389197433349957
2025-06-01,"Kriya Capital, LLC",420,0,0.0,,,,,,,0.0,0.0,0.05329212075994564
2025-07-01,"Kriya Capital, LLC",459,0,0.0,,,,,,,0.0,0.0,0.058240674830512026
2025-08-01,"Kriya Capital, LLC",436,0,0.0,,,,,,,0.0,0.0,0.055322296788895955
2025-09-01,"Kriya Capital, LLC",487,0,0.0,438.3333333333333,19.60442127004348,11.10266159695818,2.482433222399263,1315.0,0.0,0.0,0.0,0.06179348288117507
2025-10-01,"Kriya Capital, LLC",544,0,0.0,450.5,29.12616235162699,20.754716981132077,3.2101723141970018,1802.0,0.0,0.0,0.0,0.06902598498431055
2025-11-01,"Kriya Capital, LLC",588,0,0.0,469.2,48.83339021612159,25.31969309462916,2.4327616713528935,2346.0,0.0,0.0,0.0,0.07460896906392389
2025-12-01,"Kriya Capital, LLC",581,0,0.0,489.0,65.26867548832288,18.813905930470348,1.4095582499825599,2934.0,0.0,0.0,0.0,0.07372076705125813
2026-01-01,"Kriya Capital, LLC",741,0,0.0,515.8333333333334,64.31614623612539,43.651050080775434,3.5009352992016485,3095.0,0.0,0.0,0.0,0.09402252734076123
2026-02-01,"Kriya Capital, LLC",638,0,0.0,562.8333333333334,104.78438178787266,13.355048859934845,0.7173460909359121,3377.0,0.0,0.0,0.0,0.08095326915439362
2026-03-01,"Kriya Capital, LLC",899,0,0.0,596.5,86.78882416532667,50.71248952221291,3.485471809408992,3579.0,0.0,0.0,0.0,0.11407051562664557
2026-04-01,"Kriya Capital, LLC",804,0,0.0,665.1666666666666,133.3317916577538,20.8719619143072,1.0412620396619385,3991.0,0.0,0.0,0.0,0.10201634545475308
2026-05-01,"Kriya Capital, LLC",819,0,0.0,708.5,128.2290918629622,15.59633027522936,0.8617389267490937,4251.0,0.0,0.0,0.0,0.10391963548189401
2026-06-01,"Kriya Capital, LLC",839,0,0.0,747.0,119.17214439624722,12.315930388219545,0.7719924858790836,4482.0,0.0,0.0,0.0,0.10645735551808189
2025-06-01,LEXISNEXIS,1487,8,0.5379959650302623,,,,,,,0.0,0.5379959650302623,0.18867948469056944
2025-07-01,LEXISNEXIS,2011,8,0.39781203381402286,,,,,,,0.0,0.39781203381402286,0.2551677496386921
2025-08-01,LEXISNEXIS,1819,37,2.034084661902144,,,,,,,0.0,2.034084661902144,0.2308056372912884
2025-09-01,LEXISNEXIS,1843,31,1.6820401519262074,1772.3333333333333,265.09872374897117,3.987210833176608,0.26656735900993184,5317.0,53.0,0.9968027082941509,0.6852374436320565,0.23385090133471384
2025-10-01,LEXISNEXIS,1951,1,0.05125576627370579,1790.0,219.3171219946131,8.994413407821229,0.7340968116659606,7160.0,84.0,1.1731843575418994,-1.1219285912681936,0.24755458953012846
2025-11-01,LEXISNEXIS,2067,76,3.6768263183357526,1822.2,203.12360768753592,13.434310174514321,1.2051774916117808,9111.0,85.0,0.9329382065634946,2.743888111772258,0.2622733657400182
2025-12-01,LEXISNEXIS,2173,23,1.0584445467096182,1863.0,207.35283938253653,16.639828234031132,1.4950361949377218,11178.0,161.0,1.440329218106996,-0.3818846713973778,0.275723281931814
2026-01-01,LEXISNEXIS,2569,61,2.3744647722849357,1977.3333333333333,135.10539096078534,29.92245448415375,4.379297246831545,11864.0,176.0,1.4834794335805799,0.8909853387043558,0.3259701386483342
2026-02-01,LEXISNEXIS,2895,50,1.7271157167530224,2070.3333333333335,278.67878761518006,39.83255514409917,2.9592014294443763,12422.0,229.0,1.8435034616003865,-0.11638774484736403,0.36733497523819675
2026-03-01,LEXISNEXIS,3314,1,0.030175015087507546,2249.6666666666665,403.05169230095845,47.31071269817752,2.6406869234495023,13498.0,242.0,1.792858201214995,-1.7626831861274874,0.42050020999633303
2026-04-01,LEXISNEXIS,3356,28,0.834326579261025,2494.8333333333335,532.7364889574077,34.51800387467432,1.6164964940772375,14969.0,212.0,1.416260271227203,-0.581933691966178,0.42582942207232755
2026-05-01,LEXISNEXIS,3983,2,0.05021340697966357,2729.0,554.2364116512007,45.950897764748994,2.262572385426715,16374.0,239.0,1.4596311225112983,-1.4094177155316348,0.5053869452068179
2026-06-01,LEXISNEXIS,2984,12,0.40214477211796246,3048.3333333333335,641.6103698247599,-2.1104428649535314,-0.10026853735375965,18290.0,165.0,0.9021323127392018,-0.49998754062123935,0.37862782939923284
2025-06-01,MOHELA,747,578,77.37617135207496,,,,,,,0.0,77.37617135207496,0.0947838433516176
2025-07-01,MOHELA,786,633,80.53435114503816,,,,,,,0.0,80.53435114503816,0.099732397422184
2025-08-01,MOHELA,611,473,77.41407528641571,,,,,,,0.0,77.41407528641571,0.07752734710553998
2025-09-01,MOHELA,653,398,60.949464012251156,714.6666666666666,91.87128677303552,-8.628731343283578,-0.6712289424987783,2144.0,1684.0,78.54477611940298,-17.595312107151827,0.08285655918153453
2025-10-01,MOHELA,660,215,32.57575757575758,699.25,81.1023016525014,-5.613156953879156,-0.48395667200882003,2797.0,2082.0,74.43689667500894,-41.86113909925136,0.0837447611942003
2025-11-01,MOHELA,546,363,66.48351648351648,691.4,72.39682313472048,-21.029794619612378,-2.008375419035041,3457.0,2297.0,66.44489441712467,0.03862206639180954,0.06927975698792933
2025-12-01,MOHELA,768,568,73.95833333333334,667.1666666666666,87.84399049830706,15.113664751436428,1.1478683147400577,4003.0,2660.0,66.45016237821633,7.508170955117009,0.09744844938961489
2026-01-01,MOHELA,918,689,75.05446623093682,670.6666666666666,91.98188227399275,36.87872763419484,2.6889353339887587,4024.0,2650.0,65.85487077534792,9.199595455588906,0.11648134966102405
2026-02-01,MOHELA,714,510,71.42857142857143,692.6666666666666,132.11459672067528,3.079884504331093,0.16147597512209497,4156.0,2706.0,65.1106833493744,6.317888079197033,0.09059660529190759
2026-03-01,MOHELA,911,680,74.64324917672886,709.8333333333334,125.92762471621018,28.33998591218595,1.5974784493872156,4259.0,2743.0,64.40478985677389,10.23845931995497,0.11559314764835829
2026-04-01,MOHELA,915,657,71.80327868852459,752.8333333333334,145.21214366115066,21.540845694044712,1.1167569225138565,4517.0,3025.0,66.96922736329422,4.834051325230362,0.11610069165559585
2026-05-01,MOHELA,714,419,58.68347338935575,795.3333333333334,149.85014736951933,-10.226320201173516,-0.5427644534294078,4772.0,3467.0,72.65297569153395,-13.969502302178206,0.09059660529190759
2026-06-01,MOHELA,857,2,0.2333722287047841,823.3333333333334,101.99934640313464,4.0890688259109265,0.3300674744875815,4940.0,3523.0,71.3157894736842,-71.08241724497942,0.10874130355065098
2025-06-01,"Maximus Federal Services, Inc.",330,0,0.0,,,,,,,0.0,0.0,0.04187238059710015
2025-07-01,"Maximus Federal Services, Inc.",358,0,0.0,,,,,,,0.0,0.0,0.04542518864776319
2025-08-01,"Maximus Federal Services, Inc.",357,0,0.0,,,,,,,0.0,0.0,0.045298302645953796
2025-09-01,"Maximus Federal Services, Inc.",286,0,0.0,348.3333333333333,15.885003409925144,-17.894736842105257,-3.924036509453104,1045.0,0.0,0.0,0.0,0.0362893965174868
2025-10-01,"Maximus Federal Services, Inc.",320,0,0.0,332.75,33.75771516754849,-3.831705484598046,-0.377691438437654,1331.0,0.0,0.0,0.0,0.0406035205790062
2025-11-01,"Maximus Federal Services, Inc.",308,0,0.0,330.2,29.78590270581034,-6.723198061780736,-0.7453190262274453,1651.0,0.0,0.0,0.0,0.03908088855729347
2025-12-01,"Maximus Federal Services, Inc.",427,0,0.0,326.5,28.1407178302189,30.781010719754974,3.571337469297891,1959.0,0.0,0.0,0.0,0.0541803227726114
2026-01-01,"Maximus Federal Services, Inc.",414,0,0.0,342.6666666666667,49.95864956808446,20.817120622568087,1.4278475088907094,2056.0,0.0,0.0,0.0,0.05253080474908928
2026-02-01,"Maximus Federal Services, Inc.",370,0,0.0,352.0,57.98275605729689,5.113636363636364,0.3104371234477526,2112.0,0.0,0.0,0.0,0.04694782066947593
2026-03-01,"Maximus Federal Services, Inc.",412,0,0.0,354.1666666666667,58.44798257139989,16.329411764705874,0.9894838245731455,2125.0,0.0,0.0,0.0,0.052277032745470485
2026-04-01,"Maximus Federal Services, Inc.",383,0,0.0,375.1666666666667,51.25004065039037,2.0879609062638775,0.1528454072216165,2251.0,0.0,0.0,0.0,0.04859733869299805
2026-05-01,"Maximus Federal Services, Inc.",382,0,0.0,385.6666666666667,43.56451155087893,-0.9507346585998321,-0.08416636698392431,2314.0,0.0,0.0,0.0,0.04847045269118865
2026-06-01,"Maximus Federal Services, Inc.",325,0,0.0,398.0,22.618576436195028,-18.341708542713565,-3.2274356525454393,2388.0,0.0,0.0,0.0,0.04123795058805317
2025-06-01,NAVY FEDERAL CREDIT UNION,710,0,0.0,,,,,,,0.0,0.0,0.09008906128467001
2025-07-01,NAVY FEDERAL CREDIT UNION,785,0,0.0,,,,,,,0.0,0.0,0.09960551142037459
2025-08-01,NAVY FEDERAL CREDIT UNION,776,0,0.0,,,,,,,0.0,0.0,0.09846353740409004
2025-09-01,NAVY FEDERAL CREDIT UNION,765,0,0.0,757.0,40.95119045888654,1.0568031704095113,0.19535451620220173,2271.0,0.0,0.0,0.0,0.09706779138418671
2025-10-01,NAVY FEDERAL CREDIT UNION,749,0,0.0,759.0,33.67491648096547,-1.3175230566534915,-0.2969569354582493,3036.0,0.0,0.0,0.0,0.09503761535523639
2025-11-01,NAVY FEDERAL CREDIT UNION,775,0,0.0,757.0,29.50423698386386,2.3778071334214,0.6100818675583567,3785.0,0.0,0.0,0.0,0.09833665140228066
2025-12-01,NAVY FEDERAL CREDIT UNION,965,0,0.0,760.0,27.39342986922229,26.973684210526315,7.483546272908542,4560.0,0.0,0.0,0.0,0.12244499174606559
2026-01-01,NAVY FEDERAL CREDIT UNION,1017,0,0.0,802.5,80.54750151308232,26.72897196261682,2.6630248731571324,4815.0,0.0,0.0,0.0,0.1290430638401541
2026-02-01,NAVY FEDERAL CREDIT UNION,985,0,0.0,841.1666666666666,117.6204347325186,17.099266891222513,1.222860072405154,5047.0,0.0,0.0,0.0,0.12498271178225347
2026-03-01,NAVY FEDERAL CREDIT UNION,1038,0,0.0,876.0,125.16708832596532,18.493150684931507,1.294269940817932,5256.0,0.0,0.0,0.0,0.13170766987815136
2026-04-01,NAVY FEDERAL CREDIT UNION,1009,0,0.0,921.5,126.36099081599512,9.495387954422139,0.6924605405113997,5529.0,0.0,0.0,0.0,0.12802797582567893
2026-05-01,NAVY FEDERAL CREDIT UNION,900,0,0.0,964.8333333333334,96.40418386494784,-6.719640697875285,-0.6725157636743035,5789.0,0.0,0.0,0.0,0.11419740162845494
2026-06-01,NAVY FEDERAL CREDIT UNION,895,0,0.0,985.6666666666666,49.053712057974444,-9.198512005410887,-1.8483140798704825,5914.0,0.0,0.0,0.0,0.11356297161940797
2025-06-01,"National Credit Systems,Inc.",421,1,0.23752969121140144,,,,,,,0.0,0.23752969121140144,0.05341900676175504
2025-07-01,"National Credit Systems,Inc.",473,1,0.21141649048625794,,,,,,,0.0,0.21141649048625794,0.06001707885584355
2025-08-01,"National Credit Systems,Inc.",461,0,0.0,,,,,,,0.0,0.0,0.05849444683413081
2025-09-01,"National Credit Systems,Inc.",514,0,0.0,451.6666666666667,27.227437142216182,13.80073800738007,2.289357349637781,1355.0,2.0,0.14760147601476015,-0.14760147601476015,0.06521940493002872
2025-10-01,"National Credit Systems,Inc.",545,0,0.0,467.25,38.28293788795908,16.63991439272338,2.0309308608327648,1869.0,2.0,0.1070090957731407,-0.1070090957731407,0.06915287098611994
2025-11-01,"National Credit Systems,Inc.",561,0,0.0,482.8,48.04373008000107,16.197183098591548,1.627683776213536,2414.0,2.0,0.08285004142502071,-0.08285004142502071,0.07118304701507025
2025-12-01,"National Credit Systems,Inc.",654,0,0.0,495.8333333333333,53.53285595470006,31.89915966386555,2.9545718016708955,2975.0,2.0,0.06722689075630252,-0.06722689075630252,0.08298344518334393
2026-01-01,"National Credit Systems,Inc.",751,1,0.13315579227696406,534.6666666666666,70.28133939152454,40.46134663341647,3.0781048740147052,3208.0,1.0,0.031172069825436407,0.10198372245152765,0.09529138735885519
2026-02-01,"National Credit Systems,Inc.",699,0,0.0,581.0,104.70339058502347,20.309810671256454,1.1269931120729002,3486.0,1.0,0.028686173264486515,-0.028686173264486515,0.08869331526476668
2026-03-01,"National Credit Systems,Inc.",870,4,0.45977011494252873,620.6666666666666,94.76004784014538,40.17185821697101,2.6312073391303477,3724.0,1.0,0.02685284640171858,0.43291726854081014,0.11039082157417311
2026-04-01,"National Credit Systems,Inc.",755,0,0.0,680.0,122.11797574476887,11.029411764705882,0.6141601966671377,4080.0,5.0,0.12254901960784313,-0.12254901960784313,0.09579893136609277
2026-05-01,"National Credit Systems,Inc.",646,2,0.30959752321981426,715.0,104.51220024475589,-9.65034965034965,-0.6602100026447603,4290.0,5.0,0.11655011655011654,0.19304740666969772,0.08196835716886877
2026-06-01,"National Credit Systems,Inc.",656,0,0.0,729.1666666666666,83.01184654413258,-10.03428571428571,-0.8814003026395535,4375.0,7.0,0.16,-0.16,0.08323721718696273
2025-06-01,"Nelnet, Inc.",572,3,0.5244755244755245,,,,,,,0.0,0.5244755244755245,0.0725787930349736
2025-07-01,"Nelnet, Inc.",599,0,0.0,,,,,,,0.0,0.0,0.07600471508382724
2025-08-01,"Nelnet, Inc.",465,0,0.0,,,,,,,0.0,0.0,0.05900199084136839
2025-09-01,"Nelnet, Inc.",517,1,0.19342359767891684,545.3333333333334,70.86842268128547,-5.195599022004896,-0.39980194649958645,1636.0,3.0,0.18337408312958436,0.010049514549332478,0.06560006293545691
2025-10-01,"Nelnet, Inc.",463,0,0.0,538.25,59.572784614005315,-13.980492336274967,-1.2631606947295366,2153.0,4.0,0.18578727357176034,-0.18578727357176034,0.0587482188377496
2025-11-01,"Nelnet, Inc.",516,2,0.3875968992248062,523.2,61.59707785276833,-1.3761467889908343,-0.11688866178375797,2616.0,4.0,0.1529051987767584,0.23469170044804782,0.0654731769336475
2025-12-01,"Nelnet, Inc.",649,2,0.30816640986132515,522.0,55.17245689653491,24.32950191570881,2.3018732016622625,3132.0,6.0,0.19157088122605362,0.11659552863527153,0.08234901517429696
2026-01-01,"Nelnet, Inc.",725,0,0.0,534.8333333333334,74.64694680070089,35.55624805235274,2.5475478210031905,3209.0,5.0,0.1558117793705204,-0.1558117793705204,0.09199235131181094
2026-02-01,"Nelnet, Inc.",615,0,0.0,555.8333333333334,107.01479648472294,10.644677661169407,0.5528830461786942,3335.0,5.0,0.14992503748125938,-0.14992503748125938,0.07803489111277755
2026-03-01,"Nelnet, Inc.",716,0,0.0,580.8333333333334,98.75305902434955,23.27116212338593,1.3687339714037472,3485.0,5.0,0.1434720229555237,-0.1434720229555237,0.09085037729552638
2026-04-01,"Nelnet, Inc.",681,2,0.2936857562408223,614.0,106.16590789891073,10.912052117263844,0.6310877128634947,3684.0,4.0,0.10857763300760044,0.1851081232332219,0.08640936723219758
2026-05-01,"Nelnet, Inc.",602,1,0.16611295681063123,650.3333333333334,77.61872626284627,-7.432086109687345,-0.6227019645962558,3902.0,6.0,0.1537672988211174,0.012345657989513842,0.07638537308925542
2026-06-01,"Nelnet, Inc.",578,0,0.0,664.6666666666666,51.34458751092135,-13.039117352056165,-1.6879416286718054,3988.0,5.0,0.12537612838515547,-0.12537612838515547,0.07334010904582995
2025-06-01,OneMain Finance Corporation,287,0,0.0,,,,,,,0.0,0.0,0.03641628251929619
2025-07-01,OneMain Finance Corporation,317,0,0.0,,,,,,,0.0,0.0,0.040222862573578023
2025-08-01,OneMain Finance Corporation,271,0,0.0,,,,,,,0.0,0.0,0.03438610649034588
2025-09-01,OneMain Finance Corporation,297,0,0.0,291.6666666666667,23.352373184182664,1.828571428571422,0.22838506781596646,875.0,0.0,0.0,0.0,0.03768514253739014
2025-10-01,OneMain Finance Corporation,292,0,0.0,293.0,19.252705437591537,-0.3412969283276451,-0.05194075207983327,1172.0,0.0,0.0,0.0,0.03705071252834316
2025-11-01,OneMain Finance Corporation,329,0,0.0,292.8,16.679328523654664,12.363387978142072,2.170351159440325,1464.0,0.0,0.0,0.0,0.041745494595290755
2025-12-01,OneMain Finance Corporation,363,0,0.0,298.8333333333333,20.999206334208594,21.472392638036816,3.05567104039244,1793.0,0.0,0.0,0.0,0.046059618656810165
2026-01-01,OneMain Finance Corporation,370,0,0.0,311.5,32.30944134459769,18.780096308186195,1.810616264641218,1869.0,0.0,0.0,0.0,0.04694782066947593
2026-02-01,OneMain Finance Corporation,373,0,0.0,320.3333333333333,40.35674251803115,16.441207075962545,1.305027695016156,1922.0,0.0,0.0,0.0,0.047328478674904105
2026-03-01,OneMain Finance Corporation,423,0,0.0,337.3333333333333,36.74053166009794,25.395256916996058,2.33166649462792,2024.0,0.0,0.0,0.0,0.053672778765373824
2026-04-01,OneMain Finance Corporation,343,0,0.0,358.3333333333333,44.30650817505997,-4.279069767441855,-0.3460740637188018,2150.0,0.0,0.0,0.0,0.04352189862062227
2026-05-01,OneMain Finance Corporation,335,0,0.0,366.8333333333333,32.30118676870331,-8.677873693775553,-0.985515905693493,2201.0,0.0,0.0,0.0,0.04250681060614712
2026-06-01,OneMain Finance Corporation,347,0,0.0,367.8333333333333,30.960727812289125,-5.663797009515174,-0.672895464849635,2207.0,0.0,0.0,0.0,0.04402944262785985
2025-06-01,PNC Bank N.A.,253,0,0.0,,,,,,,0.0,0.0,0.03210215845777678
2025-07-01,PNC Bank N.A.,274,0,0.0,,,,,,,0.0,0.0,0.03476676449577406
2025-08-01,PNC Bank N.A.,275,0,0.0,,,,,,,0.0,0.0,0.03489365049758346
2025-09-01,PNC Bank N.A.,272,0,0.0,267.3333333333333,12.423096769056153,1.745635910224446,0.3756443947446798,802.0,0.0,0.0,0.0,0.034512992492155274
2025-10-01,PNC Bank N.A.,312,0,0.0,268.5,10.408329997330668,16.201117318435752,4.179344814312772,1074.0,0.0,0.0,0.0,0.03958843256453105
2025-11-01,PNC Bank N.A.,297,0,0.0,277.2,21.440615662802227,7.142857142857147,0.9234809443625934,1386.0,0.0,0.0,0.0,0.03768514253739014
2025-12-01,PNC Bank N.A.,362,0,0.0,280.5,20.811054754625008,29.055258467023172,3.916187860775658,1683.0,0.0,0.0,0.0,0.045932732655000766
2026-01-01,PNC Bank N.A.,361,0,0.0,298.6666666666667,34.84632931409945,20.870535714285708,1.788806297830404,1792.0,0.0,0.0,0.0,0.04580584665319137
2026-02-01,PNC Bank N.A.,298,0,0.0,313.1666666666667,40.21649744404237,-4.843001596593939,-0.37712549900124287,1879.0,0.0,0.0,0.0,0.03781202853919953
2026-03-01,PNC Bank N.A.,325,0,0.0,317.0,36.80217384883669,2.5236593059936907,0.21737846337174668,1902.0,0.0,0.0,0.0,0.04123795058805317
2026-04-01,PNC Bank N.A.,292,0,0.0,325.8333333333333,29.471455116208052,-10.383631713554982,-1.1480034901543228,1955.0,0.0,0.0,0.0,0.03705071252834316
2026-05-01,PNC Bank N.A.,302,0,0.0,322.5,32.34037723960559,-6.3565891472868215,-0.6338825254918397,1935.0,0.0,0.0,0.0,0.03831957254643711
2026-06-01,PNC Bank N.A.,362,0,0.0,323.3333333333333,31.60801586095948,11.958762886597944,1.2233183771090697,1940.0,0.0,0.0,0.0,0.045932732655000766
2025-06-01,"Paypal Holdings, Inc",578,0,0.0,,,,,,,0.0,0.0,0.07334010904582995
2025-07-01,"Paypal Holdings, Inc",696,0,0.0,,,,,,,0.0,0.0,0.0883126572593385
2025-08-01,"Paypal Holdings, Inc",656,0,0.0,,,,,,,0.0,0.0,0.08323721718696273
2025-09-01,"Paypal Holdings, Inc",738,2,0.27100271002710025,643.3333333333334,60.011110082495,14.715025906735747,1.577485677844185,1930.0,0.0,0.0,0.27100271002710025,0.09364186933533306
2025-10-01,"Paypal Holdings, Inc",733,0,0.0,667.0,68.12733176437582,9.89505247376312,0.9687741805046265,2668.0,2.0,0.07496251874062969,-0.07496251874062969,0.09300743932628609
2025-11-01,"Paypal Holdings, Inc",680,0,0.0,680.2,65.9712058401239,-0.0294031167303801,-0.0030316256532392323,3401.0,2.0,0.058806233460746836,-0.058806233460746836,0.08628248123038817
2025-12-01,"Paypal Holdings, Inc",988,0,0.0,680.1666666666666,59.00649681744092,45.25851506983583,5.216939658114819,4081.0,2.0,0.0490075961774075,-0.0490075961774075,0.12536336978768164
2026-01-01,"Paypal Holdings, Inc",1225,0,0.0,748.5,121.4211678415258,63.660654642618574,3.92435691791327,4491.0,2.0,0.0445335114673792,-0.0445335114673792,0.15543535221650812
2026-02-01,"Paypal Holdings, Inc",909,1,0.11001100110011,836.6666666666666,224.21923794952704,8.645418326693232,0.32260092396539136,5020.0,2.0,0.0398406374501992,0.0701703636499108,0.11533937564473949
2026-03-01,"Paypal Holdings, Inc",1018,0,0.0,878.8333333333334,206.5404722243721,15.83538782476768,0.6737985304666343,5273.0,3.0,0.056893608951261145,-0.056893608951261145,0.12916994984196348
2026-04-01,"Paypal Holdings, Inc",1018,0,0.0,925.5,199.8807144273803,9.994597514856835,0.4627760125082335,5553.0,1.0,0.018008283810552854,-0.018008283810552854,0.12916994984196348
2026-05-01,"Paypal Holdings, Inc",1070,0,0.0,973.0,177.60855835234955,9.969167523124357,0.5461448530400551,5838.0,1.0,0.0171291538198013,-0.0171291538198013,0.135768021936052
2026-06-01,"Paypal Holdings, Inc",1138,0,0.0,1038.0,105.7676699185529,9.633911368015415,0.9454684978595602,6228.0,1.0,0.016056518946692355,-0.016056518946692355,0.1443962700590908
2025-06-01,Pending Company Match,14,0,0.0,,,,,,,0.0,0.0,0.0017764040253315215
2025-07-01,Pending Company Match,13,0,0.0,,,,,,,0.0,0.0,0.001649518023522127
2025-08-01,Pending Company Match,1,0,0.0,,,,,,,0.0,0.0,0.0001268860018093944
2025-09-01,Pending Company Match,8,0,0.0,9.333333333333334,7.234178138070234,-14.28571428571429,-0.18431027103363667,28.0,0.0,0.0,0.0,0.0010150880144751552
2025-10-01,Pending Company Match,7,0,0.0,9.0,5.944184833375669,-22.22222222222222,-0.3364632924552266,36.0,0.0,0.0,0.0,0.0008882020126657607
2025-11-01,Pending Company Match,26,1,3.8461538461538463,8.6,5.224940191045253,202.32558139534885,3.330181660226644,43.0,0.0,0.0,3.8461538461538463,0.003299036047044254
2025-12-01,Pending Company Match,31,2,6.451612903225806,11.5,8.502940667792526,169.56521739130434,2.2933242465000587,69.0,1.0,1.4492753623188406,5.002337540906965,0.0039334660560912255
2026-01-01,Pending Company Match,128,1,0.78125,14.333333333333334,11.724617975297388,793.0232558139535,9.694701090146486,86.0,3.0,3.488372093023256,-2.707122093023256,0.016241408231602483
2026-02-01,Pending Company Match,1999,4,0.2001000500250125,33.5,47.75248684623661,5867.164179104478,41.1601600211718,201.0,4.0,1.9900497512437811,-1.7899497012187686,0.2536451176169794
2026-03-01,Pending Company Match,252,1,0.3968253968253968,366.5,801.0245314595553,-31.241473396998636,-0.14294193935779761,2199.0,8.0,0.36380172805820826,0.03302366876718854,0.03197527245596738
2026-04-01,Pending Company Match,1623,4,0.24645717806531117,407.1666666666667,785.2218582455959,298.6082685223086,1.5483946614143465,2443.0,9.0,0.3683995088006549,-0.12194233073534375,0.20593598093664708
2026-05-01,Pending Company Match,6500,0,0.0,676.5,890.5887378582777,860.8277900960827,6.538932901851621,4059.0,13.0,0.3202759300320276,-0.3202759300320276,0.8247590117610636
2026-06-01,Pending Company Match,33706,2,0.005933661662611998,1755.5,2468.614895037296,1820.0227855311875,12.942682985600834,10533.0,12.0,0.11392765593847907,-0.10799399427586708,4.276819576987447
2025-06-01,"Portfolio Recovery Associates, LLC",1196,39,3.260869565217391,,,,,,,0.0,3.260869565217391,0.1517556581640357
2025-07-01,"Portfolio Recovery Associates, LLC",1394,19,1.362984218077475,,,,,,,0.0,1.362984218077475,0.17687908652229575
2025-08-01,"Portfolio Recovery Associates, LLC",1321,54,4.08781226343679,,,,,,,0.0,4.08781226343679,0.16761640839021
2025-09-01,"Portfolio Recovery Associates, LLC",1428,26,1.8207282913165268,1303.6666666666667,100.13158010005301,9.53720276144208,1.2416995038837646,3911.0,112.0,2.863717719253388,-1.042989427936861,0.18119321058381518
2025-10-01,"Portfolio Recovery Associates, LLC",1532,10,0.6527415143603132,1334.75,102.70791920132869,14.778048323656115,1.9204945590743527,5339.0,138.0,2.584753699194606,-1.9320121848342926,0.1943893547719922
2025-11-01,"Portfolio Recovery Associates, LLC",1634,14,0.8567931456548347,1374.2,125.27250296852856,18.90554504438946,2.0738788947584763,6871.0,148.0,2.153980497744142,-1.2971873520893076,0.20733172695655044
2025-12-01,"Portfolio Recovery Associates, LLC",1937,16,0.8260196179659267,1417.5,154.2851256602528,36.64902998236332,3.3671424758338486,8505.0,162.0,1.9047619047619049,-1.0787422867959782,0.2457781855047969
2026-01-01,"Portfolio Recovery Associates, LLC",1882,3,0.1594048884165781,1541.0,222.85600732311437,22.128487994808566,1.5301360016990302,9246.0,139.0,1.5033528012113346,-1.3439479127947564,0.23879945540528025
2026-02-01,"Portfolio Recovery Associates, LLC",1693,12,0.7088009450679268,1622.3333333333333,246.29467445859777,4.355866036572842,0.2869191825686261,9734.0,123.0,1.2636120813642902,-0.5548111362963634,0.2148180010633047
2026-03-01,"Portfolio Recovery Associates, LLC",2141,1,0.046707146193367584,1684.3333333333333,197.19702499446242,27.112606372452014,2.3157888242963636,10106.0,81.0,0.801504056995844,-0.7547969108024765,0.2716629298739134
2026-04-01,"Portfolio Recovery Associates, LLC",1999,0,0.0,1803.1666666666667,224.74111031733068,10.860523153711059,0.8713729902678681,10819.0,56.0,0.517607912006655,-0.517607912006655,0.2536451176169794
2026-05-01,"Portfolio Recovery Associates, LLC",2129,0,0.0,1881.0,190.2703339987606,13.18447634237108,1.3034086543497392,11286.0,46.0,0.4075846181109339,-0.4075846181109339,0.2701402978522006
2026-06-01,"Portfolio Recovery Associates, LLC",2033,0,0.0,1963.5,167.7328232636651,3.539597657244716,0.4143494317194585,11781.0,32.0,0.27162380103556577,-0.27162380103556577,0.2579592416784988
2025-06-01,Resurgent Capital Services L.P.,1719,0,0.0,,,,,,,0.0,0.0,0.21811703711034897
2025-07-01,Resurgent Capital Services L.P.,1971,0,0.0,,,,,,,0.0,0.0,0.25009230956631634
2025-08-01,Resurgent Capital Services L.P.,1879,0,0.0,,,,,,,0.0,0.0,0.23841879739985206
2025-09-01,Resurgent Capital Services L.P.,2061,0,0.0,1856.3333333333333,127.51993308237475,11.025318728676607,1.6049778393034217,5569.0,0.0,0.0,0.0,0.2615120497291618
2025-10-01,Resurgent Capital Services L.P.,2226,0,0.0,1907.5,145.98972566588378,16.69724770642202,2.18166037744963,7630.0,0.0,0.0,0.0,0.2824482400277119
2025-11-01,Resurgent Capital Services L.P.,2180,1,0.045871559633027525,1971.2,190.4552440863732,10.592532467532465,1.0963205607786113,9856.0,0.0,0.0,0.045871559633027525,0.27661148394447976
2025-12-01,Resurgent Capital Services L.P.,2473,0,0.0,2006.0,190.48569500096326,23.280159521435692,2.4516276668315613,12036.0,1.0,0.008308408109006314,-0.008308408109006314,0.31378908247463233
2026-01-01,Resurgent Capital Services L.P.,2399,0,0.0,2131.6666666666665,210.89871186583056,12.541047693510562,1.2675911150344317,12790.0,1.0,0.007818608287724784,-0.007818608287724784,0.30439951834073714
2026-02-01,Resurgent Capital Services L.P.,2470,0,0.0,2203.0,217.95137072292053,12.119836586472992,1.2250439128434505,13218.0,1.0,0.007565441065214102,-0.007565441065214102,0.31340842446920414
2026-03-01,Resurgent Capital Services L.P.,2191,0,0.0,2301.5,170.65374300026332,-4.801216597870954,-0.6475099699385409,13809.0,1.0,0.007241653993772178,-0.007241653993772178,0.2780072299643831
2026-04-01,Resurgent Capital Services L.P.,2149,0,0.0,2323.1666666666665,139.40361066581664,-7.496951000789147,-1.2493698393808832,13939.0,1.0,0.007174115790228854,-0.007174115790228854,0.2726780178883885
2026-05-01,Resurgent Capital Services L.P.,2172,0,0.0,2310.3333333333335,153.01721036101327,-5.987591978069549,-0.9040377419439543,13862.0,1.0,0.007213966238638003,-0.007213966238638003,0.2755963959300046
2026-06-01,Resurgent Capital Services L.P.,4077,0,0.0,2309.0,154.40854898612287,76.56994369857081,11.45014321816401,13854.0,0.0,0.0,0.0,0.517314229376901
2025-06-01,"SANTANDER HOLDINGS USA, INC.",465,0,0.0,,,,,,,0.0,0.0,0.05900199084136839
2025-07-01,"SANTANDER HOLDINGS USA, INC.",533,0,0.0,,,,,,,0.0,0.0,0.0676302389644072
2025-08-01,"SANTANDER HOLDINGS USA, INC.",493,1,0.2028397565922921,,,,,,,0.0,0.2028397565922921,0.06255479889203143
2025-09-01,"SANTANDER HOLDINGS USA, INC.",533,0,0.0,497.0,34.17601498127012,7.2434607645875255,1.0533703247651751,1491.0,1.0,0.0670690811535882,-0.0670690811535882,0.0676302389644072
2025-10-01,"SANTANDER HOLDINGS USA, INC.",507,1,0.19723865877712032,506.0,33.20642508109939,0.1976284584980237,0.030114653942955916,2024.0,1.0,0.04940711462450593,0.1478315441526144,0.06433120291736295
2025-11-01,"SANTANDER HOLDINGS USA, INC.",506,0,0.0,506.2,28.76108481959608,-0.039510075069140387,-0.006953840623693047,2531.0,2.0,0.07902015013828526,-0.07902015013828526,0.06420431691555356
2025-12-01,"SANTANDER HOLDINGS USA, INC.",662,0,0.0,506.1666666666667,25.724825882144792,30.78696081659532,6.057702160833471,3037.0,2.0,0.0658544616397761,-0.0658544616397761,0.08399853319781908
2026-01-01,"SANTANDER HOLDINGS USA, INC.",679,0,0.0,539.0,62.33778950203481,25.97402597402597,2.245828752003312,3234.0,2.0,0.06184291898577613,-0.06184291898577613,0.08615559522857878
2026-02-01,"SANTANDER HOLDINGS USA, INC.",534,0,0.0,563.3333333333334,84.19184441896178,-5.2071005917159825,-0.3484106273686396,3380.0,2.0,0.0591715976331361,-0.0591715976331361,0.06775712496621661
2026-03-01,"SANTANDER HOLDINGS USA, INC.",697,0,0.0,570.1666666666666,78.83505988243216,22.24495761473254,1.6088442568887715,3421.0,1.0,0.029231218941829874,-0.029231218941829874,0.08843954326114788
2026-04-01,"SANTANDER HOLDINGS USA, INC.",649,0,0.0,597.5,90.88179135558448,8.619246861924685,0.5666701682683705,3585.0,1.0,0.02789400278940028,-0.02789400278940028,0.08234901517429696
2026-05-01,"SANTANDER HOLDINGS USA, INC.",593,0,0.0,621.1666666666666,80.49699787362664,-4.534478132546278,-0.34990952968067046,3727.0,0.0,0.0,0.0,0.07524339907297087
2026-06-01,"SANTANDER HOLDINGS USA, INC.",652,0,0.0,635.6666666666666,61.102100345787214,2.5694808599895187,0.26731214215060123,3814.0,0.0,0.0,0.0,0.08272967317972514
2025-06-01,SYNCHRONY FINANCIAL,1005,1,0.09950248756218905,,,,,,,0.0,0.09950248756218905,0.12752043181844136
2025-07-01,SYNCHRONY FINANCIAL,1188,4,0.33670033670033667,,,,,,,0.0,0.33670033670033667,0.15074057014956055
2025-08-01,SYNCHRONY FINANCIAL,1093,3,0.2744739249771272,,,,,,,0.0,0.2744739249771272,0.13868639997766807
2025-09-01,SYNCHRONY FINANCIAL,1240,4,0.3225806451612903,1095.3333333333333,91.5223105768934,13.20754716981133,1.5806710490020197,3286.0,8.0,0.24345709068776628,0.07912355447352404,0.15733864224364905
2025-10-01,SYNCHRONY FINANCIAL,1159,3,0.2588438308886971,1131.5,104.0016025517556,2.4304021210782145,0.26441900245060973,4526.0,12.0,0.26513477684489617,-0.006290945956199057,0.1470608760970881
2025-11-01,SYNCHRONY FINANCIAL,1273,14,1.0997643362136684,1137.0,90.90379530030637,11.961301671064204,1.4960871496147712,5685.0,15.0,0.2638522427440633,0.8359120934696052,0.16152588030335907
2025-12-01,SYNCHRONY FINANCIAL,1552,17,1.095360824742268,1159.6666666666667,98.45540445636627,33.83156079333141,3.9848836689021843,6958.0,29.0,0.4167864328830124,0.6785743918592555,0.19692707480818009
2026-01-01,SYNCHRONY FINANCIAL,1717,47,2.7373325567850904,1250.8333333333333,160.3763282615818,37.268487674883424,2.9067049465450143,7505.0,45.0,0.5996002664890073,2.137732290296083,0.21786326510673015
2026-02-01,SYNCHRONY FINANCIAL,1451,55,3.790489317711923,1339.0,243.03333104740997,8.364451082897686,0.46084213847256816,8034.0,88.0,1.095344784665173,2.69514453304675,0.18411158862543126
2026-03-01,SYNCHRONY FINANCIAL,1506,142,9.428950863213812,1398.6666666666667,212.5997804953397,7.673975214489985,0.504860979081237,8392.0,140.0,1.6682554814108674,7.760695381802945,0.19109031872494794
2026-04-01,SYNCHRONY FINANCIAL,1532,123,8.028720626631854,1443.0,200.27281393139697,6.167706167706168,0.44439381588000637,8658.0,278.0,3.2109032109032114,4.817817415728642,0.1943893547719922
2026-05-01,SYNCHRONY FINANCIAL,1560,76,4.871794871794872,1505.1666666666667,144.65326358802494,3.643007418890483,0.3790673779023719,9031.0,398.0,4.407042409478463,0.464752462316409,0.19794216282265523
2026-06-01,SYNCHRONY FINANCIAL,1442,0,0.0,1553.0,89.44271909999142,-7.147456535737283,-1.2410177275123855,9318.0,460.0,4.936681691350075,-4.936681691350075,0.1829696146091467
2025-06-01,Self Financial Inc.,299,0,0.0,,,,,,,0.0,0.0,0.03793891454100892
2025-07-01,Self Financial Inc.,334,0,0.0,,,,,,,0.0,0.0,0.042379924604337725
2025-08-01,Self Financial Inc.,273,0,0.0,,,,,,,0.0,0.0,0.03463987849396467
2025-09-01,Self Financial Inc.,321,1,0.3115264797507788,302.0,30.610455730027933,6.291390728476822,0.6207029443655612,906.0,0.0,0.0,0.3115264797507788,0.0407304065808156
2025-10-01,Self Financial Inc.,355,1,0.28169014084507044,306.75,26.737925623852473,15.729421352893237,1.8045528542033549,1227.0,1.0,0.08149959250203749,0.20019054834303296,0.045044530642335004
2025-11-01,Self Financial Inc.,382,4,1.0471204188481675,316.4,31.65122430491434,20.73324905183313,2.0725896530269323,1582.0,2.0,0.12642225031605564,0.9206981685321118,0.04847045269118865
2025-12-01,Self Financial Inc.,503,1,0.19880715705765406,327.3333333333333,38.970073988467966,53.665987780040744,4.507732438964576,1964.0,6.0,0.30549898167006106,-0.106691824612407,0.06382365891012538
2026-01-01,Self Financial Inc.,556,10,1.7985611510791366,361.3333333333333,78.37516613485849,53.874538745387454,2.4837799556521243,2168.0,7.0,0.32287822878228783,1.4756829222968488,0.07054861700602327
2026-02-01,Self Financial Inc.,524,6,1.1450381679389312,398.3333333333333,109.22209788621839,31.548117154811724,1.150560821470206,2390.0,17.0,0.7112970711297071,0.4337410968092241,0.06648826494812266
2026-03-01,Self Financial Inc.,549,0,0.0,440.1666666666667,99.22785227277004,24.72548277167739,1.0968022671110378,2641.0,23.0,0.870882241575161,-0.870882241575161,0.06966041499335753
2026-04-01,Self Financial Inc.,481,13,2.7027027027027026,478.1666666666667,87.41948676734883,0.5925409550365942,0.03241077519562337,2869.0,22.0,0.7668177065179504,1.9358849961847522,0.061032166870318705
2026-05-01,Self Financial Inc.,518,1,0.19305019305019305,499.1666666666667,63.87931329207194,3.772954924874787,0.29482679701365416,2995.0,34.0,1.1352253756260433,-0.9421751825758502,0.06572694893726629
2026-06-01,Self Financial Inc.,545,0,0.0,521.8333333333334,28.095669891758813,4.439476205685077,0.824563598444827,3131.0,31.0,0.9900990099009901,-0.9900990099009901,0.06915287098611994
2025-06-01,Servicer under contract with Federal Student Aid,203,203,100.0,,,,,,,0.0,100.0,0.02575785836730706
2025-07-01,Servicer under contract with Federal Student Aid,237,237,100.0,,,,,,,0.0,100.0,0.030071982428826468
2025-08-01,Servicer under contract with Federal Student Aid,171,171,100.0,,,,,,,0.0,100.0,0.02169750630940644
2025-09-01,Servicer under contract with Federal Student Aid,240,240,100.0,203.66666666666666,33.005050118630834,17.839607201309335,1.1008416349237338,611.0,611.0,100.0,0.0,0.030452640434254653
2025-10-01,Servicer under contract with Federal Student Aid,335,335,100.0,212.75,32.5,57.46180963572268,3.7615384615384615,851.0,851.0,100.0,0.0,0.04250681060614712
2025-11-01,Servicer under contract with Federal Student Aid,274,274,100.0,237.2,61.49146282208613,15.514333895446885,0.5984570590957289,1186.0,1186.0,100.0,0.0,0.03476676449577406
2025-12-01,Servicer under contract with Federal Student Aid,297,297,100.0,243.33333333333334,57.014618008600806,22.05479452054794,0.941279070896711,1460.0,1460.0,100.0,0.0,0.03768514253739014
2026-01-01,Servicer under contract with Federal Student Aid,393,393,100.0,259.0,56.62861467491502,51.737451737451735,2.3662948629283433,1554.0,1554.0,100.0,0.0,0.049866198711092
2026-02-01,Servicer under contract with Federal Student Aid,380,380,100.0,285.0,76.74633541739958,33.33333333333333,1.2378441196354768,1710.0,1710.0,100.0,0.0,0.04821668068756987
2026-03-01,Servicer under contract with Federal Student Aid,577,577,100.0,319.8333333333333,60.33047875383277,80.40646169880146,4.262632619177235,1919.0,1919.0,100.0,0.0,0.07321322304402056
2026-04-01,Servicer under contract with Federal Student Aid,747,747,100.0,376.0,108.65725930650007,98.67021276595744,3.4144060173051516,2256.0,2256.0,100.0,0.0,0.0947838433516176
2026-05-01,Servicer under contract with Federal Student Aid,794,779,98.11083123425692,444.6666666666667,182.59317256312366,78.5607196401799,1.9131785073320116,2668.0,2668.0,100.0,-1.8891687657430793,0.10074748543665914
2026-06-01,Servicer under contract with Federal Student Aid,514,497,96.69260700389106,531.3333333333334,207.1431067321977,-3.262233375156845,-0.08367806009466947,3188.0,3173.0,99.52948557089084,-2.8368785669997862,0.06521940493002872
2025-06-01,"Shellpoint Partners, LLC",291,0,0.0,,,,,,,0.0,0.0,0.03692382652653377
2025-07-01,"Shellpoint Partners, LLC",336,0,0.0,,,,,,,0.0,0.0,0.04263369660795651
2025-08-01,"Shellpoint Partners, LLC",351,0,0.0,,,,,,,0.0,0.0,0.04453698663509743
2025-09-01,"Shellpoint Partners, LLC",305,1,0.32786885245901637,326.0,31.22498999199199,-6.441717791411043,-0.672538245981366,978.0,0.0,0.0,0.32786885245901637,0.038700230551865285
2025-10-01,"Shellpoint Partners, LLC",337,0,0.0,320.75,27.572631357924475,5.066250974279034,0.5893525282029236,1283.0,1.0,0.0779423226812159,-0.0779423226812159,0.04276058260976591
2025-11-01,"Shellpoint Partners, LLC",342,1,0.29239766081871343,324.0,24.95996794869737,5.555555555555555,0.7211547721935035,1620.0,1.0,0.06172839506172839,0.23066926575698504,0.04339501261881288
2025-12-01,"Shellpoint Partners, LLC",420,1,0.2380952380952381,327.0,23.50319127267614,28.440366972477065,3.956909464806085,1962.0,2.0,0.10193679918450561,0.13615843891073248,0.05329212075994564
2026-01-01,"Shellpoint Partners, LLC",378,2,0.5291005291005291,348.5,38.318402889473354,8.464849354375897,0.7698650720148907,2091.0,3.0,0.1434720229555237,0.3856285061450054,0.047962908683951075
2026-02-01,"Shellpoint Partners, LLC",319,1,0.3134796238244514,355.5,39.39923857132267,-10.267229254571026,-0.9264138425905285,2133.0,5.0,0.23441162681669012,0.07906799700776126,0.04047663457719681
2026-03-01,"Shellpoint Partners, LLC",355,5,1.4084507042253522,350.1666666666667,42.1967613291194,1.380295097572579,0.11454275591520097,2101.0,6.0,0.28557829604950025,1.1228724081758519,0.045044530642335004
2026-04-01,"Shellpoint Partners, LLC",311,18,5.787781350482315,358.5,35.97082150855052,-13.249651324965134,-1.3205147396677863,2151.0,10.0,0.46490004649000466,5.32288130399231,0.039461546562721654
2026-05-01,"Shellpoint Partners, LLC",334,13,3.8922155688622757,354.1666666666667,40.37532249613206,-5.694117647058829,-0.4994800145212127,2125.0,28.0,1.3176470588235294,2.5745685100387465,0.042379924604337725
2026-06-01,"Shellpoint Partners, LLC",418,0,0.0,352.8333333333333,40.98495658978629,18.469532357109124,1.590014290338583,2117.0,40.0,1.8894662257912138,-1.8894662257912138,0.053038348756326854
2025-06-01,"Spring Oaks Capital, LLC",332,0,0.0,,,,,,,0.0,0.0,0.04212615260071893
2025-07-01,"Spring Oaks Capital, LLC",373,0,0.0,,,,,,,0.0,0.0,0.047328478674904105
2025-08-01,"Spring Oaks Capital, LLC",309,0,0.0,,,,,,,0.0,0.0,0.03920777455910286
2025-09-01,"Spring Oaks Capital, LLC",297,0,0.0,338.0,32.41913015489465,-12.1301775147929,-1.2646853818750534,1014.0,0.0,0.0,0.0,0.03768514253739014
2025-10-01,"Spring Oaks Capital, LLC",373,0,0.0,327.75,33.48009358808106,13.806254767353165,1.3515493880252782,1311.0,0.0,0.0,0.0,0.047328478674904105
2025-11-01,"Spring Oaks Capital, LLC",376,0,0.0,336.8,35.358167373324086,11.638954869358665,1.1086547440683923,1684.0,0.0,0.0,0.0,0.04770913668033229
2025-12-01,"Spring Oaks Capital, LLC",431,0,0.0,343.3333333333333,35.44385231132003,25.53398058252428,2.4733955523978914,2060.0,0.0,0.0,0.0,0.05468786677984898
2026-01-01,"Spring Oaks Capital, LLC",573,0,0.0,359.8333333333333,49.40613996930609,59.240389069013446,4.314578447114022,2159.0,0.0,0.0,0.0,0.07270567903678297
2026-02-01,"Spring Oaks Capital, LLC",511,0,0.0,393.1666666666667,100.80162035734675,29.97032640949554,1.1689626904370019,2359.0,0.0,0.0,0.0,0.06483874692460052
2026-03-01,"Spring Oaks Capital, LLC",623,0,0.0,426.8333333333333,100.80162035734675,45.95860991800079,1.946066600628503,2561.0,0.0,0.0,0.0,0.0790499791272527
2026-04-01,"Spring Oaks Capital, LLC",476,0,0.0,481.1666666666667,104.61054758802607,-1.0737790093522726,-0.0493895384910314,2887.0,0.0,0.0,0.0,0.06039773686127173
2026-05-01,"Spring Oaks Capital, LLC",466,0,0.0,498.3333333333333,90.85739742402194,-6.488294314381267,-0.35586902387746194,2990.0,0.0,0.0,0.0,0.05912887684317779
2026-06-01,"Spring Oaks Capital, LLC",560,0,0.0,513.3333333333334,72.11842113265284,9.090909090909083,0.6470838647566773,3080.0,0.0,0.0,0.0,0.07105616101326086
2025-06-01,TD BANK US HOLDING COMPANY,404,0,0.0,,,,,,,0.0,0.0,0.05126194473099534
2025-07-01,TD BANK US HOLDING COMPANY,484,0,0.0,,,,,,,0.0,0.0,0.06141282487574688
2025-08-01,TD BANK US HOLDING COMPANY,459,0,0.0,,,,,,,0.0,0.0,0.058240674830512026
2025-09-01,TD BANK US HOLDING COMPANY,473,0,0.0,449.0,40.92676385936225,5.3452115812917596,0.5864133329102651,1347.0,0.0,0.0,0.0,0.06001707885584355
2025-10-01,TD BANK US HOLDING COMPANY,504,0,0.0,455.0,35.505868059613285,10.76923076923077,1.3800535707993529,1820.0,0.0,0.0,0.0,0.06395054491193476
2025-11-01,TD BANK US HOLDING COMPANY,493,0,0.0,464.8,37.7584427644997,6.067125645438896,0.7468528343683043,2324.0,0.0,0.0,0.0,0.06255479889203143
2025-12-01,TD BANK US HOLDING COMPANY,597,0,0.0,469.5,35.6805269019391,27.15654952076677,3.573377723664469,2817.0,0.0,0.0,0.0,0.07575094308020845
2026-01-01,TD BANK US HOLDING COMPANY,678,0,0.0,501.6666666666667,49.24090440545,35.14950166112956,3.5810336033108414,3010.0,0.0,0.0,0.0,0.0860287092267694
2026-02-01,TD BANK US HOLDING COMPANY,524,0,0.0,534.0,85.59439233968541,-1.8726591760299627,-0.11683008345119765,3204.0,0.0,0.0,0.0,0.06648826494812266
2026-03-01,TD BANK US HOLDING COMPANY,601,0,0.0,544.8333333333334,77.97798834713976,10.308962985622507,0.7202887360549207,3269.0,0.0,0.0,0.0,0.07625848708744602
2026-04-01,TD BANK US HOLDING COMPANY,577,0,0.0,566.1666666666666,71.6475168213572,1.9134530468060122,0.15120319327109036,3397.0,0.0,0.0,0.0,0.07321322304402056
2026-05-01,TD BANK US HOLDING COMPANY,575,0,0.0,578.3333333333334,64.85573734579431,-0.5763688760806982,-0.051396121141309134,3470.0,0.0,0.0,0.0,0.07295945104040177
2026-06-01,TD BANK US HOLDING COMPANY,581,0,0.0,592.0,50.27922035990602,-1.8581081081081081,-0.21877825314832627,3552.0,0.0,0.0,0.0,0.07372076705125813
2025-06-01,"TRANSUNION INTERMEDIATE HOLDINGS, INC.",116178,0,0.0,,,,,,,0.0,0.0,14.74136191821182
2025-07-01,"TRANSUNION INTERMEDIATE HOLDINGS, INC.",132799,0,0.0,,,,,,,0.0,0.0,16.850334154285765
2025-08-01,"TRANSUNION INTERMEDIATE HOLDINGS, INC.",155151,0,0.0,,,,,,,0.0,0.0,19.68649006672935
2025-09-01,"TRANSUNION INTERMEDIATE HOLDINGS, INC.",156795,0,0.0,134709.33333333334,19556.602780987632,16.39505305249821,1.1293202052525046,404128.0,0.0,0.0,0.0,19.895090653703992
2025-10-01,"TRANSUNION INTERMEDIATE HOLDINGS, INC.",159089,0,0.0,140230.75,19414.375505022042,13.448013363688064,0.9713549629820343,560923.0,0.0,0.0,0.0,20.186167141854742
2025-11-01,"TRANSUNION INTERMEDIATE HOLDINGS, INC.",149451,0,0.0,144002.4,18809.97609780512,3.7836869385510283,0.2896654398532589,720012.0,0.0,0.0,0.0,18.9632398564158
2025-12-01,"TRANSUNION INTERMEDIATE HOLDINGS, INC.",151138,0,0.0,144910.5,16970.56375905055,4.297480168793841,0.36695893480137454,869463.0,0.0,0.0,0.0,19.17729654146825
2026-01-01,"TRANSUNION INTERMEDIATE HOLDINGS, INC.",163742,0,0.0,150737.16666666666,9481.82582452697,8.627489570698673,1.3715537043185593,904423.0,0.0,0.0,0.0,20.776567708273856
2026-02-01,"TRANSUNION INTERMEDIATE HOLDINGS, INC.",161032,0,0.0,155894.33333333334,5240.129069657225,3.295608350100382,0.9804465879316079,935366.0,0.0,0.0,0.0,20.432706643370395
2026-03-01,"TRANSUNION INTERMEDIATE HOLDINGS, INC.",196212,0,0.0,156874.5,5610.231323216548,25.07577713395103,7.011742962756551,941247.0,0.0,0.0,0.0,24.896556187024892
2026-04-01,"TRANSUNION INTERMEDIATE HOLDINGS, INC.",206039,0,0.0,163444.0,17005.035030837207,26.06091382981327,2.504846354197891,980664.0,0.0,0.0,0.0,26.14346492680581
2026-05-01,"TRANSUNION INTERMEDIATE HOLDINGS, INC.",222588,0,0.0,171269.0,23974.320978914107,29.96397479987622,2.1405820020986654,1027614.0,0.0,0.0,0.0,28.243301370749478
2026-06-01,"TRANSUNION INTERMEDIATE HOLDINGS, INC.",250013,0,0.0,183458.5,28774.820616295798,36.27768677929886,2.3129423077031714,1100751.0,0.0,0.0,0.0,31.723149970372116
2025-06-01,TRANSWORLD SYSTEMS INC,425,0,0.0,,,,,,,0.0,0.0,0.053926550768992616
2025-07-01,TRANSWORLD SYSTEMS INC,453,0,0.0,,,,,,,0.0,0.0,0.05747935881965566
2025-08-01,TRANSWORLD SYSTEMS INC,403,0,0.0,,,,,,,0.0,0.0,0.05113505872918594
2025-09-01,TRANSWORLD SYSTEMS INC,452,1,0.22123893805309736,427.0,25.059928172283335,5.85480093676815,0.9976086055845277,1281.0,0.0,0.0,0.22123893805309736,0.05735247281784626
2025-10-01,TRANSWORLD SYSTEMS INC,473,0,0.0,433.25,23.97741993348464,9.174841315637623,1.657809727246293,1733.0,1.0,0.05770340450086555,-0.05770340450086555,0.06001707885584355
2025-11-01,TRANSWORLD SYSTEMS INC,388,1,0.25773195876288657,441.2,27.33495930123182,-12.058023572076154,-1.9462256890063336,2206.0,1.0,0.04533091568449683,0.21240104307838975,0.04923176870204502
2025-12-01,TRANSWORLD SYSTEMS INC,461,0,0.0,432.3333333333333,32.70270121361027,6.630686198920591,0.8765840619531496,2594.0,2.0,0.07710100231303006,-0.07710100231303006,0.05849444683413081
2026-01-01,TRANSWORLD SYSTEMS INC,497,0,0.0,438.3333333333333,34.349187278109895,13.384030418250955,1.7079491922667374,2630.0,2.0,0.07604562737642585,-0.07604562737642585,0.06306234289926901
2026-02-01,TRANSWORLD SYSTEMS INC,429,0,0.0,445.6666666666667,41.960298696108765,-3.739715781600603,-0.3972008585394624,2674.0,2.0,0.07479431563201197,-0.07479431563201197,0.054434094776230194
2026-03-01,TRANSWORLD SYSTEMS INC,498,0,0.0,450.0,37.8100515736226,10.666666666666668,1.2695036902167625,2700.0,2.0,0.07407407407407407,-0.07407407407407407,0.0631892289010784
2026-04-01,TRANSWORLD SYSTEMS INC,467,1,0.21413276231263384,457.6666666666667,42.65051777724005,2.039329934450105,0.21883282594787018,2746.0,1.0,0.03641660597232338,0.17771615634031046,0.059255762844987174
2026-05-01,TRANSWORLD SYSTEMS INC,426,0,0.0,456.6666666666667,42.2879021313031,-6.715328467153288,-0.7251877043095515,2740.0,2.0,0.072992700729927,-0.072992700729927,0.054053436770802016
2026-06-01,TRANSWORLD SYSTEMS INC,446,1,0.2242152466367713,463.0,31.38789575616696,-3.6717062634989204,-0.541610056693906,2778.0,1.0,0.03599712023038157,0.18821812640638974,0.056591156806989895
2025-06-01,TRUIST FINANCIAL CORPORATION,389,0,0.0,,,,,,,0.0,0.0,0.04935865470385442
2025-07-01,TRUIST FINANCIAL CORPORATION,466,0,0.0,,,,,,,0.0,0.0,0.05912887684317779
2025-08-01,TRUIST FINANCIAL CORPORATION,434,0,0.0,,,,,,,0.0,0.0,0.055068524785277156
2025-09-01,TRUIST FINANCIAL CORPORATION,409,0,0.0,429.6666666666667,38.68246803570492,-4.809930178432898,-0.5342644282053259,1289.0,0.0,0.0,0.0,0.0518963747400423
2025-10-01,TRUIST FINANCIAL CORPORATION,429,1,0.2331002331002331,424.5,33.231511150312336,1.0600706713780919,0.13541364338340375,1698.0,0.0,0.0,0.2331002331002331,0.054434094776230194
2025-11-01,TRUIST FINANCIAL CORPORATION,414,0,0.0,425.4,28.849610049357686,-2.67983074753173,-0.3951526547671236,2127.0,1.0,0.04701457451810061,-0.04701457451810061,0.05253080474908928
2025-12-01,TRUIST FINANCIAL CORPORATION,570,0,0.0,423.5,26.22022120425379,34.5926800472255,5.587290772979171,2541.0,1.0,0.03935458480913026,-0.03935458480913026,0.0723250210313548
2026-01-01,TRUIST FINANCIAL CORPORATION,538,0,0.0,453.6666666666667,60.414126383377166,18.589272593681113,1.3959207619451313,2722.0,1.0,0.03673769287288758,-0.03673769287288758,0.06826466897345418
2026-02-01,TRUIST FINANCIAL CORPORATION,482,1,0.2074688796680498,465.6666666666667,69.7786978000211,3.5075161059412987,0.23407334685641518,2794.0,1.0,0.03579098067287043,0.17167789899517938,0.06115905287212809
2026-03-01,TRUIST FINANCIAL CORPORATION,519,0,0.0,473.6666666666667,68.15472593053742,9.570724841660798,0.6651531895166972,2842.0,2.0,0.07037297677691766,-0.07037297677691766,0.06585383493907568
2026-04-01,TRUIST FINANCIAL CORPORATION,491,1,0.20366598778004072,492.0,61.777018380624405,-0.20325203252032523,-0.016187249339855443,2952.0,2.0,0.06775067750677506,0.13591531027326564,0.062301026888412644
2026-05-01,TRUIST FINANCIAL CORPORATION,485,0,0.0,502.3333333333333,53.80210652629386,-3.450564034505637,-0.3221683025526568,3014.0,2.0,0.06635700066357,-0.06635700066357,0.061539710877556275
2026-06-01,TRUIST FINANCIAL CORPORATION,553,0,0.0,514.1666666666666,35.01666270030128,7.552674230145875,1.108995841942392,3085.0,2.0,0.06482982171799027,-0.06482982171799027,0.0701679590005951
2025-06-01,U.S. BANCORP,440,0,0.0,,,,,,,0.0,0.0,0.05582984079613353
2025-07-01,U.S. BANCORP,518,0,0.0,,,,,,,0.0,0.0,0.06572694893726629
2025-08-01,U.S. BANCORP,448,0,0.0,,,,,,,0.0,0.0,0.05684492881060869
2025-09-01,U.S. BANCORP,465,0,0.0,468.6666666666667,42.91076011134426,-0.7823613086771021,-0.08544865337161282,1406.0,0.0,0.0,0.0,0.05900199084136839
2025-10-01,U.S. BANCORP,519,0,0.0,467.75,35.08442199419376,10.956707642971674,1.460762272454753,1871.0,0.0,0.0,0.0,0.06585383493907568
2025-11-01,U.S. BANCORP,529,0,0.0,478.0,38.05916446797013,10.669456066945607,1.3400189077435116,2390.0,0.0,0.0,0.0,0.06712269495716963
2025-12-01,U.S. BANCORP,610,0,0.0,486.5,39.90363391973217,25.38540596094553,3.0949562199880196,2919.0,0.0,0.0,0.0,0.07740046110373057
2026-01-01,U.S. BANCORP,645,0,0.0,514.8333333333334,56.982160951184234,25.2832631919715,2.284340651422091,3089.0,0.0,0.0,0.0,0.08184147116705938
2026-02-01,U.S. BANCORP,578,0,0.0,536.0,78.07688518377253,7.835820895522389,0.537931295557488,3216.0,0.0,0.0,0.0,0.07334010904582995
2026-03-01,U.S. BANCORP,670,0,0.0,557.6666666666666,65.85337247754791,20.143454871488352,1.7058098789341787,3346.0,0.0,0.0,0.0,0.08501362121229424
2026-04-01,U.S. BANCORP,593,0,0.0,591.8333333333334,61.17325123505093,0.19712756969867004,0.019071516440802714,3551.0,0.0,0.0,0.0,0.07524339907297087
2026-05-01,U.S. BANCORP,607,0,0.0,604.1666666666666,49.989665598668076,0.4689655172413856,0.05667838140947401,3625.0,0.0,0.0,0.0,0.07701980309830239
2026-06-01,U.S. BANCORP,670,0,0.0,617.1666666666666,34.17260111063623,8.560626519038623,1.5460729243958249,3703.0,0.0,0.0,0.0,0.08501362121229424
2025-06-01,WELLS FARGO & COMPANY,1476,0,0.0,,,,,,,0.0,0.0,0.1872837386706661
2025-07-01,WELLS FARGO & COMPANY,1701,0,0.0,,,,,,,0.0,0.0,0.21583308907777987
2025-08-01,WELLS FARGO & COMPANY,1629,0,0.0,,,,,,,0.0,0.0,0.20669729694750344
2025-09-01,WELLS FARGO & COMPANY,1702,0,0.0,1602.0,114.90430801323335,6.242197253433209,0.8702893888755081,4806.0,0.0,0.0,0.0,0.21595997507958925
2025-10-01,WELLS FARGO & COMPANY,1753,0,0.0,1627.0,106.310864919819,7.744314689612784,1.1852034135460265,6508.0,0.0,0.0,0.0,0.22243116117186837
2025-11-01,WELLS FARGO & COMPANY,1675,0,0.0,1652.2,107.94304053527489,1.3799782108703518,0.21122251038082537,8261.0,0.0,0.0,0.0,0.2125340530307356
2025-12-01,WELLS FARGO & COMPANY,2117,0,0.0,1656.0,96.99484522385711,27.83816425120773,4.752829894578884,9936.0,0.0,0.0,0.0,0.2686176658304879
2026-01-01,WELLS FARGO & COMPANY,2252,0,0.0,1762.8333333333333,178.14647531362127,27.74888909898838,2.745867779901366,10577.0,0.0,0.0,0.0,0.28574727607475614
2026-02-01,WELLS FARGO & COMPANY,1832,0,0.0,1854.6666666666667,262.1226176175316,-1.2221423436376748,-0.08647352476748166,11128.0,0.0,0.0,0.0,0.23245515531481054
2026-03-01,WELLS FARGO & COMPANY,2293,2,0.08722197993894462,1888.5,239.27452852320081,21.419115700291236,1.6905267873541265,11331.0,0.0,0.0,0.08722197993894462,0.29094960214894133
2026-04-01,WELLS FARGO & COMPANY,2218,0,0.0,1987.0,267.1651174835519,11.625566180171113,0.8646338345956469,11922.0,2.0,0.016775708773695688,-0.016775708773695688,0.28143315201323676
2026-05-01,WELLS FARGO & COMPANY,2034,0,0.0,2064.5,252.76609741023447,-1.4773552918382176,-0.12066491634951776,12387.0,2.0,0.01614595947364172,-0.01614595947364172,0.2580861276803082
2026-06-01,WELLS FARGO & COMPANY,1912,1,0.05230125523012552,2124.3333333333335,171.5769992355234,-9.995292640828502,-1.2375396135810952,12746.0,2.0,0.01569119723834929,0.03661005799177623,0.24260603545956205
2025-06-01,"Westlake Services, LLC",257,0,0.0,,,,,,,0.0,0.0,0.03260970246501436
2025-07-01,"Westlake Services, LLC",313,1,0.3194888178913738,,,,,,,0.0,0.3194888178913738,0.039715318566340446
2025-08-01,"Westlake Services, LLC",242,0,0.0,,,,,,,0.0,0.0,0.03070641243787344
2025-09-01,"Westlake Services, LLC",265,0,0.0,270.6666666666667,37.42102795666273,-2.0935960591133074,-0.15143001077440332,812.0,1.0,0.12315270935960591,-0.12315270935960591,0.03362479047948951
2025-10-01,"Westlake Services, LLC",333,0,0.0,269.25,30.68522988887868,23.676880222841227,2.0775467621021493,1077.0,1.0,0.09285051067780872,-0.09285051067780872,0.04225303860252833
2025-11-01,"Westlake Services, LLC",303,0,0.0,282.0,38.97435053981015,7.446808510638298,0.5388159060803247,1410.0,1.0,0.07092198581560284,-0.07092198581560284,0.0384464585482465
2025-12-01,"Westlake Services, LLC",375,0,0.0,285.5,35.89846793388264,31.34851138353765,2.4931426088946194,1713.0,1.0,0.05837711617046118,-0.05837711617046118,0.0475822506785229
2026-01-01,"Westlake Services, LLC",434,0,0.0,305.1666666666667,47.58326036188218,42.217367558711075,2.707534800127707,1831.0,1.0,0.05461496450027307,-0.05461496450027307,0.055068524785277156
2026-02-01,"Westlake Services, LLC",431,0,0.0,325.3333333333333,71.29843383039118,32.47950819672132,1.4820334892352987,1952.0,0.0,0.0,0.0,0.05468786677984898
2026-03-01,"Westlake Services, LLC",476,0,0.0,356.8333333333333,68.82562507283656,33.39560952825783,1.7314287598631377,2141.0,0.0,0.0,0.0,0.06039773686127173
2026-04-01,"Westlake Services, LLC",494,0,0.0,392.0,66.38072009250881,26.02040816326531,1.5365907428821475,2352.0,0.0,0.0,0.0,0.06268168489384082
2026-05-01,"Westlake Services, LLC",366,0,0.0,418.8333333333333,70.1923547593801,-12.614405093513724,-0.7526935592123439,2513.0,0.0,0.0,0.0,0.04644027666223834
2026-06-01,"Westlake Services, LLC",348,0,0.0,429.3333333333333,51.666881719982555,-18.944099378881983,-1.5741869961135477,2576.0,0.0,0.0,0.0,0.04415632862966925
